root_bw,root_bw_arabic,word_occurrences,ayah_count,surah_count
Alh,اله,2851,1879,86
qwl,قول,1722,1383,84
kwn,كون,1390,1176,86
rbb,ربب,980,871,94
Amn,امن,879,723,77
Elm,علم,854,728,85
qwm,قوم,660,597,79
Aty,اتي,549,486,72
kfr,كفر,525,465,77
byn,بين,523,454,71
$yA,شيا,519,449,73
rsl,رسل,513,429,69
ArD,ارض,461,440,80
ywm,يوم,405,377,75
Ayy,ايي,382,353,59
smw,سمو,381,352,81
kll,كلل,377,355,74
E*b,عذب,373,336,68
Eml,عمل,360,313,68
jEl,جعل,346,311,66
rHm,رحم,339,313,62
rAy,راي,328,297,72
ktb,كتب,319,279,61
hdy,هدي,316,268,62
Zlm,ظلم,315,290,59
nfs,نفس,298,270,63
qbl,قبل,294,282,64
nzl,نزل,293,257,60
*kr,ذكر,292,264,71
Hqq,حقق,287,263,59
k*b,كذب,282,257,68
jyA,جيا,278,262,62
Ebd,عبد,275,251,57
Ax*,اخذ,273,244,55
xlq,خلق,261,218,75
wqy,وقي,258,237,63
Axr,اخر,250,242,64
Amr,امر,248,226,61
nws,نوس,241,225,53
bEd,بعد,235,223,57
gfr,غفر,234,202,56
wly,ولي,232,202,55
dEw,دعو,212,182,55
Hkm,حكم,210,189,57
mlk,ملك,206,191,63
End,عند,201,189,62
jnn,جنن,201,196,70
xyr,خير,196,178,55
Hsn,حسن,194,177,50
nwr,نور,194,174,62
Dll,ضلل,191,170,56
smE,سمع,185,163,57
Hyy,حيي,184,161,50
bny,بني,184,150,53
xrj,خرج,182,157,56
SlH,صلح,180,170,54
sbl,سبل,176,164,47
tbE,تبع,172,156,51
Awl,اول,170,158,54
qtl,قتل,170,122,33
mvl,مثل,169,148,50
$rk,شرك,168,143,44
qlb,قلب,168,155,48
kvr,كثر,167,162,51
swA,سوا,167,151,45
mwt,موت,165,143,53
kbr,كبر,161,153,57
$hd,شهد,160,123,48
nbA,نبا,160,151,47
bED,بعض,158,87,38
nSr,نصر,158,137,46
Sdq,صدق,155,144,49
gyr,غير,154,146,46
wEd,وعد,151,130,51
bSr,بصر,148,139,62
rwd,رود,148,120,47
lqy,لقي,146,135,53
dwn,دون,144,142,46
nEm,نعم,140,128,61
slm,سلم,140,127,48
dnw,دنو,133,128,46
qdr,قدر,132,121,58
n*r,نذر,130,115,50
TwE,طوع,129,118,40
jmE,جمع,129,123,45
nZr,نظر,129,115,48
sAl,سال,129,118,47
EZm,عظم,128,127,50
Ahl,اهل,127,120,40
xlf,خلف,127,116,40
dxl,دخل,126,111,45
xwf,خوف,124,112,42
b$r,بشر,123,119,47
rzq,رزق,123,109,44
ydy,يدي,120,110,47
Amm,امم,119,108,42
Ezz,عزز,119,116,47
jzy,جزي,118,109,47
Abw,ابو,117,104,37
nhr,نهر,113,102,51
nfq,نفق,111,86,31
Akl,اكل,109,101,40
Hsb,حسب,109,102,40
Ajr,اجر,108,99,39
fEl,فعل,108,102,44
wjd,وجد,107,99,32
Edw,عدو,106,92,34
fDl,فضل,104,92,32
rjE,رجع,104,103,42
Sbr,صبر,103,93,45
$dd,شدد,102,99,48
A*n,اذن,102,90,38
wld,ولد,102,80,39
dyn,دين,101,87,40
Slw,صلو,99,90,37
Ans,انس,97,93,52
SHb,صحب,97,89,47
Axw,اخو,96,80,31
bgy,بغي,96,90,41
qrb,قرب,96,91,41
Hbb,حبب,95,85,35
lyl,ليل,92,81,49
sbH,سبح,92,87,49
sjd,سجد,92,81,32
lys,ليس,89,85,33
$Tn,شطن,88,78,36
qrA,قرا,88,79,42
twb,توب,87,69,25
xld,خلد,87,86,40
mwl,مول,86,80,38
AHd,احد,85,82,33
njw,نجو,84,75,31
Hrm,حرم,83,71,25
kyf,كيف,83,83,37
swy,سوي,83,80,48
zwj,زوج,81,72,43
Eqb,عقب,80,74,32
ErD,عرض,79,72,35
wHy,وحي,78,70,33
wjh,وجه,78,71,38
Swb,صوب,77,56,27
blg,بلغ,77,73,36
qll,قلل,76,74,33
$kr,شكر,75,69,35
Alm,الم,75,73,42
klm,كلم,75,71,32
Drr,ضرر,74,70,31
bAs,باس,73,70,33
byt,بيت,73,54,29
gny,غني,73,72,44
rDw,رضو,73,64,32
rjl,رجل,73,66,32
frq,فرق,72,66,30
ymn,يمن,71,63,34
Elw,علو,70,68,41
Erf,عرف,70,62,26
mtE,متع,70,65,38
wkl,وكل,70,61,29
Znn,ظنن,69,57,32
skn,سكن,69,66,40
hlk,هلك,68,63,40
wHd,وحد,68,67,35
bEv,بعث,67,64,33
ksb,كسب,67,60,27
jrm,جرم,66,65,36
wfy,وفي,66,64,27
Eyn,عين,65,63,37
xsr,خسر,65,60,35
Hml,حمل,64,50,29
jry,جري,64,64,43
*wq,ذوق,63,61,32
Ewd,عود,63,58,39
Hmd,حمد,63,61,40
mwh,موه,63,60,41
qDy,قضي,63,59,29
sHr,سحر,63,59,27
tlw,تلو,63,61,33
mss,مسس,61,57,29
zyd,زيد,61,59,32
fry,فري,60,54,24
ftn,فتن,60,58,32
gyb,غيب,60,59,35
Zhr,ظهر,59,57,30
nsw,نسو,59,53,16
rdd,ردد,59,57,30
zkw,زكو,59,56,29
Drb,ضرب,58,54,28
Edd,عدد,57,50,26
qry,قري,57,54,26
rwH,روح,57,52,40
*hb,ذهب,56,56,30
Ajl,اجل,56,48,29
nhy,نهي,56,54,26
dwr,دور,55,53,27
fsq,فسق,54,54,23
ndw,ندو,53,50,26
DEf,ضعف,52,45,21
xbr,خبر,52,52,31
Hll,حلل,51,43,21
tHt,تحت,51,50,30
Tyb,طيب,50,46,23
fsd,فسد,50,47,23
nfE,نفع,50,49,31
Eql,عقل,49,49,30
swE,سوع,49,44,27
Avm,اثم,48,42,21
TEm,طعم,48,41,26
qdm,قدم,48,48,37
x$y,خشي,48,40,24
Ejl,عجل,47,44,25
krm,كرم,47,46,29
Ehd,عهد,46,36,17
Sdr,صدر,46,43,31
zyn,زين,46,43,28
SbH,صبح,45,43,25
SrT,صرط,45,45,25
nsy,نسي,45,37,20
w*r,وذر,45,43,29
HfZ,حفظ,44,42,23
bdl,بدل,44,40,25
dbr,دبر,44,44,31
srr,سرر,44,43,33
ysr,يسر,44,40,27
H$r,حشر,43,43,28
fSl,فصل,43,42,24
fwq,فوق,43,41,27
jwb,جوب,43,41,23
mkr,مكر,43,23,14
trk,ترك,43,37,20
Hzn,حزن,42,42,25
Sdd,صدد,42,41,23
bHr,بحر,42,40,25
qwy,قوي,42,39,25
sxr,سخر,42,35,21
Twf,طوف,41,35,22
jbl,جبل,41,39,33
jhd,جهد,41,36,19
krh,كره,41,35,21
lEn,لعن,41,36,18
$Er,شعر,40,40,23
flH,فلح,40,40,24
mlA,ملا,40,40,18
$rb,شرب,39,34,22
*nb,ذنب,39,37,26
Tgy,طغي,39,39,27
slT,سلط,39,39,27
*rr,ذرر,38,36,21
blw,بلو,38,35,25
ftH,فتح,38,33,25
hwy,هوي,38,37,22
mrA,مرا,38,37,22
qrr,قرر,38,37,22
Alw,الو,37,37,6
nkr,نكر,37,37,26
sbq,سبق,37,35,24
Any,اني,36,36,25
Awy,اوي,36,36,23
Hdv,حدث,36,36,28
bTl,بطل,36,34,24
qTE,قطع,36,36,23
qrn,قرن,36,34,20
ryb,ريب,36,35,26
Efw,عفو,35,31,11
Hyn,حين,35,33,23
gfl,غفل,35,35,21
kyd,كيد,35,29,16
mrr,مرر,35,32,22
wrv,ورث,35,34,20
hzA,هزا,34,32,21
jnH,جنح,34,32,14
wvq,وثق,34,29,13
xfy,خفي,34,31,21
$ms,شمس,33,32,28
Emy,عمي,33,30,22
Er$,عرش,33,32,25
Hjj,حجج,33,26,10
Zll,ظلل,33,31,20
jnb,جنب,33,31,21
kfy,كفي,33,32,15
qsm,قسم,33,31,24
ESy,عصي,32,32,23
brk,برك,32,32,22
brr,برر,32,30,18
mdd,مدد,32,29,24
nSb,نصب,32,29,19
vlv,ثلث,32,28,20
wSy,وصي,32,21,13
wry,وري,32,31,25
wsE,وسع,32,29,15
$fE,شفع,31,26,19
$rr,شرر,31,30,22
Hyv,حيث,31,29,14
Thr,طهر,31,26,18
bdw,بدو,31,29,16
brA,برا,31,28,20
glb,غلب,31,28,18
hjr,هجر,31,27,17
lbv,لبث,31,27,17
qEd,قعد,31,26,15
xlS,خلص,31,30,17
Afk,افك,30,29,21
Anv,انث,30,26,17
Esy,عسي,30,28,16
Srf,صرف,30,29,17
qSS,قصص,30,25,14
sEy,سعي,30,28,20
Syr,صير,29,29,22
Tyr,طير,29,24,19
dry,دري,29,28,21
fwz,فوز,29,27,21
g$w,غشو,29,26,23
jdl,جدل,29,27,16
jnd,جند,29,27,18
rfE,رفع,29,29,21
vny,ثني,29,24,18
wdd,ودد,29,28,18
$qq,شقق,28,25,21
Abd,ابد,28,28,15
Edl,عدل,28,24,11
HwT,حوط,28,27,18
n$A,نشا,28,25,14
rjw,رجو,28,27,21
sbE,سبع,28,24,16
vql,ثقل,28,26,19
vwb,ثوب,28,23,15
xlw,خلو,28,28,18
yqn,يقن,28,28,19
$jr,شجر,27,26,19
E$r,عشر,27,26,19
Ejb,عجب,27,24,17
bwb,بوب,27,24,17
grr,غرر,27,21,14
mnn,منن,27,25,20
msk,مسك,27,24,17
qmr,قمر,27,26,23
syr,سير,27,25,21
wzr,وزر,27,14,11
Ejz,عجز,26,25,21
hwn,هون,26,26,19
jHm,جحم,26,26,18
nbt,نبت,26,23,21
wDE,وضع,26,24,18
xzy,خزي,26,24,15
$ry,شري,25,23,8
HDr,حضر,25,25,16
Hdd,حدد,25,20,12
Hwl,حول,25,25,19
Sly,صلي,25,25,21
bTn,بطن,25,25,18
bsT,بسط,25,23,15
flk,فلك,25,25,20
lsn,لسن,25,24,18
qsT,قسط,25,22,15
sqy,سقي,25,24,19
wEZ,وعظ,25,24,14
whb,وهب,25,22,12
*ll,ذلل,24,23,17
A*y,اذي,24,22,10
Emr,عمر,24,19,14
fH$,فحش,24,23,15
fjr,فجر,24,21,16
gDb,غضب,24,21,15
jhl,جهل,24,24,17
kwd,كود,24,24,19
mrD,مرض,24,23,13
rqb,رقب,24,20,14
vmr,ثمر,24,22,12
wqE,وقع,24,22,16
Tlq,طلق,23,21,10
grq,غرق,23,23,18
lbs,لبس,23,20,13
m$y,مشي,23,20,14
nkH,نكح,23,19,6
srE,سرع,23,23,14
srf,سرف,23,21,17
wzn,وزن,23,21,14
ytm,يتم,23,22,12
Alf,الف,22,19,12
Erb,عرب,22,22,15
frH,فرح,22,21,13
gwy,غوي,22,18,11
rbE,ربع,22,21,11
tmm,تمم,22,20,12
trb,ترب,22,22,18
xTA,خطا,22,20,13
$hr,شهر,21,17,9
Avr,اثر,21,21,16
H*r,حذر,21,19,12
Hjr,حجر,21,18,14
Hlm,حلم,21,20,16
Hmm,حمم,21,20,15
bqy,بقي,21,21,16
fty,فتي,21,19,7
hwd,هود,21,21,10
ktm,كتم,21,20,7
mny,مني,21,18,10
n$r,نشر,21,20,18
snn,سنن,21,15,11
Hzb,حزب,20,17,13
SnE,صنع,20,19,14
drj,درج,20,20,16
fTr,فطر,20,19,17
fqh,فقه,20,20,12
k$f,كشف,20,20,14
lEb,لعب,20,20,13
mry,مري,20,19,16
nfx,نفخ,20,18,17
nxl,نخل,20,20,16
nzE,نزع,20,20,16
rbw,ربو,20,15,12
snw,سنو,20,20,17
Swr,صور,19,17,17
TlE,طلع,19,18,13
bld,بلد,19,19,15
fkh,فكه,19,19,12
grb,غرب,19,17,13
r$d,رشد,19,19,9
sEr,سعر,19,19,15
vmn,ثمن,19,19,13
HSn,حصن,18,12,7
dbb,دبب,18,18,14
fkr,فكر,18,18,13
frD,فرض,18,14,7
ldn,لدن,18,17,10
mkn,مكن,18,16,12
mll,ملل,18,16,11
nfr,نفر,18,16,10
nwb,نوب,18,18,11
rAs,راس,18,17,15
vbt,ثبت,18,17,11
xSm,خصم,18,17,12
$rq,شرق,17,17,13
Awb,اوب,17,17,8
Ew*,عوذ,17,17,14
Sfw,صفو,17,16,12
bwA,بوا,17,16,12
mdn,مدن,17,17,11
mnE,منع,17,17,16
nqm,نقم,17,16,12
rbS,ربص,17,12,7
swq,سوق,17,16,13
swr,سور,17,16,13
x$E,خشع,17,16,16
xff,خفف,17,17,13
zEm,زعم,17,16,10
Eln,علن,16,16,12
Etd,عتد,16,16,10
HbT,حبط,16,16,12
fAd,فاد,16,15,13
gdw,غدو,16,16,13
gll,غلل,16,13,12
jhr,جهر,16,15,13
kyl,كيل,16,13,7
lbb,لبب,16,16,10
lhw,لهو,16,15,13
mhd,مهد,16,15,13
sTr,سطر,16,16,14
xbv,خبث,16,10,9
xwn,خون,16,11,8
$kk,شكك,15,15,11
Hrj,حرج,15,11,9
Hrr,حرر,15,11,10
Smm,صمم,15,14,13
bdA,بدا,15,14,11
byE,بيع,15,11,8
kff,كفف,15,14,9
mTr,مطر,15,9,9
rkb,ركب,15,15,13
swm,سوم,15,15,10
E$w,عشو,14,14,11
ETw,عطو,14,12,11
Hrv,حرث,14,11,7
Sff,صفف,14,12,11
Swm,صوم,14,11,6
fqr,فقر,14,14,11
lwm,لوم,14,12,10
rjm,رجم,14,14,12
rsw,رسو,14,14,13
vwy,ثوي,14,14,10
wSf,وصف,14,14,7
wlj,ولج,14,9,8
zrE,زرع,14,12,12
$hw,شهو,13,13,13
Aby,ابي,13,12,8
Dyq,ضيق,13,12,10
ESm,عصم,13,12,10
Hlf,حلف,13,12,5
Hwr,حور,13,12,10
Sgr,صغر,13,13,11
SyH,صيح,13,13,9
Tmn,طمن,13,12,11
bgt,بغت,13,13,10
fdy,فدي,13,13,10
fwh,فوه,13,13,10
glZ,غلظ,13,13,10
glm,غلم,13,13,8
jld,جلد,13,9,6
jwr,جور,13,10,10
nSH,نصح,13,11,6
njm,نجم,13,13,12
qnt,قنت,13,12,8
qrD,قرض,13,7,6
rAf,راف,13,13,8
rkE,ركع,13,10,8
wqt,وقت,13,13,10
xll,خلل,13,13,11
xzn,خزن,13,13,11
yAs,ياس,13,11,9
$bh,شبه,12,9,6
$ml,شمل,12,11,9
$qw,شقو,12,12,7
$yE,شيع,12,11,9
E*r,عذر,12,11,8
ESw,عصو,12,12,6
Esr,عسر,12,12,9
Hnf,حنف,12,12,9
Hsr,حسر,12,12,12
TmE,طمع,12,12,10
Tyn,طين,12,12,11
bkr,بكر,12,12,11
bxl,بخل,12,7,6
byD,بيض,12,12,10
drk,درك,12,11,9
jHd,جحد,12,12,10
jby,جبي,12,12,12
knn,كنن,12,12,11
lHm,لحم,12,12,10
nTf,نطف,12,12,11
nTq,نطق,12,11,9
nb*,نبذ,12,12,10
nyl,نيل,12,10,7
rhb,رهب,12,12,10
sfr,سفر,12,12,9
sjn,سجن,12,12,3
slk,سلك,12,12,11
wSl,وصل,12,10,7
wdy,ودي,12,11,11
xTb,خطب,12,12,11
xrr,خرر,12,12,10
xwD,خوض,12,9,7
$fq,شفق,11,11,9
Ayd,ايد,11,11,9
Enb,عنب,11,11,10
Ewn,عون,11,10,8
HSy,حصي,11,11,10
Hrb,حرب,11,11,9
SEq,صعق,11,10,8
TbE,طبع,11,11,9
Trf,طرف,11,11,11
Trq,طرق,11,11,6
Twr,طور,11,11,9
fAy,فاي,11,9,6
frr,فرر,11,10,9
gmm,غمم,11,10,8
gyZ,غيظ,11,10,8
jml,جمل,11,11,9
lgw,لغو,11,11,11
qSr,قصر,11,11,9
rDE,رضع,11,6,5
sHb,سحب,11,11,10
sbb,سبب,11,10,6
sfh,سفه,11,10,5
wkA,وكا,11,11,10
wqd,وقد,11,11,10
wrd,ورد,11,9,7
ymm,يمم,11,10,7
zbr,زبر,11,11,10
ASl,اصل,10,10,10
DHk,ضحك,10,10,8
DyE,ضيع,10,10,8
Etw,عتو,10,9,7
Ezl,عزل,10,10,8
Hyq,حيق,10,10,9
Twl,طول,10,10,10
bT$,بطش,10,8,8
dfE,دفع,10,9,8
dmr,دمر,10,8,8
dmw,دمو,10,10,7
jbr,جبر,10,10,9
jdd,جدد,10,10,8
kfl,كفل,10,10,8
mAy,ماي,10,7,5
mlw,ملو,10,9,8
nqS,نقص,10,10,9
qds,قدس,10,10,7
qhr,قهر,10,10,9
rEy,رعي,10,9,9
rhq,رهق,10,10,7
rjs,رجس,10,9,7
rjz,رجز,10,9,7
sfl,سفل,10,9,9
swd,سود,10,9,8
zlf,زلف,10,10,8
zyl,زيل,10,10,10
*bH,ذبح,9,9,6
Ebr,عبر,9,9,8
Ekf,عكف,9,9,7
Enq,عنق,9,9,8
Erj,عرج,9,9,8
Ewj,عوج,9,9,7
Ewm,عوم,9,7,5
Ezm,عزم,9,9,7
Hly,حلي,9,9,8
Hrq,حرق,9,9,8
SEd,صعد,9,9,8
SHf,صحف,9,9,8
bqr,بقر,9,9,3
brz,برز,9,9,8
bvv,بثث,9,9,9
dwm,دوم,9,9,6
fDD,فضض,9,9,6
frj,فرج,9,9,8
fyD,فيض,9,8,7
gnm,غنم,9,9,6
hmm,همم,9,8,6
knz,كنز,9,7,6
lwn,لون,9,7,5
nqD,نقض,9,9,7
nwm,نوم,9,9,9
q*f,قذف,9,8,6
qbD,قبض,9,7,6
rmy,رمي,9,7,5
sbt,سبت,9,7,6
srq,سرق,9,7,4
tjr,تجر,9,8,7
whn,وهن,9,8,7
wqr,وقر,9,9,8
xyl,خيل,9,9,9
zny,زني,9,5,4
zyg,زيغ,9,8,7
DrE,ضرع,8,8,4
Eqr,عقر,8,8,7
Ey$,عيش,8,8,8
Hjb,حجب,8,8,8
SfH,صفح,8,7,6
Slb,صلب,8,8,7
Swt,صوت,8,5,4
bht,بهت,8,8,6
brhn,برهن,8,8,7
dll,دلل,8,8,6
frT,فرط,8,8,6
gbr,غبر,8,8,7
hbT,هبط,8,8,4
klf,كلف,8,8,7
lTf,لطف,8,8,8
qbr,قبر,8,8,8
rgb,رغب,8,8,7
rjf,رجف,8,7,5
slf,سلف,8,8,7
sqT,سقط,8,8,8
sry,سري,8,8,8
stt,ستت,8,8,8
trf,ترف,8,8,7
wbl,وبل,8,7,6
xDr,خضر,8,8,7
xms,خمس,8,8,7
xsf,خسف,8,8,7
xtm,ختم,8,8,7
xwl,خول,8,6,5
Asw,اسو,7,7,5
DHw,ضحو,7,7,5
ESf,عصف,7,6,6
Elq,علق,7,6,6
Emd,عمد,7,7,7
Emh,عمه,7,7,7
Eqd,عقد,7,7,5
HZZ,حظظ,7,7,5
Hbl,حبل,7,6,5
bDE,بضع,7,6,2
bEl,بعل,7,5,5
bky,بكي,7,7,6
brj,برج,7,6,6
bxs,بخس,7,7,6
dkk,دكك,7,4,4
fyA,فيا,7,6,5
grf,غرف,7,5,5
mkv,مكث,7,7,7
mwj,موج,7,6,5
nSf,نصف,7,7,3
ndm,ندم,7,7,6
nkv,نكث,7,6,5
nsk,نسك,7,6,3
nwq,نوق,7,7,6
qsw,قسو,7,6,6
skr,سكر,7,6,5
srH,سرح,7,5,3
tsE,تسع,7,6,5
wEy,وعي,7,4,4
xTf,خطف,7,6,6
xmr,خمر,7,7,5
zyt,زيت,7,6,5
$fy,شفي,6,6,6
*rA,ذرا,6,6,6
Ady,ادي,6,5,4
Asr,اسر,6,6,4
DwA,ضوا,6,6,5
Dyf,ضيف,6,6,5
HSd,حصد,6,6,6
HSr,حصر,6,6,5
HTm,حطم,6,6,5
Hbr,حبر,6,6,4
Hmr,حمر,6,6,6
Hmy,حمي,6,5,5
Hrf,حرف,6,6,5
Hss,حسس,6,6,4
Srr,صرر,6,6,5
Syd,صيد,6,5,1
bkm,بكم,6,6,5
brq,برق,6,6,5
dAb,داب,6,6,5
drs,درس,6,6,5
fr$,فرش,6,6,6
frg,فرغ,6,6,6
fxr,فخر,6,6,5
fzE,فزع,6,6,4
grm,غرم,6,6,5
kAs,كاس,6,6,5
kZm,كظم,6,6,6
khf,كهف,6,6,1
klb,كلب,6,4,3
krr,كرر,6,6,6
lAlA,لالا,6,6,6
lHd,لحد,6,6,6
lHq,لحق,6,6,6
lwH,لوح,6,6,4
mhl,مهل,6,5,5
mqt,مقت,6,5,4
mrj,مرج,6,6,3
myl,ميل,6,3,1
ndd,ندد,6,6,5
nzg,نزغ,6,4,4
qSd,قصد,6,6,5
qmS,قمص,6,6,1
qnT,قنط,6,6,5
rSd,رصد,6,6,4
rdy,ردي,6,6,6
sdd,سدد,6,5,4
tbr,تبر,6,4,4
vqf,ثقف,6,6,6
wTA,وطا,6,5,4
xlT,خلط,6,6,6
zjr,زجر,6,5,3
zlzl,زلزل,6,4,4
zwr,زور,6,6,5
$HH,شحح,5,4,4
$Tr,شطر,5,3,1
$hb,شهب,5,5,4
$rE,شرع,5,5,4
$rH,شرح,5,5,5
$tt,شتت,5,5,5
*mm,ذمم,5,5,3
*rE,ذرع,5,4,4
Ark,ارك,5,5,4
Asf,اسف,5,5,5
ESb,عصب,5,5,4
ESr,عصر,5,5,4
Emm,عمم,5,3,3
Ent,عنت,5,5,5
Etb,عتب,5,4,4
Evw,عثو,5,5,5
HSb,حصب,5,5,5
HrS,حرص,5,5,5
Hsd,حسد,5,4,4
Hwt,حوت,5,5,4
HyS,حيص,5,5,5
Sbb,صبب,5,4,4
SdE,صدع,5,5,5
Sdf,صدف,5,3,2
Sfr,صفر,5,5,5
Snm,صنم,5,5,5
Srx,صرخ,5,4,4
Tms,طمس,5,5,5
Trd,طرد,5,4,3
Twy,طوي,5,4,4
bgD,بغض,5,5,3
bls,بلس,5,5,4
brd,برد,5,5,5
bwr,بور,5,5,4
dhn,دهن,5,4,4
drA,درا,5,5,5
frd,فرد,5,5,4
fwj,فوج,5,5,5
fwt,فوت,5,5,5
gwv,غوث,5,4,4
hll,هلل,5,5,4
hzz,هزز,5,5,5
jlw,جلو,5,5,4
jvm,جثم,5,5,3
jwE,جوع,5,5,5
jwz,جوز,5,5,5
kml,كمل,5,5,3
ksf,كسف,5,5,5
ksw,كسو,5,5,4
kwkb,كوكب,5,5,5
lms,لمس,5,5,5
lwy,لوي,5,5,3
lyn,لين,5,5,5
lzm,لزم,5,5,5
mDy,مضي,5,5,5
mSr,مصر,5,5,4
mrd,مرد,5,5,5
myd,ميد,5,5,4
n$z,نشز,5,4,3
nfd,نفد,5,4,4
nkl,نكل,5,5,5
nq*,نقذ,5,5,4
nsf,نسف,5,3,2
qSw,قصو,5,5,5
qTr,قطر,5,5,5
qdd,قدد,5,5,2
qfw,قفو,5,4,4
qrE,قرع,5,5,3
qrf,قرف,5,4,3
qtr,قتر,5,5,5
rEb,رعب,5,5,5
rbT,ربط,5,5,4
rfq,رفق,5,5,3
sbT,سبط,5,5,4
sds,سدس,5,4,3
snbl,سنبل,5,4,2
vbr,ثبر,5,4,3
vwr,ثور,5,5,4
wjl,وجل,5,5,4
wsT,وسط,5,5,4
wsws,وسوس,5,5,4
wzE,وزع,5,5,3
xTw,خطو,5,4,3
xdE,خدع,5,3,3
xnzr,خنزر,5,5,4
xrS,خرص,5,5,4
xwy,خوي,5,5,5
xyb,خيب,5,5,4
zhq,زهق,5,4,3
$An,شان,4,4,4
$wr,شور,4,4,4
$yx,شيخ,4,4,4
Afl,افل,4,3,1
Amd,امد,4,4,4
Eff,عفف,4,4,3
Ejm,عجم,4,3,3
Eqm,عقم,4,4,3
Ewr,عور,4,3,2
HmA,حما,4,4,2
HyD,حيض,4,2,2
SlSl,صلصل,4,4,2
SrH,صرح,4,3,3
Tbq,طبق,4,3,3
Tfl,طفل,4,4,3
Tlb,طلب,4,3,3
Twq,طوق,4,4,2
bdE,بدع,4,4,4
bwl,بول,4,4,3
dHD,دحض,4,4,4
dHr,دحر,4,4,3
dlw,دلو,4,3,3
drr,درر,4,4,4
dxr,دخر,4,4,4
f$l,فشل,4,4,2
flq,فلق,4,4,3
fwr,فور,4,4,4
gDD,غضض,4,4,3
gmr,غمر,4,4,3
gsl,غسل,4,4,4
gsq,غسق,4,4,4
gwr,غور,4,4,3
gyv,غيث,4,4,4
hAt,هات,4,4,4
hnA,هنا,4,4,4
hyA,هيا,4,4,3
jdr,جدر,4,4,3
jhz,جهز,4,2,1
jrH,جرح,4,4,3
jsd,جسد,4,4,4
kEb,كعب,4,4,2
krb,كرب,4,4,3
kwb,كوب,4,4,4
ljj,لجج,4,4,4
lmm,لمم,4,4,4
lmz,لمز,4,4,3
mhn,مهن,4,4,4
mjd,مجد,4,4,3
msH,مسح,4,3,3
myz,ميز,4,4,4
mzq,مزق,4,2,1
nEj,نعج,4,2,1
nHt,نحت,4,4,4
nSy,نصي,4,4,3
nfl,نفل,4,3,3
nml,نمل,4,2,2
nqr,نقر,4,3,2
nsl,نسل,4,4,4
nsx,نسخ,4,4,4
qld,قلد,4,4,3
qlm,قلم,4,4,4
qnTr,قنطر,4,3,2
r*l,رذل,4,4,4
rHb,رحب,4,4,2
rHl,رحل,4,4,2
rkn,ركن,4,4,3
rqy,رقي,4,3,3
rtl,رتل,4,2,2
sHt,سحت,4,4,2
sdr,سدر,4,4,3
sfH,سفح,4,4,3
sfn,سفن,4,3,2
sjl,سجل,4,4,4
slH,سلح,4,1,1
smm,سمم,4,4,4
smn,سمن,4,4,3
smr,سمر,4,4,2
sqf,سقف,4,4,4
srb,سرب,4,4,4
srj,سرج,4,4,4
swl,سول,4,4,3
sxT,سخط,4,4,4
syl,سيل,4,3,2
tbb,تبب,4,3,3
wdE,ودع,4,4,4
wfq,وفق,4,4,3
wqf,وقف,4,4,3
wrq,ورق,4,4,4
xSS,خصص,4,4,4
xfD,خفض,4,4,4
xrq,خرق,4,3,3
xsA,خسا,4,4,4
ybs,يبس,4,4,3
zll,زلل,4,4,3
zwl,زول,4,3,2
zxrf,زخرف,4,4,4
$Am,شام,3,2,2
$Hn,شحن,3,3,3
$TT,شطط,3,3,3
$kw,شكو,3,3,3
$nA,شنا,3,3,2
$yb,شيب,3,3,3
*Ab,ذاب,3,3,1
*qn,ذقن,3,3,2
*rw,ذرو,3,2,2
ASr,اصر,3,3,3
Abl,ابل,3,3,3
Aff,افف,3,3,3
Afq,افق,3,3,3
Ajj,اجج,3,3,3
Anf,انف,3,2,2
Ass,اسس,3,2,1
Azf,ازف,3,2,2
Dgv,ضغث,3,3,3
DjE,ضجع,3,3,3
Ebs,عبس,3,3,3
Erw,عرو,3,3,3
Ery,عري,3,3,3
Eyr,عير,3,3,1
Ezr,عزر,3,3,3
HDD,حضض,3,3,3
Hdq,حدق,3,3,3
Hfw,حفو,3,3,3
Hlq,حلق,3,3,3
HrD,حرض,3,3,3
Hwj,حوج,3,3,3
SbA,صبا,3,3,3
Sbg,صبغ,3,2,2
Sbw,صبو,3,3,2
SrSr,صرصر,3,3,3
Srm,صرم,3,3,1
Sxr,صخر,3,3,3
TfA,طفا,3,3,3
Tfq,طفق,3,3,3
ZmA,ظما,3,3,3
b*r,بذر,3,2,1
bhj,بهج,3,3,3
bhm,بهم,3,3,2
brH,برح,3,3,3
dEE,دعع,3,2,2
fjj,فجج,3,3,3
fqd,فقد,3,3,2
frt,فرت,3,3,3
fsH,فسح,3,1,1
ftl,فتل,3,3,2
ftr,فتر,3,3,3
fzz,فزز,3,3,1
hTE,هطع,3,3,3
hmz,همز,3,3,3
hzm,هزم,3,3,3
j*E,جذع,3,3,2
jAr,جار,3,3,2
jdv,جدث,3,3,3
jvw,جثو,3,3,2
jyb,جيب,3,3,3
jzA,جزا,3,3,3
kbt,كبت,3,2,2
kwr,كور,3,2,2
l**,لذذ,3,3,3
lff,لفف,3,3,3
lft,لفت,3,3,3
lfw,لفو,3,3,3
lhb,لهب,3,3,2
ljA,لجا,3,3,2
lqf,لقف,3,3,3
mDg,مضغ,3,2,2
mHw,محو,3,3,3
mrH,مرح,3,3,3
mtn,متن,3,3,3
mwr,مور,3,2,2
mzj,مزج,3,3,2
nAy,ناي,3,3,3
nDd,نضد,3,3,3
nDr,نضر,3,3,3
nHs,نحس,3,3,3
nf*,نفذ,3,1,1
nkf,نكف,3,2,1
nks,نكس,3,3,3
nqb,نقب,3,3,3
nsb,نسب,3,3,3
nvr,نثر,3,3,3
qbs,قبس,3,3,3
qrH,قرح,3,2,1
qrd,قرد,3,3,3
rdf,ردف,3,3,3
rgd,رغد,3,3,2
rhT,رهط,3,3,2
rhn,رهن,3,3,3
rkD,ركض,3,3,2
rkm,ركم,3,3,3
rmn,رمن,3,3,2
rqm,رقم,3,3,2
rwg,روغ,3,3,2
sAm,سام,3,3,2
sjr,سجر,3,3,3
sll,سلل,3,3,3
slsl,سلسل,3,3,3
slw,سلو,3,3,3
slx,سلخ,3,3,3
srbl,سربل,3,2,2
str,ستر,3,3,3
swg,سوغ,3,3,3
syH,سيح,3,3,2
vll,ثلل,3,3,1
wSd,وصد,3,3,3
wjs,وجس,3,3,3
wtd,وتد,3,3,3
wtr,وتر,3,3,3
wvn,وثن,3,3,2
x*l,خذل,3,3,3
xbt,خبت,3,3,2
xft,خفت,3,3,3
xyT,خيط,3,2,2
zbd,زبد,3,1,1
zfr,زفر,3,3,3
zjw,زجو,3,3,3
zqm,زقم,3,3,3
$Eb,شعب,2,2,2
$TA,شطا,2,2,2
$fw,شفو,2,2,2
$gl,شغل,2,2,2
$hq,شهق,2,2,2
$kl,شكل,2,2,2
$wy,شوي,2,2,2
$xS,شخص,2,2,2
$yd,شيد,2,2,2
*bb,ذبب,2,1,1
A$r,اشر,2,2,1
All,الل,2,2,1
Aml,امل,2,2,2
Amw,امو,2,2,2
Arb,ارب,2,2,2
Avv,اثث,2,2,2
Awh,اوه,2,2,2
Azr,ازر,2,2,2
Azz,ازز,2,1,1
Dgn,ضغن,2,2,1
Dmm,ضمم,2,2,2
EDD,عضض,2,2,2
EDd,عضد,2,2,2
EDl,عضل,2,2,2
ETl,عطل,2,2,2
Ebv,عبث,2,2,2
Ehn,عهن,2,2,2
Ejf,عجف,2,2,1
Enkb,عنكب,2,1,1
Err,عرر,2,2,2
Etl,عتل,2,2,2
Etq,عتق,2,2,1
Evr,عثر,2,2,2
Eyl,عيل,2,2,2
Eyy,عيي,2,2,2
Ezb,عزب,2,2,2
HTT,حطط,2,2,2
HTb,حطب,2,2,2
HZr,حظر,2,2,2
Hbs,حبس,2,2,2
Hff,حفف,2,2,2
Hfr,حفر,2,2,2
Hjz,حجز,2,2,2
Hnjr,حنجر,2,2,2
Hnv,حنث,2,2,2
Hqb,حقب,2,2,2
Hw$,حوش,2,2,1
Hw*,حوذ,2,2,2
Hwy,حوي,2,2,2
SbE,صبع,2,2,2
Sdy,صدي,2,2,2
Sfd,صفد,2,2,2
Sgw,صغو,2,2,2
Shr,صهر,2,2,2
Snw,صنو,2,1,1
TEn,طعن,2,2,2
Tmv,طمث,2,2,1
Trw,طرو,2,2,2
Zfr,ظفر,2,2,2
bEr,بعر,2,2,1
bEvr,بعثر,2,2,2
bTr,بطر,2,2,2
bdn,بدن,2,2,2
bnn,بنن,2,2,2
brS,برص,2,2,2
brm,برم,2,1,1
bsl,بسل,2,1,1
bsr,بسر,2,2,2
bss,بسس,2,1,1
btl,بتل,2,1,1
bxE,بخع,2,2,2
bzg,بزغ,2,2,1
dhr,دهر,2,2,2
dmE,دمع,2,2,2
dwl,دول,2,2,2
dxn,دخن,2,2,2
fkk,فكك,2,2,2
gTw,غطو,2,2,2
gdr,غدر,2,2,1
glf,غلف,2,2,2
glw,غلو,2,2,2
gly,غلي,2,2,1
grw,غرو,2,2,2
gvw,غثو,2,2,2
gwS,غوص,2,2,2
gwT,غوط,2,2,2
gyD,غيض,2,2,2
h$m,هشم,2,2,2
hDm,هضم,2,2,2
hbw,هبو,2,2,2
hmn,همن,2,2,2
hrE,هرع,2,2,2
hwr,هور,2,1,1
hyj,هيج,2,2,2
hym,هيم,2,2,2
j**,جذذ,2,2,2
jbb,جبب,2,2,1
jlb,جلب,2,2,2
jll,جلل,2,2,1
jnf,جنف,2,2,2
jny,جني,2,2,2
jrd,جرد,2,2,2
jrz,جرز,2,2,2
jsm,جسم,2,2,2
jzE,جزع,2,2,2
kbb,كبب,2,2,2
kdH,كدح,2,1,1
khl,كهل,2,2,2
khn,كهن,2,2,2
klw,كلو,2,2,2
kmh,كمه,2,2,2
kmm,كمم,2,2,2
krs,كرس,2,2,2
ksl,كسل,2,2,2
kyn,كين,2,2,2
lbd,لبد,2,2,2
lbn,لبن,2,2,2
ldd,لدد,2,2,2
lgb,لغب,2,2,2
lhv,لهث,2,1,1
lmH,لمح,2,2,2
lqT,لقط,2,2,2
mHS,محص,2,2,1
mHn,محن,2,2,2
mHq,محق,2,2,2
mlH,ملح,2,2,2
mlq,ملق,2,2,2
mxr,مخر,2,2,2
n$T,نشط,2,1,1
nEs,نعس,2,2,2
nHl,نحل,2,2,2
nSt,نصت,2,2,2
nbE,نبع,2,2,2
nf$,نفش,2,2,2
nkS,نكص,2,2,2
nkb,نكب,2,2,2
nsA,نسا,2,2,2
nzf,نزف,2,2,2
qHm,قحم,2,2,2
qTf,قطف,2,2,2
qdw,قدو,2,2,2
qly,قلي,2,2,2
qnE,قنع,2,2,2
qrTs,قرطس,2,2,1
qsTs,قسطس,2,2,2
qwE,قوع,2,2,2
qwt,قوت,2,2,2
qyD,قيض,2,2,2
qyl,قيل,2,2,2
rEd,رعد,2,2,2
rTb,رطب,2,2,2
rfd,رفد,2,1,1
rft,رفت,2,2,1
rfv,رفث,2,2,1
rjj,رجج,2,1,1
rks,ركس,2,2,1
rmm,رمم,2,2,2
rqd,رقد,2,2,2
rss,رسس,2,2,2
rsx,رسخ,2,2,2
rwD,روض,2,2,2
sEd,سعد,2,2,1
sHq,سحق,2,2,2
sbg,سبغ,2,2,2
sfk,سفك,2,2,1
shw,سهو,2,2,2
sqm,سقم,2,2,1
srmd,سرمد,2,2,1
twr,تور,2,2,2
vEb,ثعب,2,2,2
vqb,ثقب,2,2,2
vxn,ثخن,2,2,2
wSb,وصب,2,2,2
wTr,وطر,2,1,1
wbq,وبق,2,2,2
wdq,ودق,2,2,2
wjf,وجف,2,2,2
wsl,وسل,2,2,2
wsm,وسم,2,2,2
wsq,وسق,2,2,1
xDE,خضع,2,2,2
xSf,خصف,2,2,2
xbl,خبل,2,2,2
xdd,خدد,2,2,2
xdn,خدن,2,2,2
xmS,خمص,2,2,2
xmd,خمد,2,2,2
xns,خنس,2,2,2
xrb,خرب,2,2,2
xrdl,خردل,2,2,2
xwr,خور,2,2,2
zHzH,زحزح,2,2,2
zjj,زجج,2,1,1
zlm,زلم,2,2,1
zlq,زلق,2,2,2
zmr,زمر,2,2,1
zwd,زود,2,1,1
$El,شعل,1,1,1
$Hm,شحم,1,1,1
$fh,شفه,1,1,1
$gf,شغف,1,1,1
$ks,شكس,1,1,1
$mt,شمت,1,1,1
$mx,شمخ,1,1,1
$mz,شمز,1,1,1
$r*m,شرذم,1,1,1
$rT,شرط,1,1,1
$rd,شرد,1,1,1
$tw,شتو,1,1,1
$wZ,شوظ,1,1,1
$wb,شوب,1,1,1
$wk,شوك,1,1,1
*Am,ذام,1,1,1
*En,ذعن,1,1,1
*b*b,ذبذب,1,1,1
*hl,ذهل,1,1,1
*kw,ذكو,1,1,1
*wd,ذود,1,1,1
*xr,ذخر,1,1,1
*yE,ذيع,1,1,1
Abb,ابب,1,1,1
Abq,ابق,1,1,1
Add,ادد,1,1,1
Alt,الت,1,1,1
Amt,امت,1,1,1
Anm,انم,1,1,1
Asn,اسن,1,1,1
Avl,اثل,1,1,1
Awd,اود,1,1,1
Aym,ايم,1,1,1
DAn,ضان,1,1,1
DbH,ضبح,1,1,1
Ddd,ضدد,1,1,1
DfdE,ضفدع,1,1,1
DhA,ضها,1,1,1
Dmr,ضمر,1,1,1
Dnk,ضنك,1,1,1
Dnn,ضنن,1,1,1
Dyr,ضير,1,1,1
Dyz,ضيز,1,1,1
EDw,عضو,1,1,1
ETf,عطف,1,1,1
EbA,عبا,1,1,1
Ebqr,عبقر,1,1,1
Eds,عدس,1,1,1
Efr,عفر,1,1,1
Emq,عمق,1,1,1
Enw,عنو,1,1,1
Erjn,عرجن,1,1,1
Erm,عرم,1,1,1
EsEs,عسعس,1,1,1
Esl,عسل,1,1,1
Ewl,عول,1,1,1
Ewq,عوق,1,1,1
Eyb,عيب,1,1,1
Ezw,عزو,1,1,1
HSHS,حصحص,1,1,1
HSl,حصل,1,1,1
Hbk,حبك,1,1,1
Hdb,حدب,1,1,1
Hfd,حفد,1,1,1
Hn*,حنذ,1,1,1
Hnk,حنك,1,1,1
Hnn,حنن,1,1,1
Hqf,حقف,1,1,1
Hrd,حرد,1,1,1
Hrk,حرك,1,1,1
Hrs,حرس,1,1,1
Hry,حري,1,1,1
Hsm,حسم,1,1,1
Htm,حتم,1,1,1
Hvv,حثث,1,1,1
Hwb,حوب,1,1,1
Hwz,حوز,1,1,1
Hyd,حيد,1,1,1
Hyf,حيف,1,1,1
Hyr,حير,1,1,1
SEr,صعر,1,1,1
SfSf,صفصف,1,1,1
Sfn,صفن,1,1,1
Skk,صكك,1,1,1
Sld,صلد,1,1,1
SmE,صمع,1,1,1
Smd,صمد,1,1,1
Smt,صمت,1,1,1
SrE,صرع,1,1,1
SwE,صوع,1,1,1
Swf,صوف,1,1,1
Sxx,صخخ,1,1,1
SyS,صيص,1,1,1
Syf,صيف,1,1,1
THw,طحو,1,1,1
Tff,طفف,1,1,1
TlH,طلح,1,1,1
Tll,طلل,1,1,1
Tmm,طمم,1,1,1
TrH,طرح,1,1,1
Twd,طود,1,1,1
ZEn,ظعن,1,1,1
bAr,بار,1,1,1
bHv,بحث,1,1,1
bSl,بصل,1,1,1
bTA,بطا,1,1,1
bdr,بدر,1,1,1
bgl,بغل,1,1,1
bhl,بهل,1,1,1
bjs,بجس,1,1,1
blE,بلع,1,1,1
bqE,بقع,1,1,1
bql,بقل,1,1,1
bsm,بسم,1,1,1
bsq,بسق,1,1,1
btk,بتك,1,1,1
btr,بتر,1,1,1
byd,بيد,1,1,1
dHw,دحو,1,1,1
dfA,دفا,1,1,1
dfq,دفق,1,1,1
dhm,دهم,1,1,1
dhq,دهق,1,1,1
dhy,دهي,1,1,1
dlk,دلك,1,1,1
dmdm,دمدم,1,1,1
dmg,دمغ,1,1,1
dnr,دنر,1,1,1
drhm,درهم,1,1,1
dsr,دسر,1,1,1
dss,دسس,1,1,1
dsw,دسو,1,1,1
dvr,دثر,1,1,1
fDH,فضح,1,1,1
fDw,فضو,1,1,1
fSH,فصح,1,1,1
fSm,فصم,1,1,1
fZZ,فظظ,1,1,1
fhm,فهم,1,1,1
fjw,فجو,1,1,1
fln,فلن,1,1,1
fnd,فند,1,1,1
fnn,فنن,1,1,1
fny,فني,1,1,1
fqE,فقع,1,1,1
frE,فرع,1,1,1
frh,فره,1,1,1
frv,فرث,1,1,1
fsr,فسر,1,1,1
ftA,فتا,1,1,1
ftq,فتق,1,1,1
fwD,فوض,1,1,1
fwm,فوم,1,1,1
fyl,فيل,1,1,1
gSS,غصص,1,1,1
gSb,غصب,1,1,1
gT$,غطش,1,1,1
gbn,غبن,1,1,1
gdq,غدق,1,1,1
glq,غلق,1,1,1
gmD,غمض,1,1,1
gmz,غمز,1,1,1
gwl,غول,1,1,1
gzl,غزل,1,1,1
gzw,غزو,1,1,1
h$$,هشش,1,1,1
hdd,هدد,1,1,1
hdhd,هدهد,1,1,1
hdm,هدم,1,1,1
hjE,هجع,1,1,1
hjd,هجد,1,1,1
hlE,هلع,1,1,1
hmd,همد,1,1,1
hmr,همر,1,1,1
hms,همس,1,1,1
hrb,هرب,1,1,1
hyl,هيل,1,1,1
hyt,هيت,1,1,1
hzl,هزل,1,1,1
j*w,جذو,1,1,1
jbh,جبه,1,1,1
jbn,جبن,1,1,1
jbt,جبت,1,1,1
jfA,جفا,1,1,1
jfn,جفن,1,1,1
jfw,جفو,1,1,1
jls,جلس,1,1,1
jmH,جمح,1,1,1
jmd,جمد,1,1,1
jmm,جمم,1,1,1
jrE,جرع,1,1,1
jrf,جرف,1,1,1
jrr,جرر,1,1,1
jss,جسس,1,1,1
jvv,جثث,1,1,1
jwd,جود,1,1,1
jwf,جوف,1,1,1
jws,جوس,1,1,1
jww,جوو,1,1,1
jyd,جيد,1,1,1
k$T,كشط,1,1,1
kbd,كبد,1,1,1
kbkb,كبكب,1,1,1
kdr,كدر,1,1,1
kdy,كدي,1,1,1
kfA,كفا,1,1,1
kft,كفت,1,1,1
klA,كلا,1,1,1
klH,كلح,1,1,1
knd,كند,1,1,1
kns,كنس,1,1,1
ksd,كسد,1,1,1
kvb,كثب,1,1,1
kwy,كوي,1,1,1
lHf,لحف,1,1,1
lHn,لحن,1,1,1
lHy,لحي,1,1,1
lZy,لظي,1,1,1
lfH,لفح,1,1,1
lfZ,لفظ,1,1,1
lhm,لهم,1,1,1
lqH,لقح,1,1,1
lqb,لقب,1,1,1
lqm,لقم,1,1,1
lw*,لوذ,1,1,1
lwt,لوت,1,1,1
lyt,ليت,1,1,1
lzb,لزب,1,1,1
m$j,مشج,1,1,1
mEn,معن,1,1,1
mEy,معي,1,1,1
mEz,معز,1,1,1
mHl,محل,1,1,1
mTw,مطو,1,1,1
mjs,مجس,1,1,1
mkw,مكو,1,1,1
msd,مسد,1,1,1
msw,مسو,1,1,1
msx,مسخ,1,1,1
mxD,مخض,1,1,1
myr,مير,1,1,1
mzn,مزن,1,1,1
nDj,نضج,1,1,1
nDx,نضخ,1,1,1
nEl,نعل,1,1,1
nEq,نعق,1,1,1
nHb,نحب,1,1,1
nHr,نحر,1,1,1
nTH,نطح,1,1,1
nbT,نبط,1,1,1
nbz,نبز,1,1,1
nfH,نفح,1,1,1
nfv,نفث,1,1,1
nfy,نفي,1,1,1
ngD,نغض,1,1,1
nhj,نهج,1,1,1
njd,نجد,1,1,1
njs,نجس,1,1,1
nkd,نكد,1,1,1
nmm,نمم,1,1,1
nqE,نقع,1,1,1
nsr,نسر,1,1,1
ntq,نتق,1,1,1
nw$,نوش,1,1,1
nwA,نوا,1,1,1
nwS,نوص,1,1,1
nwn,نون,1,1,1
nwy,نوي,1,1,1
nxr,نخر,1,1,1
q$Er,قشعر,1,1,1
qDD,قضض,1,1,1
qDb,قضب,1,1,1
qEr,قعر,1,1,1
qSf,قصف,1,1,1
qSm,قصم,1,1,1
qTT,قطط,1,1,1
qTmr,قطمر,1,1,1
qbH,قبح,1,1,1
qdH,قدح,1,1,1
qfl,قفل,1,1,1
qlE,قلع,1,1,1
qmE,قمع,1,1,1
qmH,قمح,1,1,1
qmTr,قمطر,1,1,1
qml,قمل,1,1,1
qnw,قنو,1,1,1
qny,قني,1,1,1
qsr,قسر,1,1,1
qss,قسس,1,1,1
qvA,قثا,1,1,1
qwb,قوب,1,1,1
qws,قوس,1,1,1
rHq,رحق,1,1,1
rSS,رصص,1,1,1
rbH,ربح,1,1,1
rdA,ردا,1,1,1
rdm,ردم,1,1,1
rfrf,رفرف,1,1,1
rgm,رغم,1,1,1
rhw,رهو,1,1,1
rkd,ركد,1,1,1
rkz,ركز,1,1,1
rmH,رمح,1,1,1
rmd,رمد,1,1,1
rmz,رمز,1,1,1
rqq,رقق,1,1,1
rtE,رتع,1,1,1
rtq,رتق,1,1,1
rwE,روع,1,1,1
rxw,رخو,1,1,1
ry$,ريش,1,1,1
ryE,ريع,1,1,1
ryn,رين,1,1,1
sHl,سحل,1,1,1
sTH,سطح,1,1,1
sTw,سطو,1,1,1
sdy,سدي,1,1,1
sfE,سفع,1,1,1
sgb,سغب,1,1,1
shl,سهل,1,1,1
shm,سهم,1,1,1
shr,سهر,1,1,1
sjw,سجو,1,1,1
skb,سكب,1,1,1
skt,سكت,1,1,1
slb,سلب,1,1,1
slq,سلق,1,1,1
smd,سمد,1,1,1
smk,سمك,1,1,1
snd,سند,1,1,1
snh,سنه,1,1,1
snm,سنم,1,1,1
srd,سرد,1,1,1
srdq,سردق,1,1,1
swH,سوح,1,1,1
swT,سوط,1,1,1
syb,سيب,1,1,1
tEs,تعس,1,1,1
tfv,تفث,1,1,1
tll,تلل,1,1,1
tqn,تقن,1,1,1
trq,ترق,1,1,1
tyh,تيه,1,1,1
tyn,تين,1,1,1
vbT,ثبط,1,1,1
vby,ثبي,1,1,1
vjj,ثجج,1,1,1
vrb,ثرب,1,1,1
vry,ثري,1,1,1
vyb,ثيب,1,1,1
w$y,وشي,1,1,1
wAd,واد,1,1,1
wAl,وال,1,1,1
wDn,وضن,1,1,1
wH$,وحش,1,1,1
wTn,وطن,1,1,1
wbr,وبر,1,1,1
wfD,وفض,1,1,1
wfd,وفد,1,1,1
wfr,وفر,1,1,1
whj,وهج,1,1,1
why,وهي,1,1,1
wjb,وجب,1,1,1
wkd,وكد,1,1,1
wkz,وكز,1,1,1
wny,وني,1,1,1
wq*,وقذ,1,1,1
wqb,وقب,1,1,1
wsn,وسن,1,1,1
wtn,وتن,1,1,1
x$b,خشب,1,1,1
xDd,خضد,1,1,1
xTT,خطط,1,1,1
xbA,خبا,1,1,1
xbT,خبط,1,1,1
xbw,خبو,1,1,1
xbz,خبز,1,1,1
xlE,خلع,1,1,1
xmT,خمط,1,1,1
xnq,خنق,1,1,1
xrTm,خرطم,1,1,1
xtr,ختر,1,1,1
xym,خيم,1,1,1
ynE,ينع,1,1,1
yqZ,يقظ,1,1,1
zHf,زحف,1,1,1
zbn,زبن,1,1,1
zff,زفف,1,1,1
zhd,زهد,1,1,1
zhr,زهر,1,1,1
zmhr,زمهر,1,1,1
zml,زمل,1,1,1
znm,زنم,1,1,1
zrq,زرق,1,1,1
zry,زري,1,1,1
