surah,ayah,verb_word,verb_location,verb_arabic,target_word,target_form_arabic,target_form_bw,target_roots_bw,target_lemmas_bw,category,qac_segments,context_arabic,full_verse_uthmani
2,3,2,2:3:2,يُؤْمِنُونَ,3,بِٱلْغَيْبِ,bi{logayobi,gyb,gayob,explicit_unseen,bi[P|PREFIX|bi+] ; {lo[DET|PREFIX|Al+] ; gayobi[N|STEM|POS:N|LEM:gayob|ROOT:gyb|M|GEN],ٱلَّذِينَ يُؤْمِنُونَ بِٱلْغَيْبِ وَيُقِيمُونَ ٱلصَّلَوٰةَ وَمِمَّا,ٱلَّذِينَ يُؤْمِنُونَ بِٱلْغَيْبِ وَيُقِيمُونَ ٱلصَّلَوٰةَ وَمِمَّا رَزَقْنَٰهُمْ يُنفِقُونَ
2,4,2,2:4:2,يُؤْمِنُونَ,3,بِمَا^,bimaA^,,maA,relative_or_clause_head,bi[P|PREFIX|bi+] ; maA^[REL|STEM|POS:REL|LEM:maA],وَٱلَّذِينَ يُؤْمِنُونَ بِمَا^ أُنزِلَ إِلَيْكَ وَمَا^,وَٱلَّذِينَ يُؤْمِنُونَ بِمَآ أُنزِلَ إِلَيْكَ وَمَآ أُنزِلَ مِن قَبْلِكَ وَبِٱلْـَٔاخِرَةِ هُمْ يُوقِنُونَ
2,8,5,2:8:5,ءَامَنَّا,6,بِٱللَّهِ,bi{ll~ahi,Alh,{ll~ah,explicit_allah,bi[P|PREFIX|bi+] ; {ll~ahi[PN|STEM|POS:PN|LEM:{ll~ah|ROOT:Alh|GEN],وَمِنَ ٱلنَّاسِ مَن يَقُولُ ءَامَنَّا بِٱللَّهِ وَبِٱلْيَوْمِ ٱلْءَاخِرِ وَمَا,وَمِنَ ٱلنَّاسِ مَن يَقُولُ ءَامَنَّا بِٱللَّهِ وَبِٱلْيَوْمِ ٱلْـَٔاخِرِ وَمَا هُم بِمُؤْمِنِينَ
2,41,1,2:41:1,وَءَامِنُوا@,2,بِمَا^,bimaA^,,maA,relative_or_clause_head,bi[P|PREFIX|bi+] ; maA^[REL|STEM|POS:REL|LEM:maA],وَءَامِنُوا@ بِمَا^ أَنزَلْتُ مُصَدِّقًا لِّمَا,وَءَامِنُوا۟ بِمَآ أَنزَلْتُ مُصَدِّقًا لِّمَا مَعَكُمْ وَلَا تَكُونُوٓا۟ أَوَّلَ كَافِرٍۭ بِهِۦ وَلَا تَشْتَرُوا۟ بِـَٔايَٰتِى ثَمَنًا قَلِيلًا وَإِيَّٰىَ فَٱتَّقُونِ
2,62,9,2:62:9,ءَامَنَ,10,بِٱللَّهِ,bi{ll~ahi,Alh,{ll~ah,explicit_allah,bi[P|PREFIX|bi+] ; {ll~ahi[PN|STEM|POS:PN|LEM:{ll~ah|ROOT:Alh|GEN],هَادُوا@ وَٱلنَّصَٰرَىٰ وَٱلصَّٰبِـ#ِينَ مَنْ ءَامَنَ بِٱللَّهِ وَٱلْيَوْمِ ٱلْءَاخِرِ وَعَمِلَ,إِنَّ ٱلَّذِينَ ءَامَنُوا۟ وَٱلَّذِينَ هَادُوا۟ وَٱلنَّصَٰرَىٰ وَٱلصَّٰبِـِٔينَ مَنْ ءَامَنَ بِٱللَّهِ وَٱلْيَوْمِ ٱلْـَٔاخِرِ وَعَمِلَ صَٰلِحًا فَلَهُمْ أَجْرُهُمْ عِندَ رَبِّهِمْ وَلَا خَوْفٌ عَلَيْهِمْ وَلَا هُمْ يَحْزَنُونَ
2,85,23,2:85:23,أَفَتُؤْمِنُونَ,24,بِبَعْضِ,bibaEoDi,bED,baEoD,explicit_other_lexical,bi[P|PREFIX|bi+] ; baEoDi[N|STEM|POS:N|LEM:baEoD|ROOT:bED|M|GEN],وَهُوَ مُحَرَّمٌ عَلَيْكُمْ إِخْرَاجُهُمْ أَفَتُؤْمِنُونَ بِبَعْضِ ٱلْكِتَٰبِ وَتَكْفُرُونَ بِبَعْضٍ,ثُمَّ أَنتُمْ هَٰٓؤُلَآءِ تَقْتُلُونَ أَنفُسَكُمْ وَتُخْرِجُونَ فَرِيقًا مِّنكُم مِّن دِيَٰرِهِمْ تَظَٰهَرُونَ عَلَيْهِم بِٱلْإِثْمِ وَٱلْعُدْوَٰنِ وَإِن يَأْتُوكُمْ أُسَٰرَىٰ تُفَٰدُوهُمْ وَهُوَ مُحَرَّمٌ عَلَيْكُمْ إِخْرَاجُهُمْ أَفَتُؤْمِنُونَ بِبَعْضِ ٱلْكِتَٰبِ وَتَكْفُرُونَ بِبَعْضٍ فَمَا جَزَآءُ مَن يَفْعَلُ ذَٰلِكَ مِنكُمْ إِلَّا خِزْىٌ فِى ٱلْحَيَوٰةِ ٱلدُّنْيَا وَيَوْمَ ٱلْقِيَٰمَةِ يُرَدُّونَ إِلَىٰٓ أَشَدِّ ٱلْعَذَابِ وَمَا ٱللَّهُ بِغَٰفِلٍ عَمَّا تَعْمَلُونَ
2,91,4,2:91:4,ءَامِنُوا@,5,بِمَا^,bimaA^,,maA,relative_or_clause_head,bi[P|PREFIX|bi+] ; maA^[REL|STEM|POS:REL|LEM:maA],وَإِذَا قِيلَ لَهُمْ ءَامِنُوا@ بِمَا^ أَنزَلَ ٱللَّهُ قَالُوا@,وَإِذَا قِيلَ لَهُمْ ءَامِنُوا۟ بِمَآ أَنزَلَ ٱللَّهُ قَالُوا۟ نُؤْمِنُ بِمَآ أُنزِلَ عَلَيْنَا وَيَكْفُرُونَ بِمَا وَرَآءَهُۥ وَهُوَ ٱلْحَقُّ مُصَدِّقًا لِّمَا مَعَهُمْ قُلْ فَلِمَ تَقْتُلُونَ أَنۢبِيَآءَ ٱللَّهِ مِن قَبْلُ إِن كُنتُم مُّؤْمِنِينَ
2,91,9,2:91:9,نُؤْمِنُ,10,بِمَا^,bimaA^,,maA,relative_or_clause_head,bi[P|PREFIX|bi+] ; maA^[REL|STEM|POS:REL|LEM:maA],بِمَا^ أَنزَلَ ٱللَّهُ قَالُوا@ نُؤْمِنُ بِمَا^ أُنزِلَ عَلَيْنَا وَيَكْفُرُونَ,وَإِذَا قِيلَ لَهُمْ ءَامِنُوا۟ بِمَآ أَنزَلَ ٱللَّهُ قَالُوا۟ نُؤْمِنُ بِمَآ أُنزِلَ عَلَيْنَا وَيَكْفُرُونَ بِمَا وَرَآءَهُۥ وَهُوَ ٱلْحَقُّ مُصَدِّقًا لِّمَا مَعَهُمْ قُلْ فَلِمَ تَقْتُلُونَ أَنۢبِيَآءَ ٱللَّهِ مِن قَبْلُ إِن كُنتُم مُّؤْمِنِينَ
2,121,8,2:121:8,يُؤْمِنُونَ,9,بِهِ.,bihi.,,,pronominal_unresolved,bi[P|PREFIX|bi+] ; hi.[PRON|STEM|POS:PRON|3MS],"يَتْلُونَهُ, حَقَّ تِلَاوَتِهِ.^ أُو@لَٰ^ئِكَ يُؤْمِنُونَ بِهِ. وَمَن يَكْفُرْ بِهِ.",ٱلَّذِينَ ءَاتَيْنَٰهُمُ ٱلْكِتَٰبَ يَتْلُونَهُۥ حَقَّ تِلَاوَتِهِۦٓ أُو۟لَٰٓئِكَ يُؤْمِنُونَ بِهِۦ وَمَن يَكْفُرْ بِهِۦ فَأُو۟لَٰٓئِكَ هُمُ ٱلْخَٰسِرُونَ
2,136,2,2:136:2,ءَامَنَّا,3,بِٱللَّهِ,bi{ll~ahi,Alh,{ll~ah,explicit_allah,bi[P|PREFIX|bi+] ; {ll~ahi[PN|STEM|POS:PN|LEM:{ll~ah|ROOT:Alh|GEN],قُولُو^ا@ ءَامَنَّا بِٱللَّهِ وَمَا^ أُنزِلَ إِلَيْنَا,قُولُوٓا۟ ءَامَنَّا بِٱللَّهِ وَمَآ أُنزِلَ إِلَيْنَا وَمَآ أُنزِلَ إِلَىٰٓ إِبْرَٰهِـۧمَ وَإِسْمَٰعِيلَ وَإِسْحَٰقَ وَيَعْقُوبَ وَٱلْأَسْبَاطِ وَمَآ أُوتِىَ مُوسَىٰ وَعِيسَىٰ وَمَآ أُوتِىَ ٱلنَّبِيُّونَ مِن رَّبِّهِمْ لَا نُفَرِّقُ بَيْنَ أَحَدٍ مِّنْهُمْ وَنَحْنُ لَهُۥ مُسْلِمُونَ
2,137,2,2:137:2,ءَامَنُوا@,3,بِمِثْلِ,bimivoli,mvl,mivol,explicit_other_lexical,bi[P|PREFIX|bi+] ; mivoli[N|STEM|POS:N|LEM:mivol|ROOT:mvl|M|GEN],فَإِنْ ءَامَنُوا@ بِمِثْلِ مَا^ ءَامَنتُم بِهِ.,فَإِنْ ءَامَنُوا۟ بِمِثْلِ مَآ ءَامَنتُم بِهِۦ فَقَدِ ٱهْتَدَوا۟ وَّإِن تَوَلَّوْا۟ فَإِنَّمَا هُمْ فِى شِقَاقٍ فَسَيَكْفِيكَهُمُ ٱللَّهُ وَهُوَ ٱلسَّمِيعُ ٱلْعَلِيمُ
2,137,5,2:137:5,ءَامَنتُم,6,بِهِ.,bihi.,,,pronominal_unresolved,bi[P|PREFIX|bi+] ; hi.[PRON|STEM|POS:PRON|3MS],فَإِنْ ءَامَنُوا@ بِمِثْلِ مَا^ ءَامَنتُم بِهِ. فَقَدِ ٱهْتَدَوا@ وَّإِن,فَإِنْ ءَامَنُوا۟ بِمِثْلِ مَآ ءَامَنتُم بِهِۦ فَقَدِ ٱهْتَدَوا۟ وَّإِن تَوَلَّوْا۟ فَإِنَّمَا هُمْ فِى شِقَاقٍ فَسَيَكْفِيكَهُمُ ٱللَّهُ وَهُوَ ٱلسَّمِيعُ ٱلْعَلِيمُ
2,177,12,2:177:12,ءَامَنَ,13,بِٱللَّهِ,bi{ll~ahi,Alh,{ll~ah,explicit_allah,bi[P|PREFIX|bi+] ; {ll~ahi[PN|STEM|POS:PN|LEM:{ll~ah|ROOT:Alh|GEN],وَٱلْمَغْرِبِ وَلَٰكِنَّ ٱلْبِرَّ مَنْ ءَامَنَ بِٱللَّهِ وَٱلْيَوْمِ ٱلْءَاخِرِ وَٱلْمَلَٰ^ئِكَةِ,لَّيْسَ ٱلْبِرَّ أَن تُوَلُّوا۟ وُجُوهَكُمْ قِبَلَ ٱلْمَشْرِقِ وَٱلْمَغْرِبِ وَلَٰكِنَّ ٱلْبِرَّ مَنْ ءَامَنَ بِٱللَّهِ وَٱلْيَوْمِ ٱلْـَٔاخِرِ وَٱلْمَلَٰٓئِكَةِ وَٱلْكِتَٰبِ وَٱلنَّبِيِّـۧنَ وَءَاتَى ٱلْمَالَ عَلَىٰ حُبِّهِۦ ذَوِى ٱلْقُرْبَىٰ وَٱلْيَتَٰمَىٰ وَٱلْمَسَٰكِينَ وَٱبْنَ ٱلسَّبِيلِ وَٱلسَّآئِلِينَ وَفِى ٱلرِّقَابِ وَأَقَامَ ٱلصَّلَوٰةَ وَءَاتَى ٱلزَّكَوٰةَ وَٱلْمُوفُونَ بِعَهْدِهِمْ إِذَا عَٰهَدُوا۟ وَٱلصَّٰبِرِينَ فِى ٱلْبَأْسَآءِ وَٱلضَّرَّآءِ وَحِينَ ٱلْبَأْسِ أُو۟لَٰٓئِكَ ٱلَّذِينَ صَدَقُوا۟ وَأُو۟لَٰٓئِكَ هُمُ ٱلْمُتَّقُونَ
2,186,14,2:186:14,وَلْيُؤْمِنُوا@,15,بِى,biY,,,pronominal_unresolved,bi[P|PREFIX|bi+] ; Y[PRON|STEM|POS:PRON|1S],إِذَا دَعَانِ فَلْيَسْتَجِيبُوا@ لِى وَلْيُؤْمِنُوا@ بِى لَعَلَّهُمْ يَرْشُدُونَ,وَإِذَا سَأَلَكَ عِبَادِى عَنِّى فَإِنِّى قَرِيبٌ أُجِيبُ دَعْوَةَ ٱلدَّاعِ إِذَا دَعَانِ فَلْيَسْتَجِيبُوا۟ لِى وَلْيُؤْمِنُوا۟ بِى لَعَلَّهُمْ يَرْشُدُونَ
2,228,18,2:228:18,يُؤْمِنَّ,19,بِٱللَّهِ,bi{ll~ahi,Alh,{ll~ah,explicit_allah,bi[P|PREFIX|bi+] ; {ll~ahi[PN|STEM|POS:PN|LEM:{ll~ah|ROOT:Alh|GEN],فِى^ أَرْحَامِهِنَّ إِن كُنَّ يُؤْمِنَّ بِٱللَّهِ وَٱلْيَوْمِ ٱلْءَاخِرِ وَبُعُولَتُهُنَّ,وَٱلْمُطَلَّقَٰتُ يَتَرَبَّصْنَ بِأَنفُسِهِنَّ ثَلَٰثَةَ قُرُوٓءٍ وَلَا يَحِلُّ لَهُنَّ أَن يَكْتُمْنَ مَا خَلَقَ ٱللَّهُ فِىٓ أَرْحَامِهِنَّ إِن كُنَّ يُؤْمِنَّ بِٱللَّهِ وَٱلْيَوْمِ ٱلْـَٔاخِرِ وَبُعُولَتُهُنَّ أَحَقُّ بِرَدِّهِنَّ فِى ذَٰلِكَ إِنْ أَرَادُوٓا۟ إِصْلَٰحًا وَلَهُنَّ مِثْلُ ٱلَّذِى عَلَيْهِنَّ بِٱلْمَعْرُوفِ وَلِلرِّجَالِ عَلَيْهِنَّ دَرَجَةٌ وَٱللَّهُ عَزِيزٌ حَكِيمٌ
2,232,21,2:232:21,يُؤْمِنُ,22,بِٱللَّهِ,bi{ll~ahi,Alh,{ll~ah,explicit_allah,bi[P|PREFIX|bi+] ; {ll~ahi[PN|STEM|POS:PN|LEM:{ll~ah|ROOT:Alh|GEN],بِهِ. مَن كَانَ مِنكُمْ يُؤْمِنُ بِٱللَّهِ وَٱلْيَوْمِ ٱلْءَاخِرِ ذَٰلِكُمْ,وَإِذَا طَلَّقْتُمُ ٱلنِّسَآءَ فَبَلَغْنَ أَجَلَهُنَّ فَلَا تَعْضُلُوهُنَّ أَن يَنكِحْنَ أَزْوَٰجَهُنَّ إِذَا تَرَٰضَوْا۟ بَيْنَهُم بِٱلْمَعْرُوفِ ذَٰلِكَ يُوعَظُ بِهِۦ مَن كَانَ مِنكُمْ يُؤْمِنُ بِٱللَّهِ وَٱلْيَوْمِ ٱلْـَٔاخِرِ ذَٰلِكُمْ أَزْكَىٰ لَكُمْ وَأَطْهَرُ وَٱللَّهُ يَعْلَمُ وَأَنتُمْ لَا تَعْلَمُونَ
2,256,13,2:256:13,وَيُؤْمِن[,14,بِٱللَّهِ,bi{ll~ahi,Alh,{ll~ah,explicit_allah,bi[P|PREFIX|bi+] ; {ll~ahi[PN|STEM|POS:PN|LEM:{ll~ah|ROOT:Alh|GEN],ٱلْغَىِّ فَمَن يَكْفُرْ بِٱلطَّٰغُوتِ وَيُؤْمِن[ بِٱللَّهِ فَقَدِ ٱسْتَمْسَكَ بِٱلْعُرْوَةِ,لَآ إِكْرَاهَ فِى ٱلدِّينِ قَد تَّبَيَّنَ ٱلرُّشْدُ مِنَ ٱلْغَىِّ فَمَن يَكْفُرْ بِٱلطَّٰغُوتِ وَيُؤْمِنۢ بِٱللَّهِ فَقَدِ ٱسْتَمْسَكَ بِٱلْعُرْوَةِ ٱلْوُثْقَىٰ لَا ٱنفِصَامَ لَهَا وَٱللَّهُ سَمِيعٌ عَلِيمٌ
2,264,15,2:264:15,يُؤْمِنُ,16,بِٱللَّهِ,bi{ll~ahi,Alh,{ll~ah,explicit_allah,bi[P|PREFIX|bi+] ; {ll~ahi[PN|STEM|POS:PN|LEM:{ll~ah|ROOT:Alh|GEN],"مَالَهُ, رِئَا^ءَ ٱلنَّاسِ وَلَا يُؤْمِنُ بِٱللَّهِ وَٱلْيَوْمِ ٱلْءَاخِرِ فَمَثَلُهُ,",يَٰٓأَيُّهَا ٱلَّذِينَ ءَامَنُوا۟ لَا تُبْطِلُوا۟ صَدَقَٰتِكُم بِٱلْمَنِّ وَٱلْأَذَىٰ كَٱلَّذِى يُنفِقُ مَالَهُۥ رِئَآءَ ٱلنَّاسِ وَلَا يُؤْمِنُ بِٱللَّهِ وَٱلْيَوْمِ ٱلْـَٔاخِرِ فَمَثَلُهُۥ كَمَثَلِ صَفْوَانٍ عَلَيْهِ تُرَابٌ فَأَصَابَهُۥ وَابِلٌ فَتَرَكَهُۥ صَلْدًا لَّا يَقْدِرُونَ عَلَىٰ شَىْءٍ مِّمَّا كَسَبُوا۟ وَٱللَّهُ لَا يَهْدِى ٱلْقَوْمَ ٱلْكَٰفِرِينَ
2,285,10,2:285:10,ءَامَنَ,11,بِٱللَّهِ,bi{ll~ahi,Alh,{ll~ah,explicit_allah,bi[P|PREFIX|bi+] ; {ll~ahi[PN|STEM|POS:PN|LEM:{ll~ah|ROOT:Alh|GEN],مِن رَّبِّهِ. وَٱلْمُؤْمِنُونَ كُلٌّ ءَامَنَ بِٱللَّهِ وَمَلَٰ^ئِكَتِهِ. وَكُتُبِهِ. وَرُسُلِهِ.,ءَامَنَ ٱلرَّسُولُ بِمَآ أُنزِلَ إِلَيْهِ مِن رَّبِّهِۦ وَٱلْمُؤْمِنُونَ كُلٌّ ءَامَنَ بِٱللَّهِ وَمَلَٰٓئِكَتِهِۦ وَكُتُبِهِۦ وَرُسُلِهِۦ لَا نُفَرِّقُ بَيْنَ أَحَدٍ مِّن رُّسُلِهِۦ وَقَالُوا۟ سَمِعْنَا وَأَطَعْنَا غُفْرَانَكَ رَبَّنَا وَإِلَيْكَ ٱلْمَصِيرُ
3,7,36,3:7:36,ءَامَنَّا,37,بِهِ.,bihi.,,,pronominal_unresolved,bi[P|PREFIX|bi+] ; hi.[PRON|STEM|POS:PRON|3MS],وَٱلرَّٰسِخُونَ فِى ٱلْعِلْمِ يَقُولُونَ ءَامَنَّا بِهِ. كُلٌّ مِّنْ عِندِ,هُوَ ٱلَّذِىٓ أَنزَلَ عَلَيْكَ ٱلْكِتَٰبَ مِنْهُ ءَايَٰتٌ مُّحْكَمَٰتٌ هُنَّ أُمُّ ٱلْكِتَٰبِ وَأُخَرُ مُتَشَٰبِهَٰتٌ فَأَمَّا ٱلَّذِينَ فِى قُلُوبِهِمْ زَيْغٌ فَيَتَّبِعُونَ مَا تَشَٰبَهَ مِنْهُ ٱبْتِغَآءَ ٱلْفِتْنَةِ وَٱبْتِغَآءَ تَأْوِيلِهِۦ وَمَا يَعْلَمُ تَأْوِيلَهُۥٓ إِلَّا ٱللَّهُ وَٱلرَّٰسِخُونَ فِى ٱلْعِلْمِ يَقُولُونَ ءَامَنَّا بِهِۦ كُلٌّ مِّنْ عِندِ رَبِّنَا وَمَا يَذَّكَّرُ إِلَّآ أُو۟لُوا۟ ٱلْأَلْبَٰبِ
3,52,16,3:52:16,ءَامَنَّا,17,بِٱللَّهِ,bi{ll~ahi,Alh,{ll~ah,explicit_allah,bi[P|PREFIX|bi+] ; {ll~ahi[PN|STEM|POS:PN|LEM:{ll~ah|ROOT:Alh|GEN],ٱلْحَوَارِيُّونَ نَحْنُ أَنصَارُ ٱللَّهِ ءَامَنَّا بِٱللَّهِ وَٱشْهَدْ بِأَنَّا مُسْلِمُونَ,فَلَمَّآ أَحَسَّ عِيسَىٰ مِنْهُمُ ٱلْكُفْرَ قَالَ مَنْ أَنصَارِىٓ إِلَى ٱللَّهِ قَالَ ٱلْحَوَارِيُّونَ نَحْنُ أَنصَارُ ٱللَّهِ ءَامَنَّا بِٱللَّهِ وَٱشْهَدْ بِأَنَّا مُسْلِمُونَ
3,53,2,3:53:2,ءَامَنَّا,3,بِمَا^,bimaA^,,maA,relative_or_clause_head,bi[P|PREFIX|bi+] ; maA^[REL|STEM|POS:REL|LEM:maA],رَبَّنَا^ ءَامَنَّا بِمَا^ أَنزَلْتَ وَٱتَّبَعْنَا ٱلرَّسُولَ,رَبَّنَآ ءَامَنَّا بِمَآ أَنزَلْتَ وَٱتَّبَعْنَا ٱلرَّسُولَ فَٱكْتُبْنَا مَعَ ٱلشَّٰهِدِينَ
3,72,6,3:72:6,ءَامِنُوا@,7,بِٱلَّذِى^,bi{l~a*iY^,,{l~a*iY,relative_or_clause_head,bi[P|PREFIX|bi+] ; {l~a*iY^[REL|STEM|POS:REL|LEM:{l~a*iY|MS],طَّا^ئِفَةٌ مِّنْ أَهْلِ ٱلْكِتَٰبِ ءَامِنُوا@ بِٱلَّذِى^ أُنزِلَ عَلَى ٱلَّذِينَ,وَقَالَت طَّآئِفَةٌ مِّنْ أَهْلِ ٱلْكِتَٰبِ ءَامِنُوا۟ بِٱلَّذِىٓ أُنزِلَ عَلَى ٱلَّذِينَ ءَامَنُوا۟ وَجْهَ ٱلنَّهَارِ وَٱكْفُرُوٓا۟ ءَاخِرَهُۥ لَعَلَّهُمْ يَرْجِعُونَ
3,81,17,3:81:17,لَتُؤْمِنُنَّ,18,بِهِ.,bihi.,,,pronominal_unresolved,bi[P|PREFIX|bi+] ; hi.[PRON|STEM|POS:PRON|3MS],"رَسُولٌ مُّصَدِّقٌ لِّمَا مَعَكُمْ لَتُؤْمِنُنَّ بِهِ. وَلَتَنصُرُنَّهُ, قَالَ ءَأَقْرَرْتُمْ",وَإِذْ أَخَذَ ٱللَّهُ مِيثَٰقَ ٱلنَّبِيِّـۧنَ لَمَآ ءَاتَيْتُكُم مِّن كِتَٰبٍ وَحِكْمَةٍ ثُمَّ جَآءَكُمْ رَسُولٌ مُّصَدِّقٌ لِّمَا مَعَكُمْ لَتُؤْمِنُنَّ بِهِۦ وَلَتَنصُرُنَّهُۥ قَالَ ءَأَقْرَرْتُمْ وَأَخَذْتُمْ عَلَىٰ ذَٰلِكُمْ إِصْرِى قَالُوٓا۟ أَقْرَرْنَا قَالَ فَٱشْهَدُوا۟ وَأَنَا۠ مَعَكُم مِّنَ ٱلشَّٰهِدِينَ
3,84,2,3:84:2,ءَامَنَّا,3,بِٱللَّهِ,bi{ll~ahi,Alh,{ll~ah,explicit_allah,bi[P|PREFIX|bi+] ; {ll~ahi[PN|STEM|POS:PN|LEM:{ll~ah|ROOT:Alh|GEN],قُلْ ءَامَنَّا بِٱللَّهِ وَمَا^ أُنزِلَ عَلَيْنَا,قُلْ ءَامَنَّا بِٱللَّهِ وَمَآ أُنزِلَ عَلَيْنَا وَمَآ أُنزِلَ عَلَىٰٓ إِبْرَٰهِيمَ وَإِسْمَٰعِيلَ وَإِسْحَٰقَ وَيَعْقُوبَ وَٱلْأَسْبَاطِ وَمَآ أُوتِىَ مُوسَىٰ وَعِيسَىٰ وَٱلنَّبِيُّونَ مِن رَّبِّهِمْ لَا نُفَرِّقُ بَيْنَ أَحَدٍ مِّنْهُمْ وَنَحْنُ لَهُۥ مُسْلِمُونَ
3,110,11,3:110:11,وَتُؤْمِنُونَ,12,بِٱللَّهِ,bi{ll~ahi,Alh,{ll~ah,explicit_allah,bi[P|PREFIX|bi+] ; {ll~ahi[PN|STEM|POS:PN|LEM:{ll~ah|ROOT:Alh|GEN],بِٱلْمَعْرُوفِ وَتَنْهَوْنَ عَنِ ٱلْمُنكَرِ وَتُؤْمِنُونَ بِٱللَّهِ وَلَوْ ءَامَنَ أَهْلُ,كُنتُمْ خَيْرَ أُمَّةٍ أُخْرِجَتْ لِلنَّاسِ تَأْمُرُونَ بِٱلْمَعْرُوفِ وَتَنْهَوْنَ عَنِ ٱلْمُنكَرِ وَتُؤْمِنُونَ بِٱللَّهِ وَلَوْ ءَامَنَ أَهْلُ ٱلْكِتَٰبِ لَكَانَ خَيْرًا لَّهُم مِّنْهُمُ ٱلْمُؤْمِنُونَ وَأَكْثَرُهُمُ ٱلْفَٰسِقُونَ
3,114,1,3:114:1,يُؤْمِنُونَ,2,بِٱللَّهِ,bi{ll~ahi,Alh,{ll~ah,explicit_allah,bi[P|PREFIX|bi+] ; {ll~ahi[PN|STEM|POS:PN|LEM:{ll~ah|ROOT:Alh|GEN],يُؤْمِنُونَ بِٱللَّهِ وَٱلْيَوْمِ ٱلْءَاخِرِ وَيَأْمُرُونَ,يُؤْمِنُونَ بِٱللَّهِ وَٱلْيَوْمِ ٱلْـَٔاخِرِ وَيَأْمُرُونَ بِٱلْمَعْرُوفِ وَيَنْهَوْنَ عَنِ ٱلْمُنكَرِ وَيُسَٰرِعُونَ فِى ٱلْخَيْرَٰتِ وَأُو۟لَٰٓئِكَ مِنَ ٱلصَّٰلِحِينَ
3,119,6,3:119:6,وَتُؤْمِنُونَ,7,بِٱلْكِتَٰبِ,bi{lokita`bi,ktb,kita`b,explicit_book,bi[P|PREFIX|bi+] ; {lo[DET|PREFIX|Al+] ; kita`bi[N|STEM|POS:N|LEM:kita`b|ROOT:ktb|M|GEN],أُو@لَا^ءِ تُحِبُّونَهُمْ وَلَا يُحِبُّونَكُمْ وَتُؤْمِنُونَ بِٱلْكِتَٰبِ كُلِّهِ. وَإِذَا لَقُوكُمْ,هَٰٓأَنتُمْ أُو۟لَآءِ تُحِبُّونَهُمْ وَلَا يُحِبُّونَكُمْ وَتُؤْمِنُونَ بِٱلْكِتَٰبِ كُلِّهِۦ وَإِذَا لَقُوكُمْ قَالُوٓا۟ ءَامَنَّا وَإِذَا خَلَوْا۟ عَضُّوا۟ عَلَيْكُمُ ٱلْأَنَامِلَ مِنَ ٱلْغَيْظِ قُلْ مُوتُوا۟ بِغَيْظِكُمْ إِنَّ ٱللَّهَ عَلِيمٌۢ بِذَاتِ ٱلصُّدُورِ
3,179,28,3:179:28,فَـ#َامِنُوا@,29,بِٱللَّهِ,bi{ll~ahi,Alh,{ll~ah,explicit_allah,bi[P|PREFIX|bi+] ; {ll~ahi[PN|STEM|POS:PN|LEM:{ll~ah|ROOT:Alh|GEN],مِن رُّسُلِهِ. مَن يَشَا^ءُ فَـ#َامِنُوا@ بِٱللَّهِ وَرُسُلِهِ. وَإِن تُؤْمِنُوا@,مَّا كَانَ ٱللَّهُ لِيَذَرَ ٱلْمُؤْمِنِينَ عَلَىٰ مَآ أَنتُمْ عَلَيْهِ حَتَّىٰ يَمِيزَ ٱلْخَبِيثَ مِنَ ٱلطَّيِّبِ وَمَا كَانَ ٱللَّهُ لِيُطْلِعَكُمْ عَلَى ٱلْغَيْبِ وَلَٰكِنَّ ٱللَّهَ يَجْتَبِى مِن رُّسُلِهِۦ مَن يَشَآءُ فَـَٔامِنُوا۟ بِٱللَّهِ وَرُسُلِهِۦ وَإِن تُؤْمِنُوا۟ وَتَتَّقُوا۟ فَلَكُمْ أَجْرٌ عَظِيمٌ
3,193,8,3:193:8,ءَامِنُوا@,9,بِرَبِّكُمْ,birab~ikumo,rbb,rab~,explicit_rabb,bi[P|PREFIX|bi+] ; rab~i[N|STEM|POS:N|LEM:rab~|ROOT:rbb|M|GEN] ; kumo[PRON|SUFFIX|PRON:2MP],مُنَادِيًا يُنَادِى لِلْإِيمَٰنِ أَنْ ءَامِنُوا@ بِرَبِّكُمْ فَـ#َامَنَّا رَبَّنَا فَٱغْفِرْ,رَّبَّنَآ إِنَّنَا سَمِعْنَا مُنَادِيًا يُنَادِى لِلْإِيمَٰنِ أَنْ ءَامِنُوا۟ بِرَبِّكُمْ فَـَٔامَنَّا رَبَّنَا فَٱغْفِرْ لَنَا ذُنُوبَنَا وَكَفِّرْ عَنَّا سَيِّـَٔاتِنَا وَتَوَفَّنَا مَعَ ٱلْأَبْرَارِ
3,199,6,3:199:6,يُؤْمِنُ,7,بِٱللَّهِ,bi{ll~ahi,Alh,{ll~ah,explicit_allah,bi[P|PREFIX|bi+] ; {ll~ahi[PN|STEM|POS:PN|LEM:{ll~ah|ROOT:Alh|GEN],مِنْ أَهْلِ ٱلْكِتَٰبِ لَمَن يُؤْمِنُ بِٱللَّهِ وَمَا^ أُنزِلَ إِلَيْكُمْ,وَإِنَّ مِنْ أَهْلِ ٱلْكِتَٰبِ لَمَن يُؤْمِنُ بِٱللَّهِ وَمَآ أُنزِلَ إِلَيْكُمْ وَمَآ أُنزِلَ إِلَيْهِمْ خَٰشِعِينَ لِلَّهِ لَا يَشْتَرُونَ بِـَٔايَٰتِ ٱللَّهِ ثَمَنًا قَلِيلًا أُو۟لَٰٓئِكَ لَهُمْ أَجْرُهُمْ عِندَ رَبِّهِمْ إِنَّ ٱللَّهَ سَرِيعُ ٱلْحِسَابِ
4,38,7,4:38:7,يُؤْمِنُونَ,8,بِٱللَّهِ,bi{ll~ahi,Alh,{ll~ah,explicit_allah,bi[P|PREFIX|bi+] ; {ll~ahi[PN|STEM|POS:PN|LEM:{ll~ah|ROOT:Alh|GEN],أَمْوَٰلَهُمْ رِئَا^ءَ ٱلنَّاسِ وَلَا يُؤْمِنُونَ بِٱللَّهِ وَلَا بِٱلْيَوْمِ ٱلْءَاخِرِ,وَٱلَّذِينَ يُنفِقُونَ أَمْوَٰلَهُمْ رِئَآءَ ٱلنَّاسِ وَلَا يُؤْمِنُونَ بِٱللَّهِ وَلَا بِٱلْيَوْمِ ٱلْـَٔاخِرِ وَمَن يَكُنِ ٱلشَّيْطَٰنُ لَهُۥ قَرِينًا فَسَآءَ قَرِينًا
4,39,4,4:39:4,ءَامَنُوا@,5,بِٱللَّهِ,bi{ll~ahi,Alh,{ll~ah,explicit_allah,bi[P|PREFIX|bi+] ; {ll~ahi[PN|STEM|POS:PN|LEM:{ll~ah|ROOT:Alh|GEN],وَمَاذَا عَلَيْهِمْ لَوْ ءَامَنُوا@ بِٱللَّهِ وَٱلْيَوْمِ ٱلْءَاخِرِ وَأَنفَقُوا@,وَمَاذَا عَلَيْهِمْ لَوْ ءَامَنُوا۟ بِٱللَّهِ وَٱلْيَوْمِ ٱلْـَٔاخِرِ وَأَنفَقُوا۟ مِمَّا رَزَقَهُمُ ٱللَّهُ وَكَانَ ٱللَّهُ بِهِمْ عَلِيمًا
4,47,5,4:47:5,ءَامِنُوا@,6,بِمَا,bimaA,,maA,relative_or_clause_head,bi[P|PREFIX|bi+] ; maA[REL|STEM|POS:REL|LEM:maA],يَٰ^أَيُّهَا ٱلَّذِينَ أُوتُوا@ ٱلْكِتَٰبَ ءَامِنُوا@ بِمَا نَزَّلْنَا مُصَدِّقًا لِّمَا,يَٰٓأَيُّهَا ٱلَّذِينَ أُوتُوا۟ ٱلْكِتَٰبَ ءَامِنُوا۟ بِمَا نَزَّلْنَا مُصَدِّقًا لِّمَا مَعَكُم مِّن قَبْلِ أَن نَّطْمِسَ وُجُوهًا فَنَرُدَّهَا عَلَىٰٓ أَدْبَارِهَآ أَوْ نَلْعَنَهُمْ كَمَا لَعَنَّآ أَصْحَٰبَ ٱلسَّبْتِ وَكَانَ أَمْرُ ٱللَّهِ مَفْعُولًا
4,51,9,4:51:9,يُؤْمِنُونَ,10,بِٱلْجِبْتِ,bi{lojiboti,jbt,jibot,explicit_other_lexical,bi[P|PREFIX|bi+] ; {lo[DET|PREFIX|Al+] ; jiboti[N|STEM|POS:N|LEM:jibot|ROOT:jbt|M|GEN],أُوتُوا@ نَصِيبًا مِّنَ ٱلْكِتَٰبِ يُؤْمِنُونَ بِٱلْجِبْتِ وَٱلطَّٰغُوتِ وَيَقُولُونَ لِلَّذِينَ,أَلَمْ تَرَ إِلَى ٱلَّذِينَ أُوتُوا۟ نَصِيبًا مِّنَ ٱلْكِتَٰبِ يُؤْمِنُونَ بِٱلْجِبْتِ وَٱلطَّٰغُوتِ وَيَقُولُونَ لِلَّذِينَ كَفَرُوا۟ هَٰٓؤُلَآءِ أَهْدَىٰ مِنَ ٱلَّذِينَ ءَامَنُوا۟ سَبِيلًا
4,55,3,4:55:3,ءَامَنَ,4,بِهِ.,bihi.,,,pronominal_unresolved,bi[P|PREFIX|bi+] ; hi.[PRON|STEM|POS:PRON|3MS],فَمِنْهُم مَّنْ ءَامَنَ بِهِ. وَمِنْهُم مَّن صَدَّ,فَمِنْهُم مَّنْ ءَامَنَ بِهِۦ وَمِنْهُم مَّن صَدَّ عَنْهُ وَكَفَىٰ بِجَهَنَّمَ سَعِيرًا
4,59,21,4:59:21,تُؤْمِنُونَ,22,بِٱللَّهِ,bi{ll~ahi,Alh,{ll~ah,explicit_allah,bi[P|PREFIX|bi+] ; {ll~ahi[PN|STEM|POS:PN|LEM:{ll~ah|ROOT:Alh|GEN],ٱللَّهِ وَٱلرَّسُولِ إِن كُنتُمْ تُؤْمِنُونَ بِٱللَّهِ وَٱلْيَوْمِ ٱلْءَاخِرِ ذَٰلِكَ,يَٰٓأَيُّهَا ٱلَّذِينَ ءَامَنُوٓا۟ أَطِيعُوا۟ ٱللَّهَ وَأَطِيعُوا۟ ٱلرَّسُولَ وَأُو۟لِى ٱلْأَمْرِ مِنكُمْ فَإِن تَنَٰزَعْتُمْ فِى شَىْءٍ فَرُدُّوهُ إِلَى ٱللَّهِ وَٱلرَّسُولِ إِن كُنتُمْ تُؤْمِنُونَ بِٱللَّهِ وَٱلْيَوْمِ ٱلْـَٔاخِرِ ذَٰلِكَ خَيْرٌ وَأَحْسَنُ تَأْوِيلًا
4,60,7,4:60:7,ءَامَنُوا@,8,بِمَا^,bimaA^,,maA,relative_or_clause_head,bi[P|PREFIX|bi+] ; maA^[REL|STEM|POS:REL|LEM:maA],إِلَى ٱلَّذِينَ يَزْعُمُونَ أَنَّهُمْ ءَامَنُوا@ بِمَا^ أُنزِلَ إِلَيْكَ وَمَا^,أَلَمْ تَرَ إِلَى ٱلَّذِينَ يَزْعُمُونَ أَنَّهُمْ ءَامَنُوا۟ بِمَآ أُنزِلَ إِلَيْكَ وَمَآ أُنزِلَ مِن قَبْلِكَ يُرِيدُونَ أَن يَتَحَاكَمُوٓا۟ إِلَى ٱلطَّٰغُوتِ وَقَدْ أُمِرُوٓا۟ أَن يَكْفُرُوا۟ بِهِۦ وَيُرِيدُ ٱلشَّيْطَٰنُ أَن يُضِلَّهُمْ ضَلَٰلًۢا بَعِيدًا
4,136,4,4:136:4,ءَامِنُوا@,5,بِٱللَّهِ,bi{ll~ahi,Alh,{ll~ah,explicit_allah,bi[P|PREFIX|bi+] ; {ll~ahi[PN|STEM|POS:PN|LEM:{ll~ah|ROOT:Alh|GEN],يَٰ^أَيُّهَا ٱلَّذِينَ ءَامَنُو^ا@ ءَامِنُوا@ بِٱللَّهِ وَرَسُولِهِ. وَٱلْكِتَٰبِ ٱلَّذِى,يَٰٓأَيُّهَا ٱلَّذِينَ ءَامَنُوٓا۟ ءَامِنُوا۟ بِٱللَّهِ وَرَسُولِهِۦ وَٱلْكِتَٰبِ ٱلَّذِى نَزَّلَ عَلَىٰ رَسُولِهِۦ وَٱلْكِتَٰبِ ٱلَّذِىٓ أَنزَلَ مِن قَبْلُ وَمَن يَكْفُرْ بِٱللَّهِ وَمَلَٰٓئِكَتِهِۦ وَكُتُبِهِۦ وَرُسُلِهِۦ وَٱلْيَوْمِ ٱلْـَٔاخِرِ فَقَدْ ضَلَّ ضَلَٰلًۢا بَعِيدًا
4,150,13,4:150:13,نُؤْمِنُ,14,بِبَعْضٍ,bibaEoDK,bED,baEoD,explicit_other_lexical,bi[P|PREFIX|bi+] ; baEoDK[N|STEM|POS:N|LEM:baEoD|ROOT:bED|M|INDEF|GEN],بَيْنَ ٱللَّهِ وَرُسُلِهِ. وَيَقُولُونَ نُؤْمِنُ بِبَعْضٍ وَنَكْفُرُ بِبَعْضٍ وَيُرِيدُونَ,إِنَّ ٱلَّذِينَ يَكْفُرُونَ بِٱللَّهِ وَرُسُلِهِۦ وَيُرِيدُونَ أَن يُفَرِّقُوا۟ بَيْنَ ٱللَّهِ وَرُسُلِهِۦ وَيَقُولُونَ نُؤْمِنُ بِبَعْضٍ وَنَكْفُرُ بِبَعْضٍ وَيُرِيدُونَ أَن يَتَّخِذُوا۟ بَيْنَ ذَٰلِكَ سَبِيلًا
4,152,2,4:152:2,ءَامَنُوا@,3,بِٱللَّهِ,bi{ll~ahi,Alh,{ll~ah,explicit_allah,bi[P|PREFIX|bi+] ; {ll~ahi[PN|STEM|POS:PN|LEM:{ll~ah|ROOT:Alh|GEN],وَٱلَّذِينَ ءَامَنُوا@ بِٱللَّهِ وَرُسُلِهِ. وَلَمْ يُفَرِّقُوا@,وَٱلَّذِينَ ءَامَنُوا۟ بِٱللَّهِ وَرُسُلِهِۦ وَلَمْ يُفَرِّقُوا۟ بَيْنَ أَحَدٍ مِّنْهُمْ أُو۟لَٰٓئِكَ سَوْفَ يُؤْتِيهِمْ أُجُورَهُمْ وَكَانَ ٱللَّهُ غَفُورًا رَّحِيمًا
4,159,6,4:159:6,لَيُؤْمِنَنَّ,7,بِهِ.,bihi.,,,pronominal_unresolved,bi[P|PREFIX|bi+] ; hi.[PRON|STEM|POS:PRON|3MS],مِّنْ أَهْلِ ٱلْكِتَٰبِ إِلَّا لَيُؤْمِنَنَّ بِهِ. قَبْلَ مَوْتِهِ. وَيَوْمَ,وَإِن مِّنْ أَهْلِ ٱلْكِتَٰبِ إِلَّا لَيُؤْمِنَنَّ بِهِۦ قَبْلَ مَوْتِهِۦ وَيَوْمَ ٱلْقِيَٰمَةِ يَكُونُ عَلَيْهِمْ شَهِيدًا
4,162,7,4:162:7,يُؤْمِنُونَ,8,بِمَا^,bimaA^,,maA,relative_or_clause_head,bi[P|PREFIX|bi+] ; maA^[REL|STEM|POS:REL|LEM:maA],فِى ٱلْعِلْمِ مِنْهُمْ وَٱلْمُؤْمِنُونَ يُؤْمِنُونَ بِمَا^ أُنزِلَ إِلَيْكَ وَمَا^,لَّٰكِنِ ٱلرَّٰسِخُونَ فِى ٱلْعِلْمِ مِنْهُمْ وَٱلْمُؤْمِنُونَ يُؤْمِنُونَ بِمَآ أُنزِلَ إِلَيْكَ وَمَآ أُنزِلَ مِن قَبْلِكَ وَٱلْمُقِيمِينَ ٱلصَّلَوٰةَ وَٱلْمُؤْتُونَ ٱلزَّكَوٰةَ وَٱلْمُؤْمِنُونَ بِٱللَّهِ وَٱلْيَوْمِ ٱلْـَٔاخِرِ أُو۟لَٰٓئِكَ سَنُؤْتِيهِمْ أَجْرًا عَظِيمًا
4,171,26,4:171:26,فَـ#َامِنُوا@,27,بِٱللَّهِ,bi{ll~ahi,Alh,{ll~ah,explicit_allah,bi[P|PREFIX|bi+] ; {ll~ahi[PN|STEM|POS:PN|LEM:{ll~ah|ROOT:Alh|GEN],إِلَىٰ مَرْيَمَ وَرُوحٌ مِّنْهُ فَـ#َامِنُوا@ بِٱللَّهِ وَرُسُلِهِ. وَلَا تَقُولُوا@,يَٰٓأَهْلَ ٱلْكِتَٰبِ لَا تَغْلُوا۟ فِى دِينِكُمْ وَلَا تَقُولُوا۟ عَلَى ٱللَّهِ إِلَّا ٱلْحَقَّ إِنَّمَا ٱلْمَسِيحُ عِيسَى ٱبْنُ مَرْيَمَ رَسُولُ ٱللَّهِ وَكَلِمَتُهُۥٓ أَلْقَىٰهَآ إِلَىٰ مَرْيَمَ وَرُوحٌ مِّنْهُ فَـَٔامِنُوا۟ بِٱللَّهِ وَرُسُلِهِۦ وَلَا تَقُولُوا۟ ثَلَٰثَةٌ ٱنتَهُوا۟ خَيْرًا لَّكُمْ إِنَّمَا ٱللَّهُ إِلَٰهٌ وَٰحِدٌ سُبْحَٰنَهُۥٓ أَن يَكُونَ لَهُۥ وَلَدٌ لَّهُۥ مَا فِى ٱلسَّمَٰوَٰتِ وَمَا فِى ٱلْأَرْضِ وَكَفَىٰ بِٱللَّهِ وَكِيلًا
4,175,3,4:175:3,ءَامَنُوا@,4,بِٱللَّهِ,bi{ll~ahi,Alh,{ll~ah,explicit_allah,bi[P|PREFIX|bi+] ; {ll~ahi[PN|STEM|POS:PN|LEM:{ll~ah|ROOT:Alh|GEN],فَأَمَّا ٱلَّذِينَ ءَامَنُوا@ بِٱللَّهِ وَٱعْتَصَمُوا@ بِهِ. فَسَيُدْخِلُهُمْ,فَأَمَّا ٱلَّذِينَ ءَامَنُوا۟ بِٱللَّهِ وَٱعْتَصَمُوا۟ بِهِۦ فَسَيُدْخِلُهُمْ فِى رَحْمَةٍ مِّنْهُ وَفَضْلٍ وَيَهْدِيهِمْ إِلَيْهِ صِرَٰطًا مُّسْتَقِيمًا
5,12,21,5:12:21,وَءَامَنتُم,22,بِرُسُلِى,birusuliY,rsl,rasuwl,explicit_messenger,bi[P|PREFIX|bi+] ; rusuli[N|STEM|POS:N|LEM:rasuwl|ROOT:rsl|MP|GEN] ; Y[PRON|SUFFIX|PRON:1S],أَقَمْتُمُ ٱلصَّلَوٰةَ وَءَاتَيْتُمُ ٱلزَّكَوٰةَ وَءَامَنتُم بِرُسُلِى وَعَزَّرْتُمُوهُمْ وَأَقْرَضْتُمُ ٱللَّهَ,وَلَقَدْ أَخَذَ ٱللَّهُ مِيثَٰقَ بَنِىٓ إِسْرَٰٓءِيلَ وَبَعَثْنَا مِنْهُمُ ٱثْنَىْ عَشَرَ نَقِيبًا وَقَالَ ٱللَّهُ إِنِّى مَعَكُمْ لَئِنْ أَقَمْتُمُ ٱلصَّلَوٰةَ وَءَاتَيْتُمُ ٱلزَّكَوٰةَ وَءَامَنتُم بِرُسُلِى وَعَزَّرْتُمُوهُمْ وَأَقْرَضْتُمُ ٱللَّهَ قَرْضًا حَسَنًا لَّأُكَفِّرَنَّ عَنكُمْ سَيِّـَٔاتِكُمْ وَلَأُدْخِلَنَّكُمْ جَنَّٰتٍ تَجْرِى مِن تَحْتِهَا ٱلْأَنْهَٰرُ فَمَن كَفَرَ بَعْدَ ذَٰلِكَ مِنكُمْ فَقَدْ ضَلَّ سَوَآءَ ٱلسَّبِيلِ
5,41,12,5:41:12,ءَامَنَّا,13,بِأَفْوَٰهِهِمْ,bi>afowa`hihimo,fwh,>afowa`h,explicit_other_lexical,bi[P|PREFIX|bi+] ; >afowa`hi[N|STEM|POS:N|LEM:>afowa`h|ROOT:fwh|MP|GEN] ; himo[PRON|SUFFIX|PRON:3MP],ٱلْكُفْرِ مِنَ ٱلَّذِينَ قَالُو^ا@ ءَامَنَّا بِأَفْوَٰهِهِمْ وَلَمْ تُؤْمِن قُلُوبُهُمْ,يَٰٓأَيُّهَا ٱلرَّسُولُ لَا يَحْزُنكَ ٱلَّذِينَ يُسَٰرِعُونَ فِى ٱلْكُفْرِ مِنَ ٱلَّذِينَ قَالُوٓا۟ ءَامَنَّا بِأَفْوَٰهِهِمْ وَلَمْ تُؤْمِن قُلُوبُهُمْ وَمِنَ ٱلَّذِينَ هَادُوا۟ سَمَّٰعُونَ لِلْكَذِبِ سَمَّٰعُونَ لِقَوْمٍ ءَاخَرِينَ لَمْ يَأْتُوكَ يُحَرِّفُونَ ٱلْكَلِمَ مِنۢ بَعْدِ مَوَاضِعِهِۦ يَقُولُونَ إِنْ أُوتِيتُمْ هَٰذَا فَخُذُوهُ وَإِن لَّمْ تُؤْتَوْهُ فَٱحْذَرُوا۟ وَمَن يُرِدِ ٱللَّهُ فِتْنَتَهُۥ فَلَن تَمْلِكَ لَهُۥ مِنَ ٱللَّهِ شَيْـًٔا أُو۟لَٰٓئِكَ ٱلَّذِينَ لَمْ يُرِدِ ٱللَّهُ أَن يُطَهِّرَ قُلُوبَهُمْ لَهُمْ فِى ٱلدُّنْيَا خِزْىٌ وَلَهُمْ فِى ٱلْـَٔاخِرَةِ عَذَابٌ عَظِيمٌ
5,59,9,5:59:9,ءَامَنَّا,10,بِٱللَّهِ,bi{ll~ahi,Alh,{ll~ah,explicit_allah,bi[P|PREFIX|bi+] ; {ll~ahi[PN|STEM|POS:PN|LEM:{ll~ah|ROOT:Alh|GEN],تَنقِمُونَ مِنَّا^ إِلَّا^ أَنْ ءَامَنَّا بِٱللَّهِ وَمَا^ أُنزِلَ إِلَيْنَا,قُلْ يَٰٓأَهْلَ ٱلْكِتَٰبِ هَلْ تَنقِمُونَ مِنَّآ إِلَّآ أَنْ ءَامَنَّا بِٱللَّهِ وَمَآ أُنزِلَ إِلَيْنَا وَمَآ أُنزِلَ مِن قَبْلُ وَأَنَّ أَكْثَرَكُمْ فَٰسِقُونَ
5,69,9,5:69:9,ءَامَنَ,10,بِٱللَّهِ,bi{ll~ahi,Alh,{ll~ah,explicit_allah,bi[P|PREFIX|bi+] ; {ll~ahi[PN|STEM|POS:PN|LEM:{ll~ah|ROOT:Alh|GEN],هَادُوا@ وَٱلصَّٰبِـ#ُونَ وَٱلنَّصَٰرَىٰ مَنْ ءَامَنَ بِٱللَّهِ وَٱلْيَوْمِ ٱلْءَاخِرِ وَعَمِلَ,إِنَّ ٱلَّذِينَ ءَامَنُوا۟ وَٱلَّذِينَ هَادُوا۟ وَٱلصَّٰبِـُٔونَ وَٱلنَّصَٰرَىٰ مَنْ ءَامَنَ بِٱللَّهِ وَٱلْيَوْمِ ٱلْـَٔاخِرِ وَعَمِلَ صَٰلِحًا فَلَا خَوْفٌ عَلَيْهِمْ وَلَا هُمْ يَحْزَنُونَ
5,81,3,5:81:3,يُؤْمِنُونَ,4,بِٱللَّهِ,bi{ll~ahi,Alh,{ll~ah,explicit_allah,bi[P|PREFIX|bi+] ; {ll~ahi[PN|STEM|POS:PN|LEM:{ll~ah|ROOT:Alh|GEN],وَلَوْ كَانُوا@ يُؤْمِنُونَ بِٱللَّهِ وَٱلنَّبِىِّ وَمَا^ أُنزِلَ,وَلَوْ كَانُوا۟ يُؤْمِنُونَ بِٱللَّهِ وَٱلنَّبِىِّ وَمَآ أُنزِلَ إِلَيْهِ مَا ٱتَّخَذُوهُمْ أَوْلِيَآءَ وَلَٰكِنَّ كَثِيرًا مِّنْهُمْ فَٰسِقُونَ
5,84,4,5:84:4,نُؤْمِنُ,5,بِٱللَّهِ,bi{ll~ahi,Alh,{ll~ah,explicit_allah,bi[P|PREFIX|bi+] ; {ll~ahi[PN|STEM|POS:PN|LEM:{ll~ah|ROOT:Alh|GEN],وَمَا لَنَا لَا نُؤْمِنُ بِٱللَّهِ وَمَا جَا^ءَنَا مِنَ,وَمَا لَنَا لَا نُؤْمِنُ بِٱللَّهِ وَمَا جَآءَنَا مِنَ ٱلْحَقِّ وَنَطْمَعُ أَن يُدْخِلَنَا رَبُّنَا مَعَ ٱلْقَوْمِ ٱلصَّٰلِحِينَ
5,111,6,5:111:6,ءَامِنُوا@,7,بِى,biY,,,pronominal_unresolved,bi[P|PREFIX|bi+] ; Y[PRON|STEM|POS:PRON|1S],أَوْحَيْتُ إِلَى ٱلْحَوَارِيِّ.نَ أَنْ ءَامِنُوا@ بِى وَبِرَسُولِى قَالُو^ا@ ءَامَنَّا,وَإِذْ أَوْحَيْتُ إِلَى ٱلْحَوَارِيِّـۧنَ أَنْ ءَامِنُوا۟ بِى وَبِرَسُولِى قَالُوٓا۟ ءَامَنَّا وَٱشْهَدْ بِأَنَّنَا مُسْلِمُونَ
6,25,19,6:25:19,يُؤْمِنُوا@,20,بِهَا,bihaA,,,pronominal_unresolved,bi[P|PREFIX|bi+] ; haA[PRON|STEM|POS:PRON|3FS],يَرَوْا@ كُلَّ ءَايَةٍ لَّا يُؤْمِنُوا@ بِهَا حَتَّىٰ^ إِذَا جَا^ءُوكَ,وَمِنْهُم مَّن يَسْتَمِعُ إِلَيْكَ وَجَعَلْنَا عَلَىٰ قُلُوبِهِمْ أَكِنَّةً أَن يَفْقَهُوهُ وَفِىٓ ءَاذَانِهِمْ وَقْرًا وَإِن يَرَوْا۟ كُلَّ ءَايَةٍ لَّا يُؤْمِنُوا۟ بِهَا حَتَّىٰٓ إِذَا جَآءُوكَ يُجَٰدِلُونَكَ يَقُولُ ٱلَّذِينَ كَفَرُوٓا۟ إِنْ هَٰذَآ إِلَّآ أَسَٰطِيرُ ٱلْأَوَّلِينَ
6,54,4,6:54:4,يُؤْمِنُونَ,5,بِـ#َايَٰتِنَا,bi_#aAya`tinaA,Ayy,'aAyap,explicit_ayah,bi[P|PREFIX|bi+] ; _#aAya`ti[N|STEM|POS:N|LEM:'aAyap|ROOT:Ayy|FP|GEN] ; naA[PRON|SUFFIX|PRON:1P],وَإِذَا جَا^ءَكَ ٱلَّذِينَ يُؤْمِنُونَ بِـ#َايَٰتِنَا فَقُلْ سَلَٰمٌ عَلَيْكُمْ,وَإِذَا جَآءَكَ ٱلَّذِينَ يُؤْمِنُونَ بِـَٔايَٰتِنَا فَقُلْ سَلَٰمٌ عَلَيْكُمْ كَتَبَ رَبُّكُمْ عَلَىٰ نَفْسِهِ ٱلرَّحْمَةَ أَنَّهُۥ مَنْ عَمِلَ مِنكُمْ سُوٓءًۢا بِجَهَٰلَةٍ ثُمَّ تَابَ مِنۢ بَعْدِهِۦ وَأَصْلَحَ فَأَنَّهُۥ غَفُورٌ رَّحِيمٌ
6,92,15,6:92:15,يُؤْمِنُونَ,16,بِٱلْءَاخِرَةِ,bi{lo'aAxirapi,Axr,A^xir,explicit_afterlife,bi[P|PREFIX|bi+] ; {lo[DET|PREFIX|Al+] ; 'aAxirapi[N|STEM|POS:N|LEM:A^xir|ROOT:Axr|FS|GEN],ٱلْقُرَىٰ وَمَنْ حَوْلَهَا وَٱلَّذِينَ يُؤْمِنُونَ بِٱلْءَاخِرَةِ يُؤْمِنُونَ بِهِ. وَهُمْ,وَهَٰذَا كِتَٰبٌ أَنزَلْنَٰهُ مُبَارَكٌ مُّصَدِّقُ ٱلَّذِى بَيْنَ يَدَيْهِ وَلِتُنذِرَ أُمَّ ٱلْقُرَىٰ وَمَنْ حَوْلَهَا وَٱلَّذِينَ يُؤْمِنُونَ بِٱلْـَٔاخِرَةِ يُؤْمِنُونَ بِهِۦ وَهُمْ عَلَىٰ صَلَاتِهِمْ يُحَافِظُونَ
6,92,17,6:92:17,يُؤْمِنُونَ,18,بِهِ.,bihi.,,,pronominal_unresolved,bi[P|PREFIX|bi+] ; hi.[PRON|STEM|POS:PRON|3MS],حَوْلَهَا وَٱلَّذِينَ يُؤْمِنُونَ بِٱلْءَاخِرَةِ يُؤْمِنُونَ بِهِ. وَهُمْ عَلَىٰ صَلَاتِهِمْ,وَهَٰذَا كِتَٰبٌ أَنزَلْنَٰهُ مُبَارَكٌ مُّصَدِّقُ ٱلَّذِى بَيْنَ يَدَيْهِ وَلِتُنذِرَ أُمَّ ٱلْقُرَىٰ وَمَنْ حَوْلَهَا وَٱلَّذِينَ يُؤْمِنُونَ بِٱلْـَٔاخِرَةِ يُؤْمِنُونَ بِهِۦ وَهُمْ عَلَىٰ صَلَاتِهِمْ يُحَافِظُونَ
6,109,8,6:109:8,لَّيُؤْمِنُنَّ,9,بِهَا,bihaA,,,pronominal_unresolved,bi[P|PREFIX|bi+] ; haA[PRON|STEM|POS:PRON|3FS],أَيْمَٰنِهِمْ لَئِن جَا^ءَتْهُمْ ءَايَةٌ لَّيُؤْمِنُنَّ بِهَا قُلْ إِنَّمَا ٱلْءَايَٰتُ,وَأَقْسَمُوا۟ بِٱللَّهِ جَهْدَ أَيْمَٰنِهِمْ لَئِن جَآءَتْهُمْ ءَايَةٌ لَّيُؤْمِنُنَّ بِهَا قُلْ إِنَّمَا ٱلْـَٔايَٰتُ عِندَ ٱللَّهِ وَمَا يُشْعِرُكُمْ أَنَّهَآ إِذَا جَآءَتْ لَا يُؤْمِنُونَ
6,110,6,6:110:6,يُؤْمِنُوا@,7,بِهِ.^,bihi.^,,,pronominal_unresolved,bi[P|PREFIX|bi+] ; hi.^[PRON|STEM|POS:PRON|3MS],أَفْـ#ِدَتَهُمْ وَأَبْصَٰرَهُمْ كَمَا لَمْ يُؤْمِنُوا@ بِهِ.^ أَوَّلَ مَرَّةٍ وَنَذَرُهُمْ,وَنُقَلِّبُ أَفْـِٔدَتَهُمْ وَأَبْصَٰرَهُمْ كَمَا لَمْ يُؤْمِنُوا۟ بِهِۦٓ أَوَّلَ مَرَّةٍ وَنَذَرُهُمْ فِى طُغْيَٰنِهِمْ يَعْمَهُونَ
6,113,6,6:113:6,يُؤْمِنُونَ,7,بِٱلْءَاخِرَةِ,bi{lo'aAxirapi,Axr,A^xir,explicit_afterlife,bi[P|PREFIX|bi+] ; {lo[DET|PREFIX|Al+] ; 'aAxirapi[N|STEM|POS:N|LEM:A^xir|ROOT:Axr|FS|GEN],إِلَيْهِ أَفْـ#ِدَةُ ٱلَّذِينَ لَا يُؤْمِنُونَ بِٱلْءَاخِرَةِ وَلِيَرْضَوْهُ وَلِيَقْتَرِفُوا@ مَا,وَلِتَصْغَىٰٓ إِلَيْهِ أَفْـِٔدَةُ ٱلَّذِينَ لَا يُؤْمِنُونَ بِٱلْـَٔاخِرَةِ وَلِيَرْضَوْهُ وَلِيَقْتَرِفُوا۟ مَا هُم مُّقْتَرِفُونَ
6,150,23,6:150:23,يُؤْمِنُونَ,24,بِٱلْءَاخِرَةِ,bi{lo'aAxirapi,Axr,A^xir,explicit_afterlife,bi[P|PREFIX|bi+] ; {lo[DET|PREFIX|Al+] ; 'aAxirapi[N|STEM|POS:N|LEM:A^xir|ROOT:Axr|FS|GEN],كَذَّبُوا@ بِـ#َايَٰتِنَا وَٱلَّذِينَ لَا يُؤْمِنُونَ بِٱلْءَاخِرَةِ وَهُم بِرَبِّهِمْ يَعْدِلُونَ,قُلْ هَلُمَّ شُهَدَآءَكُمُ ٱلَّذِينَ يَشْهَدُونَ أَنَّ ٱللَّهَ حَرَّمَ هَٰذَا فَإِن شَهِدُوا۟ فَلَا تَشْهَدْ مَعَهُمْ وَلَا تَتَّبِعْ أَهْوَآءَ ٱلَّذِينَ كَذَّبُوا۟ بِـَٔايَٰتِنَا وَٱلَّذِينَ لَا يُؤْمِنُونَ بِٱلْـَٔاخِرَةِ وَهُم بِرَبِّهِمْ يَعْدِلُونَ
7,76,6,7:76:6,ءَامَنتُم,7,بِهِ.,bihi.,,,pronominal_unresolved,bi[P|PREFIX|bi+] ; hi.[PRON|STEM|POS:PRON|3MS],ٱلَّذِينَ ٱسْتَكْبَرُو^ا@ إِنَّا بِٱلَّذِى^ ءَامَنتُم بِهِ. كَٰفِرُونَ,قَالَ ٱلَّذِينَ ٱسْتَكْبَرُوٓا۟ إِنَّا بِٱلَّذِىٓ ءَامَنتُم بِهِۦ كَٰفِرُونَ
7,86,11,7:86:11,ءَامَنَ,12,بِهِ.,bihi.,,,pronominal_unresolved,bi[P|PREFIX|bi+] ; hi.[PRON|STEM|POS:PRON|3MS],عَن سَبِيلِ ٱللَّهِ مَنْ ءَامَنَ بِهِ. وَتَبْغُونَهَا عِوَجًا وَٱذْكُرُو^ا@,وَلَا تَقْعُدُوا۟ بِكُلِّ صِرَٰطٍ تُوعِدُونَ وَتَصُدُّونَ عَن سَبِيلِ ٱللَّهِ مَنْ ءَامَنَ بِهِۦ وَتَبْغُونَهَا عِوَجًا وَٱذْكُرُوٓا۟ إِذْ كُنتُمْ قَلِيلًا فَكَثَّرَكُمْ وَٱنظُرُوا۟ كَيْفَ كَانَ عَٰقِبَةُ ٱلْمُفْسِدِينَ
7,87,5,7:87:5,ءَامَنُوا@,6,بِٱلَّذِى^,bi{l~a*iY^,,{l~a*iY,relative_or_clause_head,bi[P|PREFIX|bi+] ; {l~a*iY^[REL|STEM|POS:REL|LEM:{l~a*iY|MS],وَإِن كَانَ طَا^ئِفَةٌ مِّنكُمْ ءَامَنُوا@ بِٱلَّذِى^ أُرْسِلْتُ بِهِ. وَطَا^ئِفَةٌ,وَإِن كَانَ طَآئِفَةٌ مِّنكُمْ ءَامَنُوا۟ بِٱلَّذِىٓ أُرْسِلْتُ بِهِۦ وَطَآئِفَةٌ لَّمْ يُؤْمِنُوا۟ فَٱصْبِرُوا۟ حَتَّىٰ يَحْكُمَ ٱللَّهُ بَيْنَنَا وَهُوَ خَيْرُ ٱلْحَٰكِمِينَ
7,101,13,7:101:13,لِيُؤْمِنُوا@,14,بِمَا,bimaA,,maA,relative_or_clause_head,bi[P|PREFIX|bi+] ; maA[REL|STEM|POS:REL|LEM:maA],رُسُلُهُم بِٱلْبَيِّنَٰتِ فَمَا كَانُوا@ لِيُؤْمِنُوا@ بِمَا كَذَّبُوا@ مِن قَبْلُ,تِلْكَ ٱلْقُرَىٰ نَقُصُّ عَلَيْكَ مِنْ أَنۢبَآئِهَا وَلَقَدْ جَآءَتْهُمْ رُسُلُهُم بِٱلْبَيِّنَٰتِ فَمَا كَانُوا۟ لِيُؤْمِنُوا۟ بِمَا كَذَّبُوا۟ مِن قَبْلُ كَذَٰلِكَ يَطْبَعُ ٱللَّهُ عَلَىٰ قُلُوبِ ٱلْكَٰفِرِينَ
7,121,2,7:121:2,ءَامَنَّا,3,بِرَبِّ,birab~i,rbb,rab~,explicit_rabb,bi[P|PREFIX|bi+] ; rab~i[N|STEM|POS:N|LEM:rab~|ROOT:rbb|M|GEN],قَالُو^ا@ ءَامَنَّا بِرَبِّ ٱلْعَٰلَمِينَ,قَالُوٓا۟ ءَامَنَّا بِرَبِّ ٱلْعَٰلَمِينَ
7,123,3,7:123:3,ءَامَنتُم,4,بِهِ.,bihi.,,,pronominal_unresolved,bi[P|PREFIX|bi+] ; hi.[PRON|STEM|POS:PRON|3MS],قَالَ فِرْعَوْنُ ءَامَنتُم بِهِ. قَبْلَ أَنْ ءَاذَنَ,قَالَ فِرْعَوْنُ ءَامَنتُم بِهِۦ قَبْلَ أَنْ ءَاذَنَ لَكُمْ إِنَّ هَٰذَا لَمَكْرٌ مَّكَرْتُمُوهُ فِى ٱلْمَدِينَةِ لِتُخْرِجُوا۟ مِنْهَآ أَهْلَهَا فَسَوْفَ تَعْلَمُونَ
7,126,6,7:126:6,ءَامَنَّا,7,بِـ#َايَٰتِ,bi_#aAya`ti,Ayy,'aAyap,explicit_ayah,bi[P|PREFIX|bi+] ; _#aAya`ti[N|STEM|POS:N|LEM:'aAyap|ROOT:Ayy|FP|GEN],تَنقِمُ مِنَّا^ إِلَّا^ أَنْ ءَامَنَّا بِـ#َايَٰتِ رَبِّنَا لَمَّا جَا^ءَتْنَا,وَمَا تَنقِمُ مِنَّآ إِلَّآ أَنْ ءَامَنَّا بِـَٔايَٰتِ رَبِّنَا لَمَّا جَآءَتْنَا رَبَّنَآ أَفْرِغْ عَلَيْنَا صَبْرًا وَتَوَفَّنَا مُسْلِمِينَ
7,146,15,7:146:15,يُؤْمِنُوا@,16,بِهَا,bihaA,,,pronominal_unresolved,bi[P|PREFIX|bi+] ; haA[PRON|STEM|POS:PRON|3FS],يَرَوْا@ كُلَّ ءَايَةٍ لَّا يُؤْمِنُوا@ بِهَا وَإِن يَرَوْا@ سَبِيلَ,سَأَصْرِفُ عَنْ ءَايَٰتِىَ ٱلَّذِينَ يَتَكَبَّرُونَ فِى ٱلْأَرْضِ بِغَيْرِ ٱلْحَقِّ وَإِن يَرَوْا۟ كُلَّ ءَايَةٍ لَّا يُؤْمِنُوا۟ بِهَا وَإِن يَرَوْا۟ سَبِيلَ ٱلرُّشْدِ لَا يَتَّخِذُوهُ سَبِيلًا وَإِن يَرَوْا۟ سَبِيلَ ٱلْغَىِّ يَتَّخِذُوهُ سَبِيلًا ذَٰلِكَ بِأَنَّهُمْ كَذَّبُوا۟ بِـَٔايَٰتِنَا وَكَانُوا۟ عَنْهَا غَٰفِلِينَ
7,157,32,7:157:32,ءَامَنُوا@,33,بِهِ.,bihi.,,,pronominal_unresolved,bi[P|PREFIX|bi+] ; hi.[PRON|STEM|POS:PRON|3MS],ٱلَّتِى كَانَتْ عَلَيْهِمْ فَٱلَّذِينَ ءَامَنُوا@ بِهِ. وَعَزَّرُوهُ وَنَصَرُوهُ وَٱتَّبَعُوا@,ٱلَّذِينَ يَتَّبِعُونَ ٱلرَّسُولَ ٱلنَّبِىَّ ٱلْأُمِّىَّ ٱلَّذِى يَجِدُونَهُۥ مَكْتُوبًا عِندَهُمْ فِى ٱلتَّوْرَىٰةِ وَٱلْإِنجِيلِ يَأْمُرُهُم بِٱلْمَعْرُوفِ وَيَنْهَىٰهُمْ عَنِ ٱلْمُنكَرِ وَيُحِلُّ لَهُمُ ٱلطَّيِّبَٰتِ وَيُحَرِّمُ عَلَيْهِمُ ٱلْخَبَٰٓئِثَ وَيَضَعُ عَنْهُمْ إِصْرَهُمْ وَٱلْأَغْلَٰلَ ٱلَّتِى كَانَتْ عَلَيْهِمْ فَٱلَّذِينَ ءَامَنُوا۟ بِهِۦ وَعَزَّرُوهُ وَنَصَرُوهُ وَٱتَّبَعُوا۟ ٱلنُّورَ ٱلَّذِىٓ أُنزِلَ مَعَهُۥٓ أُو۟لَٰٓئِكَ هُمُ ٱلْمُفْلِحُونَ
7,158,20,7:158:20,فَـ#َامِنُوا@,21,بِٱللَّهِ,bi{ll~ahi,Alh,{ll~ah,explicit_allah,bi[P|PREFIX|bi+] ; {ll~ahi[PN|STEM|POS:PN|LEM:{ll~ah|ROOT:Alh|GEN],إِلَّا هُوَ يُحْىِ. وَيُمِيتُ فَـ#َامِنُوا@ بِٱللَّهِ وَرَسُولِهِ ٱلنَّبِىِّ ٱلْأُمِّىِّ,قُلْ يَٰٓأَيُّهَا ٱلنَّاسُ إِنِّى رَسُولُ ٱللَّهِ إِلَيْكُمْ جَمِيعًا ٱلَّذِى لَهُۥ مُلْكُ ٱلسَّمَٰوَٰتِ وَٱلْأَرْضِ لَآ إِلَٰهَ إِلَّا هُوَ يُحْىِۦ وَيُمِيتُ فَـَٔامِنُوا۟ بِٱللَّهِ وَرَسُولِهِ ٱلنَّبِىِّ ٱلْأُمِّىِّ ٱلَّذِى يُؤْمِنُ بِٱللَّهِ وَكَلِمَٰتِهِۦ وَٱتَّبِعُوهُ لَعَلَّكُمْ تَهْتَدُونَ
7,158,26,7:158:26,يُؤْمِنُ,27,بِٱللَّهِ,bi{ll~ahi,Alh,{ll~ah,explicit_allah,bi[P|PREFIX|bi+] ; {ll~ahi[PN|STEM|POS:PN|LEM:{ll~ah|ROOT:Alh|GEN],وَرَسُولِهِ ٱلنَّبِىِّ ٱلْأُمِّىِّ ٱلَّذِى يُؤْمِنُ بِٱللَّهِ وَكَلِمَٰتِهِ. وَٱتَّبِعُوهُ لَعَلَّكُمْ,قُلْ يَٰٓأَيُّهَا ٱلنَّاسُ إِنِّى رَسُولُ ٱللَّهِ إِلَيْكُمْ جَمِيعًا ٱلَّذِى لَهُۥ مُلْكُ ٱلسَّمَٰوَٰتِ وَٱلْأَرْضِ لَآ إِلَٰهَ إِلَّا هُوَ يُحْىِۦ وَيُمِيتُ فَـَٔامِنُوا۟ بِٱللَّهِ وَرَسُولِهِ ٱلنَّبِىِّ ٱلْأُمِّىِّ ٱلَّذِى يُؤْمِنُ بِٱللَّهِ وَكَلِمَٰتِهِۦ وَٱتَّبِعُوهُ لَعَلَّكُمْ تَهْتَدُونَ
8,41,18,8:41:18,ءَامَنتُم,19,بِٱللَّهِ,bi{ll~ahi,Alh,{ll~ah,explicit_allah,bi[P|PREFIX|bi+] ; {ll~ahi[PN|STEM|POS:PN|LEM:{ll~ah|ROOT:Alh|GEN],وَٱبْنِ ٱلسَّبِيلِ إِن كُنتُمْ ءَامَنتُم بِٱللَّهِ وَمَا^ أَنزَلْنَا عَلَىٰ,وَٱعْلَمُوٓا۟ أَنَّمَا غَنِمْتُم مِّن شَىْءٍ فَأَنَّ لِلَّهِ خُمُسَهُۥ وَلِلرَّسُولِ وَلِذِى ٱلْقُرْبَىٰ وَٱلْيَتَٰمَىٰ وَٱلْمَسَٰكِينِ وَٱبْنِ ٱلسَّبِيلِ إِن كُنتُمْ ءَامَنتُم بِٱللَّهِ وَمَآ أَنزَلْنَا عَلَىٰ عَبْدِنَا يَوْمَ ٱلْفُرْقَانِ يَوْمَ ٱلْتَقَى ٱلْجَمْعَانِ وَٱللَّهُ عَلَىٰ كُلِّ شَىْءٍ قَدِيرٌ
9,18,6,9:18:6,ءَامَنَ,7,بِٱللَّهِ,bi{ll~ahi,Alh,{ll~ah,explicit_allah,bi[P|PREFIX|bi+] ; {ll~ahi[PN|STEM|POS:PN|LEM:{ll~ah|ROOT:Alh|GEN],يَعْمُرُ مَسَٰجِدَ ٱللَّهِ مَنْ ءَامَنَ بِٱللَّهِ وَٱلْيَوْمِ ٱلْءَاخِرِ وَأَقَامَ,إِنَّمَا يَعْمُرُ مَسَٰجِدَ ٱللَّهِ مَنْ ءَامَنَ بِٱللَّهِ وَٱلْيَوْمِ ٱلْـَٔاخِرِ وَأَقَامَ ٱلصَّلَوٰةَ وَءَاتَى ٱلزَّكَوٰةَ وَلَمْ يَخْشَ إِلَّا ٱللَّهَ فَعَسَىٰٓ أُو۟لَٰٓئِكَ أَن يَكُونُوا۟ مِنَ ٱلْمُهْتَدِينَ
9,19,8,9:19:8,ءَامَنَ,9,بِٱللَّهِ,bi{ll~ahi,Alh,{ll~ah,explicit_allah,bi[P|PREFIX|bi+] ; {ll~ahi[PN|STEM|POS:PN|LEM:{ll~ah|ROOT:Alh|GEN],وَعِمَارَةَ ٱلْمَسْجِدِ ٱلْحَرَامِ كَمَنْ ءَامَنَ بِٱللَّهِ وَٱلْيَوْمِ ٱلْءَاخِرِ وَجَٰهَدَ,أَجَعَلْتُمْ سِقَايَةَ ٱلْحَآجِّ وَعِمَارَةَ ٱلْمَسْجِدِ ٱلْحَرَامِ كَمَنْ ءَامَنَ بِٱللَّهِ وَٱلْيَوْمِ ٱلْـَٔاخِرِ وَجَٰهَدَ فِى سَبِيلِ ٱللَّهِ لَا يَسْتَوُۥنَ عِندَ ٱللَّهِ وَٱللَّهُ لَا يَهْدِى ٱلْقَوْمَ ٱلظَّٰلِمِينَ
9,29,4,9:29:4,يُؤْمِنُونَ,5,بِٱللَّهِ,bi{ll~ahi,Alh,{ll~ah,explicit_allah,bi[P|PREFIX|bi+] ; {ll~ahi[PN|STEM|POS:PN|LEM:{ll~ah|ROOT:Alh|GEN],قَٰتِلُوا@ ٱلَّذِينَ لَا يُؤْمِنُونَ بِٱللَّهِ وَلَا بِٱلْيَوْمِ ٱلْءَاخِرِ,قَٰتِلُوا۟ ٱلَّذِينَ لَا يُؤْمِنُونَ بِٱللَّهِ وَلَا بِٱلْيَوْمِ ٱلْـَٔاخِرِ وَلَا يُحَرِّمُونَ مَا حَرَّمَ ٱللَّهُ وَرَسُولُهُۥ وَلَا يَدِينُونَ دِينَ ٱلْحَقِّ مِنَ ٱلَّذِينَ أُوتُوا۟ ٱلْكِتَٰبَ حَتَّىٰ يُعْطُوا۟ ٱلْجِزْيَةَ عَن يَدٍ وَهُمْ صَٰغِرُونَ
9,44,4,9:44:4,يُؤْمِنُونَ,5,بِٱللَّهِ,bi{ll~ahi,Alh,{ll~ah,explicit_allah,bi[P|PREFIX|bi+] ; {ll~ahi[PN|STEM|POS:PN|LEM:{ll~ah|ROOT:Alh|GEN],لَا يَسْتَـ#ْذِنُكَ ٱلَّذِينَ يُؤْمِنُونَ بِٱللَّهِ وَٱلْيَوْمِ ٱلْءَاخِرِ أَن,لَا يَسْتَـْٔذِنُكَ ٱلَّذِينَ يُؤْمِنُونَ بِٱللَّهِ وَٱلْيَوْمِ ٱلْـَٔاخِرِ أَن يُجَٰهِدُوا۟ بِأَمْوَٰلِهِمْ وَأَنفُسِهِمْ وَٱللَّهُ عَلِيمٌۢ بِٱلْمُتَّقِينَ
9,45,5,9:45:5,يُؤْمِنُونَ,6,بِٱللَّهِ,bi{ll~ahi,Alh,{ll~ah,explicit_allah,bi[P|PREFIX|bi+] ; {ll~ahi[PN|STEM|POS:PN|LEM:{ll~ah|ROOT:Alh|GEN],إِنَّمَا يَسْتَـ#ْذِنُكَ ٱلَّذِينَ لَا يُؤْمِنُونَ بِٱللَّهِ وَٱلْيَوْمِ ٱلْءَاخِرِ وَٱرْتَابَتْ,إِنَّمَا يَسْتَـْٔذِنُكَ ٱلَّذِينَ لَا يُؤْمِنُونَ بِٱللَّهِ وَٱلْيَوْمِ ٱلْـَٔاخِرِ وَٱرْتَابَتْ قُلُوبُهُمْ فَهُمْ فِى رَيْبِهِمْ يَتَرَدَّدُونَ
9,61,12,9:61:12,يُؤْمِنُ,13,بِٱللَّهِ,bi{ll~ahi,Alh,{ll~ah,explicit_allah,bi[P|PREFIX|bi+] ; {ll~ahi[PN|STEM|POS:PN|LEM:{ll~ah|ROOT:Alh|GEN],قُلْ أُذُنُ خَيْرٍ لَّكُمْ يُؤْمِنُ بِٱللَّهِ وَيُؤْمِنُ لِلْمُؤْمِنِينَ وَرَحْمَةٌ,وَمِنْهُمُ ٱلَّذِينَ يُؤْذُونَ ٱلنَّبِىَّ وَيَقُولُونَ هُوَ أُذُنٌ قُلْ أُذُنُ خَيْرٍ لَّكُمْ يُؤْمِنُ بِٱللَّهِ وَيُؤْمِنُ لِلْمُؤْمِنِينَ وَرَحْمَةٌ لِّلَّذِينَ ءَامَنُوا۟ مِنكُمْ وَٱلَّذِينَ يُؤْذُونَ رَسُولَ ٱللَّهِ لَهُمْ عَذَابٌ أَلِيمٌ
9,86,5,9:86:5,ءَامِنُوا@,6,بِٱللَّهِ,bi{ll~ahi,Alh,{ll~ah,explicit_allah,bi[P|PREFIX|bi+] ; {ll~ahi[PN|STEM|POS:PN|LEM:{ll~ah|ROOT:Alh|GEN],وَإِذَا^ أُنزِلَتْ سُورَةٌ أَنْ ءَامِنُوا@ بِٱللَّهِ وَجَٰهِدُوا@ مَعَ رَسُولِهِ,وَإِذَآ أُنزِلَتْ سُورَةٌ أَنْ ءَامِنُوا۟ بِٱللَّهِ وَجَٰهِدُوا۟ مَعَ رَسُولِهِ ٱسْتَـْٔذَنَكَ أُو۟لُوا۟ ٱلطَّوْلِ مِنْهُمْ وَقَالُوا۟ ذَرْنَا نَكُن مَّعَ ٱلْقَٰعِدِينَ
9,99,4,9:99:4,يُؤْمِنُ,5,بِٱللَّهِ,bi{ll~ahi,Alh,{ll~ah,explicit_allah,bi[P|PREFIX|bi+] ; {ll~ahi[PN|STEM|POS:PN|LEM:{ll~ah|ROOT:Alh|GEN],وَمِنَ ٱلْأَعْرَابِ مَن يُؤْمِنُ بِٱللَّهِ وَٱلْيَوْمِ ٱلْءَاخِرِ وَيَتَّخِذُ,وَمِنَ ٱلْأَعْرَابِ مَن يُؤْمِنُ بِٱللَّهِ وَٱلْيَوْمِ ٱلْـَٔاخِرِ وَيَتَّخِذُ مَا يُنفِقُ قُرُبَٰتٍ عِندَ ٱللَّهِ وَصَلَوَٰتِ ٱلرَّسُولِ أَلَآ إِنَّهَا قُرْبَةٌ لَّهُمْ سَيُدْخِلُهُمُ ٱللَّهُ فِى رَحْمَتِهِۦٓ إِنَّ ٱللَّهَ غَفُورٌ رَّحِيمٌ
10,40,3,10:40:3,يُؤْمِنُ,4,بِهِ.,bihi.,,,pronominal_unresolved,bi[P|PREFIX|bi+] ; hi.[PRON|STEM|POS:PRON|3MS],وَمِنْهُم مَّن يُؤْمِنُ بِهِ. وَمِنْهُم مَّن لَّا,وَمِنْهُم مَّن يُؤْمِنُ بِهِۦ وَمِنْهُم مَّن لَّا يُؤْمِنُ بِهِۦ وَرَبُّكَ أَعْلَمُ بِٱلْمُفْسِدِينَ
10,40,8,10:40:8,يُؤْمِنُ,9,بِهِ.,bihi.,,,pronominal_unresolved,bi[P|PREFIX|bi+] ; hi.[PRON|STEM|POS:PRON|3MS],بِهِ. وَمِنْهُم مَّن لَّا يُؤْمِنُ بِهِ. وَرَبُّكَ أَعْلَمُ بِٱلْمُفْسِدِينَ,وَمِنْهُم مَّن يُؤْمِنُ بِهِۦ وَمِنْهُم مَّن لَّا يُؤْمِنُ بِهِۦ وَرَبُّكَ أَعْلَمُ بِٱلْمُفْسِدِينَ
10,51,5,10:51:5,ءَامَنتُم,6,بِهِ.^,bihi.^,,,pronominal_unresolved,bi[P|PREFIX|bi+] ; hi.^[PRON|STEM|POS:PRON|3MS],أَثُمَّ إِذَا مَا وَقَعَ ءَامَنتُم بِهِ.^ ءَا^لْـ#َٰنَ وَقَدْ كُنتُم,أَثُمَّ إِذَا مَا وَقَعَ ءَامَنتُم بِهِۦٓ ءَآلْـَٰٔنَ وَقَدْ كُنتُم بِهِۦ تَسْتَعْجِلُونَ
10,74,12,10:74:12,لِيُؤْمِنُوا@,13,بِمَا,bimaA,,maA,relative_or_clause_head,bi[P|PREFIX|bi+] ; maA[REL|STEM|POS:REL|LEM:maA],فَجَا^ءُوهُم بِٱلْبَيِّنَٰتِ فَمَا كَانُوا@ لِيُؤْمِنُوا@ بِمَا كَذَّبُوا@ بِهِ. مِن,ثُمَّ بَعَثْنَا مِنۢ بَعْدِهِۦ رُسُلًا إِلَىٰ قَوْمِهِمْ فَجَآءُوهُم بِٱلْبَيِّنَٰتِ فَمَا كَانُوا۟ لِيُؤْمِنُوا۟ بِمَا كَذَّبُوا۟ بِهِۦ مِن قَبْلُ كَذَٰلِكَ نَطْبَعُ عَلَىٰ قُلُوبِ ٱلْمُعْتَدِينَ
10,84,6,10:84:6,ءَامَنتُم,7,بِٱللَّهِ,bi{ll~ahi,Alh,{ll~ah,explicit_allah,bi[P|PREFIX|bi+] ; {ll~ahi[PN|STEM|POS:PN|LEM:{ll~ah|ROOT:Alh|GEN],مُوسَىٰ يَٰقَوْمِ إِن كُنتُمْ ءَامَنتُم بِٱللَّهِ فَعَلَيْهِ تَوَكَّلُو^ا@ إِن,وَقَالَ مُوسَىٰ يَٰقَوْمِ إِن كُنتُمْ ءَامَنتُم بِٱللَّهِ فَعَلَيْهِ تَوَكَّلُوٓا۟ إِن كُنتُم مُّسْلِمِينَ
10,90,21,10:90:21,ءَامَنَتْ,22,بِهِ.,bihi.,,,pronominal_unresolved,bi[P|PREFIX|bi+] ; hi.[PRON|STEM|POS:PRON|3MS],"لَا^ إِلَٰهَ إِلَّا ٱلَّذِى^ ءَامَنَتْ بِهِ. بَنُو^ا@ إِسْرَٰ^ءِيلَ وَأَنَا""",وَجَٰوَزْنَا بِبَنِىٓ إِسْرَٰٓءِيلَ ٱلْبَحْرَ فَأَتْبَعَهُمْ فِرْعَوْنُ وَجُنُودُهُۥ بَغْيًا وَعَدْوًا حَتَّىٰٓ إِذَآ أَدْرَكَهُ ٱلْغَرَقُ قَالَ ءَامَنتُ أَنَّهُۥ لَآ إِلَٰهَ إِلَّا ٱلَّذِىٓ ءَامَنَتْ بِهِۦ بَنُوٓا۟ إِسْرَٰٓءِيلَ وَأَنَا۠ مِنَ ٱلْمُسْلِمِينَ
11,17,17,11:17:17,يُؤْمِنُونَ,18,بِهِ.,bihi.,,,pronominal_unresolved,bi[P|PREFIX|bi+] ; hi.[PRON|STEM|POS:PRON|3MS],مُوسَىٰ^ إِمَامًا وَرَحْمَةً أُو@لَٰ^ئِكَ يُؤْمِنُونَ بِهِ. وَمَن يَكْفُرْ بِهِ.,أَفَمَن كَانَ عَلَىٰ بَيِّنَةٍ مِّن رَّبِّهِۦ وَيَتْلُوهُ شَاهِدٌ مِّنْهُ وَمِن قَبْلِهِۦ كِتَٰبُ مُوسَىٰٓ إِمَامًا وَرَحْمَةً أُو۟لَٰٓئِكَ يُؤْمِنُونَ بِهِۦ وَمَن يَكْفُرْ بِهِۦ مِنَ ٱلْأَحْزَابِ فَٱلنَّارُ مَوْعِدُهُۥ فَلَا تَكُ فِى مِرْيَةٍ مِّنْهُ إِنَّهُ ٱلْحَقُّ مِن رَّبِّكَ وَلَٰكِنَّ أَكْثَرَ ٱلنَّاسِ لَا يُؤْمِنُونَ
12,37,21,12:37:21,يُؤْمِنُونَ,22,بِٱللَّهِ,bi{ll~ahi,Alh,{ll~ah,explicit_allah,bi[P|PREFIX|bi+] ; {ll~ahi[PN|STEM|POS:PN|LEM:{ll~ah|ROOT:Alh|GEN],تَرَكْتُ مِلَّةَ قَوْمٍ لَّا يُؤْمِنُونَ بِٱللَّهِ وَهُم بِٱلْءَاخِرَةِ هُمْ,قَالَ لَا يَأْتِيكُمَا طَعَامٌ تُرْزَقَانِهِۦٓ إِلَّا نَبَّأْتُكُمَا بِتَأْوِيلِهِۦ قَبْلَ أَن يَأْتِيَكُمَا ذَٰلِكُمَا مِمَّا عَلَّمَنِى رَبِّىٓ إِنِّى تَرَكْتُ مِلَّةَ قَوْمٍ لَّا يُؤْمِنُونَ بِٱللَّهِ وَهُم بِٱلْـَٔاخِرَةِ هُمْ كَٰفِرُونَ
14,27,4,14:27:4,ءَامَنُوا@,5,بِٱلْقَوْلِ,bi{loqawoli,qwl,qawol,explicit_other_lexical,bi[P|PREFIX|bi+] ; {lo[DET|PREFIX|Al+] ; qawoli[N|STEM|POS:N|VN|LEM:qawol|ROOT:qwl|M|GEN],يُثَبِّتُ ٱللَّهُ ٱلَّذِينَ ءَامَنُوا@ بِٱلْقَوْلِ ٱلثَّابِتِ فِى ٱلْحَيَوٰةِ,يُثَبِّتُ ٱللَّهُ ٱلَّذِينَ ءَامَنُوا۟ بِٱلْقَوْلِ ٱلثَّابِتِ فِى ٱلْحَيَوٰةِ ٱلدُّنْيَا وَفِى ٱلْـَٔاخِرَةِ وَيُضِلُّ ٱللَّهُ ٱلظَّٰلِمِينَ وَيَفْعَلُ ٱللَّهُ مَا يَشَآءُ
15,13,2,15:13:2,يُؤْمِنُونَ,3,بِهِ.,bihi.,,,pronominal_unresolved,bi[P|PREFIX|bi+] ; hi.[PRON|STEM|POS:PRON|3MS],لَا يُؤْمِنُونَ بِهِ. وَقَدْ خَلَتْ سُنَّةُ,لَا يُؤْمِنُونَ بِهِۦ وَقَدْ خَلَتْ سُنَّةُ ٱلْأَوَّلِينَ
16,22,6,16:22:6,يُؤْمِنُونَ,7,بِٱلْءَاخِرَةِ,bi{lo'aAxirapi,Axr,A^xir,explicit_afterlife,bi[P|PREFIX|bi+] ; {lo[DET|PREFIX|Al+] ; 'aAxirapi[N|STEM|POS:N|LEM:A^xir|ROOT:Axr|FS|GEN],إِلَٰهٌ وَٰحِدٌ فَٱلَّذِينَ لَا يُؤْمِنُونَ بِٱلْءَاخِرَةِ قُلُوبُهُم مُّنكِرَةٌ وَهُم,إِلَٰهُكُمْ إِلَٰهٌ وَٰحِدٌ فَٱلَّذِينَ لَا يُؤْمِنُونَ بِٱلْـَٔاخِرَةِ قُلُوبُهُم مُّنكِرَةٌ وَهُم مُّسْتَكْبِرُونَ
16,60,3,16:60:3,يُؤْمِنُونَ,4,بِٱلْءَاخِرَةِ,bi{lo'aAxirapi,Axr,A^xir,explicit_afterlife,bi[P|PREFIX|bi+] ; {lo[DET|PREFIX|Al+] ; 'aAxirapi[N|STEM|POS:N|LEM:A^xir|ROOT:Axr|FS|GEN],لِلَّذِينَ لَا يُؤْمِنُونَ بِٱلْءَاخِرَةِ مَثَلُ ٱلسَّوْءِ وَلِلَّهِ,لِلَّذِينَ لَا يُؤْمِنُونَ بِٱلْـَٔاخِرَةِ مَثَلُ ٱلسَّوْءِ وَلِلَّهِ ٱلْمَثَلُ ٱلْأَعْلَىٰ وَهُوَ ٱلْعَزِيزُ ٱلْحَكِيمُ
16,72,17,16:72:17,يُؤْمِنُونَ,18,وَبِنِعْمَتِ,wabiniEomati,nEm,niEomap,explicit_other_lexical,wa[CONJ|PREFIX|w:CONJ+] ; bi[P|PREFIX|bi+] ; niEomati[N|STEM|POS:N|LEM:niEomap|ROOT:nEm|F|GEN],وَرَزَقَكُم مِّنَ ٱلطَّيِّبَٰتِ أَفَبِٱلْبَٰطِلِ يُؤْمِنُونَ وَبِنِعْمَتِ ٱللَّهِ هُمْ يَكْفُرُونَ,وَٱللَّهُ جَعَلَ لَكُم مِّنْ أَنفُسِكُمْ أَزْوَٰجًا وَجَعَلَ لَكُم مِّنْ أَزْوَٰجِكُم بَنِينَ وَحَفَدَةً وَرَزَقَكُم مِّنَ ٱلطَّيِّبَٰتِ أَفَبِٱلْبَٰطِلِ يُؤْمِنُونَ وَبِنِعْمَتِ ٱللَّهِ هُمْ يَكْفُرُونَ
16,104,4,16:104:4,يُؤْمِنُونَ,5,بِـ#َايَٰتِ,bi_#aAya`ti,Ayy,'aAyap,explicit_ayah,bi[P|PREFIX|bi+] ; _#aAya`ti[N|STEM|POS:N|LEM:'aAyap|ROOT:Ayy|FP|GEN],إِنَّ ٱلَّذِينَ لَا يُؤْمِنُونَ بِـ#َايَٰتِ ٱللَّهِ لَا يَهْدِيهِمُ,إِنَّ ٱلَّذِينَ لَا يُؤْمِنُونَ بِـَٔايَٰتِ ٱللَّهِ لَا يَهْدِيهِمُ ٱللَّهُ وَلَهُمْ عَذَابٌ أَلِيمٌ
16,105,6,16:105:6,يُؤْمِنُونَ,7,بِـ#َايَٰتِ,bi_#aAya`ti,Ayy,'aAyap,explicit_ayah,bi[P|PREFIX|bi+] ; _#aAya`ti[N|STEM|POS:N|LEM:'aAyap|ROOT:Ayy|FP|GEN],يَفْتَرِى ٱلْكَذِبَ ٱلَّذِينَ لَا يُؤْمِنُونَ بِـ#َايَٰتِ ٱللَّهِ وَأُو@لَٰ^ئِكَ هُمُ,إِنَّمَا يَفْتَرِى ٱلْكَذِبَ ٱلَّذِينَ لَا يُؤْمِنُونَ بِـَٔايَٰتِ ٱللَّهِ وَأُو۟لَٰٓئِكَ هُمُ ٱلْكَٰذِبُونَ
17,10,4,17:10:4,يُؤْمِنُونَ,5,بِٱلْءَاخِرَةِ,bi{lo'aAxirapi,Axr,A^xir,explicit_afterlife,bi[P|PREFIX|bi+] ; {lo[DET|PREFIX|Al+] ; 'aAxirapi[N|STEM|POS:N|LEM:A^xir|ROOT:Axr|FS|GEN],وَأَنَّ ٱلَّذِينَ لَا يُؤْمِنُونَ بِٱلْءَاخِرَةِ أَعْتَدْنَا لَهُمْ عَذَابًا,وَأَنَّ ٱلَّذِينَ لَا يُؤْمِنُونَ بِٱلْـَٔاخِرَةِ أَعْتَدْنَا لَهُمْ عَذَابًا أَلِيمًا
17,45,9,17:45:9,يُؤْمِنُونَ,10,بِٱلْءَاخِرَةِ,bi{lo'aAxirapi,Axr,A^xir,explicit_afterlife,bi[P|PREFIX|bi+] ; {lo[DET|PREFIX|Al+] ; 'aAxirapi[N|STEM|POS:N|LEM:A^xir|ROOT:Axr|FS|GEN],بَيْنَكَ وَبَيْنَ ٱلَّذِينَ لَا يُؤْمِنُونَ بِٱلْءَاخِرَةِ حِجَابًا مَّسْتُورًا,وَإِذَا قَرَأْتَ ٱلْقُرْءَانَ جَعَلْنَا بَيْنَكَ وَبَيْنَ ٱلَّذِينَ لَا يُؤْمِنُونَ بِٱلْـَٔاخِرَةِ حِجَابًا مَّسْتُورًا
17,107,2,17:107:2,ءَامِنُوا@,3,بِهِ.^,bihi.^,,,pronominal_unresolved,bi[P|PREFIX|bi+] ; hi.^[PRON|STEM|POS:PRON|3MS],قُلْ ءَامِنُوا@ بِهِ.^ أَوْ لَا تُؤْمِنُو^ا@,قُلْ ءَامِنُوا۟ بِهِۦٓ أَوْ لَا تُؤْمِنُوٓا۟ إِنَّ ٱلَّذِينَ أُوتُوا۟ ٱلْعِلْمَ مِن قَبْلِهِۦٓ إِذَا يُتْلَىٰ عَلَيْهِمْ يَخِرُّونَ لِلْأَذْقَانِ سُجَّدًا
18,6,8,18:6:8,يُؤْمِنُوا@,9,بِهَٰذَا,biha`*aA,,ha`*aA,explicit_other_lexical,bi[P|PREFIX|bi+] ; ha`*aA[DEM|STEM|POS:DEM|LEM:ha`*aA|MS],عَلَىٰ^ ءَاثَٰرِهِمْ إِن لَّمْ يُؤْمِنُوا@ بِهَٰذَا ٱلْحَدِيثِ أَسَفًا,فَلَعَلَّكَ بَٰخِعٌ نَّفْسَكَ عَلَىٰٓ ءَاثَٰرِهِمْ إِن لَّمْ يُؤْمِنُوا۟ بِهَٰذَا ٱلْحَدِيثِ أَسَفًا
18,13,8,18:13:8,ءَامَنُوا@,9,بِرَبِّهِمْ,birab~ihimo,rbb,rab~,explicit_rabb,bi[P|PREFIX|bi+] ; rab~i[N|STEM|POS:N|LEM:rab~|ROOT:rbb|M|GEN] ; himo[PRON|SUFFIX|PRON:3MP],نَبَأَهُم بِٱلْحَقِّ إِنَّهُمْ فِتْيَةٌ ءَامَنُوا@ بِرَبِّهِمْ وَزِدْنَٰهُمْ هُدًى,نَّحْنُ نَقُصُّ عَلَيْكَ نَبَأَهُم بِٱلْحَقِّ إِنَّهُمْ فِتْيَةٌ ءَامَنُوا۟ بِرَبِّهِمْ وَزِدْنَٰهُمْ هُدًى
20,16,6,20:16:6,يُؤْمِنُ,7,بِهَا,bihaA,,,pronominal_unresolved,bi[P|PREFIX|bi+] ; haA[PRON|STEM|POS:PRON|3FS],يَصُدَّنَّكَ عَنْهَا مَن لَّا يُؤْمِنُ بِهَا وَٱتَّبَعَ هَوَىٰهُ فَتَرْدَىٰ,فَلَا يَصُدَّنَّكَ عَنْهَا مَن لَّا يُؤْمِنُ بِهَا وَٱتَّبَعَ هَوَىٰهُ فَتَرْدَىٰ
20,70,5,20:70:5,ءَامَنَّا,6,بِرَبِّ,birab~i,rbb,rab~,explicit_rabb,bi[P|PREFIX|bi+] ; rab~i[N|STEM|POS:N|LEM:rab~|ROOT:rbb|M|GEN],فَأُلْقِىَ ٱلسَّحَرَةُ سُجَّدًا قَالُو^ا@ ءَامَنَّا بِرَبِّ هَٰرُونَ وَمُوسَىٰ,فَأُلْقِىَ ٱلسَّحَرَةُ سُجَّدًا قَالُوٓا۟ ءَامَنَّا بِرَبِّ هَٰرُونَ وَمُوسَىٰ
20,73,2,20:73:2,ءَامَنَّا,3,بِرَبِّنَا,birab~inaA,rbb,rab~,explicit_rabb,bi[P|PREFIX|bi+] ; rab~i[N|STEM|POS:N|LEM:rab~|ROOT:rbb|M|GEN] ; naA[PRON|SUFFIX|PRON:1P],إِنَّا^ ءَامَنَّا بِرَبِّنَا لِيَغْفِرَ لَنَا خَطَٰيَٰنَا,إِنَّآ ءَامَنَّا بِرَبِّنَا لِيَغْفِرَ لَنَا خَطَٰيَٰنَا وَمَآ أَكْرَهْتَنَا عَلَيْهِ مِنَ ٱلسِّحْرِ وَٱللَّهُ خَيْرٌ وَأَبْقَىٰٓ
20,127,6,20:127:6,يُؤْمِن[,7,بِـ#َايَٰتِ,bi_#aAya`ti,Ayy,'aAyap,explicit_ayah,bi[P|PREFIX|bi+] ; _#aAya`ti[N|STEM|POS:N|LEM:'aAyap|ROOT:Ayy|FP|GEN],نَجْزِى مَنْ أَسْرَفَ وَلَمْ يُؤْمِن[ بِـ#َايَٰتِ رَبِّهِ. وَلَعَذَابُ ٱلْءَاخِرَةِ,وَكَذَٰلِكَ نَجْزِى مَنْ أَسْرَفَ وَلَمْ يُؤْمِنۢ بِـَٔايَٰتِ رَبِّهِۦ وَلَعَذَابُ ٱلْـَٔاخِرَةِ أَشَدُّ وَأَبْقَىٰٓ
22,54,9,22:54:9,فَيُؤْمِنُوا@,10,بِهِ.,bihi.,,,pronominal_unresolved,bi[P|PREFIX|bi+] ; hi.[PRON|STEM|POS:PRON|3MS],"أَنَّهُ ٱلْحَقُّ مِن رَّبِّكَ فَيُؤْمِنُوا@ بِهِ. فَتُخْبِتَ لَهُ, قُلُوبُهُمْ",وَلِيَعْلَمَ ٱلَّذِينَ أُوتُوا۟ ٱلْعِلْمَ أَنَّهُ ٱلْحَقُّ مِن رَّبِّكَ فَيُؤْمِنُوا۟ بِهِۦ فَتُخْبِتَ لَهُۥ قُلُوبُهُمْ وَإِنَّ ٱللَّهَ لَهَادِ ٱلَّذِينَ ءَامَنُوٓا۟ إِلَىٰ صِرَٰطٍ مُّسْتَقِيمٍ
23,74,4,23:74:4,يُؤْمِنُونَ,5,بِٱلْءَاخِرَةِ,bi{lo'aAxirapi,Axr,A^xir,explicit_afterlife,bi[P|PREFIX|bi+] ; {lo[DET|PREFIX|Al+] ; 'aAxirapi[N|STEM|POS:N|LEM:A^xir|ROOT:Axr|FS|GEN],وَإِنَّ ٱلَّذِينَ لَا يُؤْمِنُونَ بِٱلْءَاخِرَةِ عَنِ ٱلصِّرَٰطِ لَنَٰكِبُونَ,وَإِنَّ ٱلَّذِينَ لَا يُؤْمِنُونَ بِٱلْـَٔاخِرَةِ عَنِ ٱلصِّرَٰطِ لَنَٰكِبُونَ
24,2,18,24:2:18,تُؤْمِنُونَ,19,بِٱللَّهِ,bi{ll~ahi,Alh,{ll~ah,explicit_allah,bi[P|PREFIX|bi+] ; {ll~ahi[PN|STEM|POS:PN|LEM:{ll~ah|ROOT:Alh|GEN],دِينِ ٱللَّهِ إِن كُنتُمْ تُؤْمِنُونَ بِٱللَّهِ وَٱلْيَوْمِ ٱلْءَاخِرِ وَلْيَشْهَدْ,ٱلزَّانِيَةُ وَٱلزَّانِى فَٱجْلِدُوا۟ كُلَّ وَٰحِدٍ مِّنْهُمَا مِا۟ئَةَ جَلْدَةٍ وَلَا تَأْخُذْكُم بِهِمَا رَأْفَةٌ فِى دِينِ ٱللَّهِ إِن كُنتُمْ تُؤْمِنُونَ بِٱللَّهِ وَٱلْيَوْمِ ٱلْـَٔاخِرِ وَلْيَشْهَدْ عَذَابَهُمَا طَآئِفَةٌ مِّنَ ٱلْمُؤْمِنِينَ
24,47,2,24:47:2,ءَامَنَّا,3,بِٱللَّهِ,bi{ll~ahi,Alh,{ll~ah,explicit_allah,bi[P|PREFIX|bi+] ; {ll~ahi[PN|STEM|POS:PN|LEM:{ll~ah|ROOT:Alh|GEN],وَيَقُولُونَ ءَامَنَّا بِٱللَّهِ وَبِٱلرَّسُولِ وَأَطَعْنَا ثُمَّ,وَيَقُولُونَ ءَامَنَّا بِٱللَّهِ وَبِٱلرَّسُولِ وَأَطَعْنَا ثُمَّ يَتَوَلَّىٰ فَرِيقٌ مِّنْهُم مِّنۢ بَعْدِ ذَٰلِكَ وَمَآ أُو۟لَٰٓئِكَ بِٱلْمُؤْمِنِينَ
24,62,4,24:62:4,ءَامَنُوا@,5,بِٱللَّهِ,bi{ll~ahi,Alh,{ll~ah,explicit_allah,bi[P|PREFIX|bi+] ; {ll~ahi[PN|STEM|POS:PN|LEM:{ll~ah|ROOT:Alh|GEN],إِنَّمَا ٱلْمُؤْمِنُونَ ٱلَّذِينَ ءَامَنُوا@ بِٱللَّهِ وَرَسُولِهِ. وَإِذَا كَانُوا@,إِنَّمَا ٱلْمُؤْمِنُونَ ٱلَّذِينَ ءَامَنُوا۟ بِٱللَّهِ وَرَسُولِهِۦ وَإِذَا كَانُوا۟ مَعَهُۥ عَلَىٰٓ أَمْرٍ جَامِعٍ لَّمْ يَذْهَبُوا۟ حَتَّىٰ يَسْتَـْٔذِنُوهُ إِنَّ ٱلَّذِينَ يَسْتَـْٔذِنُونَكَ أُو۟لَٰٓئِكَ ٱلَّذِينَ يُؤْمِنُونَ بِٱللَّهِ وَرَسُولِهِۦ فَإِذَا ٱسْتَـْٔذَنُوكَ لِبَعْضِ شَأْنِهِمْ فَأْذَن لِّمَن شِئْتَ مِنْهُمْ وَٱسْتَغْفِرْ لَهُمُ ٱللَّهَ إِنَّ ٱللَّهَ غَفُورٌ رَّحِيمٌ
24,62,22,24:62:22,يُؤْمِنُونَ,23,بِٱللَّهِ,bi{ll~ahi,Alh,{ll~ah,explicit_allah,bi[P|PREFIX|bi+] ; {ll~ahi[PN|STEM|POS:PN|LEM:{ll~ah|ROOT:Alh|GEN],ٱلَّذِينَ يَسْتَـ#ْذِنُونَكَ أُو@لَٰ^ئِكَ ٱلَّذِينَ يُؤْمِنُونَ بِٱللَّهِ وَرَسُولِهِ. فَإِذَا ٱسْتَـ#ْذَنُوكَ,إِنَّمَا ٱلْمُؤْمِنُونَ ٱلَّذِينَ ءَامَنُوا۟ بِٱللَّهِ وَرَسُولِهِۦ وَإِذَا كَانُوا۟ مَعَهُۥ عَلَىٰٓ أَمْرٍ جَامِعٍ لَّمْ يَذْهَبُوا۟ حَتَّىٰ يَسْتَـْٔذِنُوهُ إِنَّ ٱلَّذِينَ يَسْتَـْٔذِنُونَكَ أُو۟لَٰٓئِكَ ٱلَّذِينَ يُؤْمِنُونَ بِٱللَّهِ وَرَسُولِهِۦ فَإِذَا ٱسْتَـْٔذَنُوكَ لِبَعْضِ شَأْنِهِمْ فَأْذَن لِّمَن شِئْتَ مِنْهُمْ وَٱسْتَغْفِرْ لَهُمُ ٱللَّهَ إِنَّ ٱللَّهَ غَفُورٌ رَّحِيمٌ
26,47,2,26:47:2,ءَامَنَّا,3,بِرَبِّ,birab~i,rbb,rab~,explicit_rabb,bi[P|PREFIX|bi+] ; rab~i[N|STEM|POS:N|LEM:rab~|ROOT:rbb|M|GEN],قَالُو^ا@ ءَامَنَّا بِرَبِّ ٱلْعَٰلَمِينَ,قَالُوٓا۟ ءَامَنَّا بِرَبِّ ٱلْعَٰلَمِينَ
26,201,2,26:201:2,يُؤْمِنُونَ,3,بِهِ.,bihi.,,,pronominal_unresolved,bi[P|PREFIX|bi+] ; hi.[PRON|STEM|POS:PRON|3MS],لَا يُؤْمِنُونَ بِهِ. حَتَّىٰ يَرَوُا@ ٱلْعَذَابَ,لَا يُؤْمِنُونَ بِهِۦ حَتَّىٰ يَرَوُا۟ ٱلْعَذَابَ ٱلْأَلِيمَ
27,4,4,27:4:4,يُؤْمِنُونَ,5,بِٱلْءَاخِرَةِ,bi{lo'aAxirapi,Axr,A^xir,explicit_afterlife,bi[P|PREFIX|bi+] ; {lo[DET|PREFIX|Al+] ; 'aAxirapi[N|STEM|POS:N|LEM:A^xir|ROOT:Axr|FS|GEN],إِنَّ ٱلَّذِينَ لَا يُؤْمِنُونَ بِٱلْءَاخِرَةِ زَيَّنَّا لَهُمْ أَعْمَٰلَهُمْ,إِنَّ ٱلَّذِينَ لَا يُؤْمِنُونَ بِٱلْـَٔاخِرَةِ زَيَّنَّا لَهُمْ أَعْمَٰلَهُمْ فَهُمْ يَعْمَهُونَ
27,81,11,27:81:11,يُؤْمِنُ,12,بِـ#َايَٰتِنَا,bi_#aAya`tinaA,Ayy,'aAyap,explicit_ayah,bi[P|PREFIX|bi+] ; _#aAya`ti[N|STEM|POS:N|LEM:'aAyap|ROOT:Ayy|FP|GEN] ; naA[PRON|SUFFIX|PRON:1P],إِن تُسْمِعُ إِلَّا مَن يُؤْمِنُ بِـ#َايَٰتِنَا فَهُم مُّسْلِمُونَ,وَمَآ أَنتَ بِهَٰدِى ٱلْعُمْىِ عَن ضَلَٰلَتِهِمْ إِن تُسْمِعُ إِلَّا مَن يُؤْمِنُ بِـَٔايَٰتِنَا فَهُم مُّسْلِمُونَ
28,53,5,28:53:5,ءَامَنَّا,6,بِهِ.^,bihi.^,,,pronominal_unresolved,bi[P|PREFIX|bi+] ; hi.^[PRON|STEM|POS:PRON|3MS],وَإِذَا يُتْلَىٰ عَلَيْهِمْ قَالُو^ا@ ءَامَنَّا بِهِ.^ إِنَّهُ ٱلْحَقُّ مِن,وَإِذَا يُتْلَىٰ عَلَيْهِمْ قَالُوٓا۟ ءَامَنَّا بِهِۦٓ إِنَّهُ ٱلْحَقُّ مِن رَّبِّنَآ إِنَّا كُنَّا مِن قَبْلِهِۦ مُسْلِمِينَ
29,10,5,29:10:5,ءَامَنَّا,6,بِٱللَّهِ,bi{ll~ahi,Alh,{ll~ah,explicit_allah,bi[P|PREFIX|bi+] ; {ll~ahi[PN|STEM|POS:PN|LEM:{ll~ah|ROOT:Alh|GEN],وَمِنَ ٱلنَّاسِ مَن يَقُولُ ءَامَنَّا بِٱللَّهِ فَإِذَا^ أُوذِىَ فِى,وَمِنَ ٱلنَّاسِ مَن يَقُولُ ءَامَنَّا بِٱللَّهِ فَإِذَآ أُوذِىَ فِى ٱللَّهِ جَعَلَ فِتْنَةَ ٱلنَّاسِ كَعَذَابِ ٱللَّهِ وَلَئِن جَآءَ نَصْرٌ مِّن رَّبِّكَ لَيَقُولُنَّ إِنَّا كُنَّا مَعَكُمْ أَوَلَيْسَ ٱللَّهُ بِأَعْلَمَ بِمَا فِى صُدُورِ ٱلْعَٰلَمِينَ
29,46,14,29:46:14,ءَامَنَّا,15,بِٱلَّذِى^,bi{l~a*iY^,,{l~a*iY,relative_or_clause_head,bi[P|PREFIX|bi+] ; {l~a*iY^[REL|STEM|POS:REL|LEM:{l~a*iY|MS],ٱلَّذِينَ ظَلَمُوا@ مِنْهُمْ وَقُولُو^ا@ ءَامَنَّا بِٱلَّذِى^ أُنزِلَ إِلَيْنَا وَأُنزِلَ,وَلَا تُجَٰدِلُوٓا۟ أَهْلَ ٱلْكِتَٰبِ إِلَّا بِٱلَّتِى هِىَ أَحْسَنُ إِلَّا ٱلَّذِينَ ظَلَمُوا۟ مِنْهُمْ وَقُولُوٓا۟ ءَامَنَّا بِٱلَّذِىٓ أُنزِلَ إِلَيْنَا وَأُنزِلَ إِلَيْكُمْ وَإِلَٰهُنَا وَإِلَٰهُكُمْ وَٰحِدٌ وَنَحْنُ لَهُۥ مُسْلِمُونَ
29,47,8,29:47:8,يُؤْمِنُونَ,9,بِهِ.,bihi.,,,pronominal_unresolved,bi[P|PREFIX|bi+] ; hi.[PRON|STEM|POS:PRON|3MS],ٱلْكِتَٰبَ فَٱلَّذِينَ ءَاتَيْنَٰهُمُ ٱلْكِتَٰبَ يُؤْمِنُونَ بِهِ. وَمِنْ هَٰ^ؤُلَا^ءِ مَن,وَكَذَٰلِكَ أَنزَلْنَآ إِلَيْكَ ٱلْكِتَٰبَ فَٱلَّذِينَ ءَاتَيْنَٰهُمُ ٱلْكِتَٰبَ يُؤْمِنُونَ بِهِۦ وَمِنْ هَٰٓؤُلَآءِ مَن يُؤْمِنُ بِهِۦ وَمَا يَجْحَدُ بِـَٔايَٰتِنَآ إِلَّا ٱلْكَٰفِرُونَ
29,47,13,29:47:13,يُؤْمِنُ,14,بِهِ.,bihi.,,,pronominal_unresolved,bi[P|PREFIX|bi+] ; hi.[PRON|STEM|POS:PRON|3MS],بِهِ. وَمِنْ هَٰ^ؤُلَا^ءِ مَن يُؤْمِنُ بِهِ. وَمَا يَجْحَدُ بِـ#َايَٰتِنَا^,وَكَذَٰلِكَ أَنزَلْنَآ إِلَيْكَ ٱلْكِتَٰبَ فَٱلَّذِينَ ءَاتَيْنَٰهُمُ ٱلْكِتَٰبَ يُؤْمِنُونَ بِهِۦ وَمِنْ هَٰٓؤُلَآءِ مَن يُؤْمِنُ بِهِۦ وَمَا يَجْحَدُ بِـَٔايَٰتِنَآ إِلَّا ٱلْكَٰفِرُونَ
29,52,13,29:52:13,ءَامَنُوا@,14,بِٱلْبَٰطِلِ,bi{loba`Tili,bTl,ba`Til,explicit_other_lexical,bi[P|PREFIX|bi+] ; {lo[DET|PREFIX|Al+] ; ba`Tili[N|STEM|POS:N|ACT|PCPL|LEM:ba`Til|ROOT:bTl|M|GEN],فِى ٱلسَّمَٰوَٰتِ وَٱلْأَرْضِ وَٱلَّذِينَ ءَامَنُوا@ بِٱلْبَٰطِلِ وَكَفَرُوا@ بِٱللَّهِ أُو@لَٰ^ئِكَ,قُلْ كَفَىٰ بِٱللَّهِ بَيْنِى وَبَيْنَكُمْ شَهِيدًا يَعْلَمُ مَا فِى ٱلسَّمَٰوَٰتِ وَٱلْأَرْضِ وَٱلَّذِينَ ءَامَنُوا۟ بِٱلْبَٰطِلِ وَكَفَرُوا۟ بِٱللَّهِ أُو۟لَٰٓئِكَ هُمُ ٱلْخَٰسِرُونَ
29,67,12,29:67:12,يُؤْمِنُونَ,13,وَبِنِعْمَةِ,wabiniEomapi,nEm,niEomap,explicit_other_lexical,wa[CONJ|PREFIX|w:CONJ+] ; bi[P|PREFIX|bi+] ; niEomapi[N|STEM|POS:N|LEM:niEomap|ROOT:nEm|F|GEN],ٱلنَّاسُ مِنْ حَوْلِهِمْ أَفَبِٱلْبَٰطِلِ يُؤْمِنُونَ وَبِنِعْمَةِ ٱللَّهِ يَكْفُرُونَ,أَوَلَمْ يَرَوْا۟ أَنَّا جَعَلْنَا حَرَمًا ءَامِنًا وَيُتَخَطَّفُ ٱلنَّاسُ مِنْ حَوْلِهِمْ أَفَبِٱلْبَٰطِلِ يُؤْمِنُونَ وَبِنِعْمَةِ ٱللَّهِ يَكْفُرُونَ
30,53,11,30:53:11,يُؤْمِنُ,12,بِـ#َايَٰتِنَا,bi_#aAya`tinaA,Ayy,'aAyap,explicit_ayah,bi[P|PREFIX|bi+] ; _#aAya`ti[N|STEM|POS:N|LEM:'aAyap|ROOT:Ayy|FP|GEN] ; naA[PRON|SUFFIX|PRON:1P],إِن تُسْمِعُ إِلَّا مَن يُؤْمِنُ بِـ#َايَٰتِنَا فَهُم مُّسْلِمُونَ,وَمَآ أَنتَ بِهَٰدِ ٱلْعُمْىِ عَن ضَلَٰلَتِهِمْ إِن تُسْمِعُ إِلَّا مَن يُؤْمِنُ بِـَٔايَٰتِنَا فَهُم مُّسْلِمُونَ
32,15,2,32:15:2,يُؤْمِنُ,3,بِـ#َايَٰتِنَا,bi_#aAya`tinaA,Ayy,'aAyap,explicit_ayah,bi[P|PREFIX|bi+] ; _#aAya`ti[N|STEM|POS:N|LEM:'aAyap|ROOT:Ayy|FP|GEN] ; naA[PRON|SUFFIX|PRON:1P],إِنَّمَا يُؤْمِنُ بِـ#َايَٰتِنَا ٱلَّذِينَ إِذَا ذُكِّرُوا@,إِنَّمَا يُؤْمِنُ بِـَٔايَٰتِنَا ٱلَّذِينَ إِذَا ذُكِّرُوا۟ بِهَا خَرُّوا۟ سُجَّدًا وَسَبَّحُوا۟ بِحَمْدِ رَبِّهِمْ وَهُمْ لَا يَسْتَكْبِرُونَ
34,8,11,34:8:11,يُؤْمِنُونَ,12,بِٱلْءَاخِرَةِ,bi{lo'aAxirapi,Axr,A^xir,explicit_afterlife,bi[P|PREFIX|bi+] ; {lo[DET|PREFIX|Al+] ; 'aAxirapi[N|STEM|POS:N|LEM:A^xir|ROOT:Axr|FS|GEN],جِنَّةٌ[ بَلِ ٱلَّذِينَ لَا يُؤْمِنُونَ بِٱلْءَاخِرَةِ فِى ٱلْعَذَابِ وَٱلضَّلَٰلِ,أَفْتَرَىٰ عَلَى ٱللَّهِ كَذِبًا أَم بِهِۦ جِنَّةٌۢ بَلِ ٱلَّذِينَ لَا يُؤْمِنُونَ بِٱلْـَٔاخِرَةِ فِى ٱلْعَذَابِ وَٱلضَّلَٰلِ ٱلْبَعِيدِ
34,21,10,34:21:10,يُؤْمِنُ,11,بِٱلْءَاخِرَةِ,bi{lo'aAxirapi,Axr,A^xir,explicit_afterlife,bi[P|PREFIX|bi+] ; {lo[DET|PREFIX|Al+] ; 'aAxirapi[N|STEM|POS:N|LEM:A^xir|ROOT:Axr|FS|GEN],سُلْطَٰنٍ إِلَّا لِنَعْلَمَ مَن يُؤْمِنُ بِٱلْءَاخِرَةِ مِمَّنْ هُوَ مِنْهَا,وَمَا كَانَ لَهُۥ عَلَيْهِم مِّن سُلْطَٰنٍ إِلَّا لِنَعْلَمَ مَن يُؤْمِنُ بِٱلْـَٔاخِرَةِ مِمَّنْ هُوَ مِنْهَا فِى شَكٍّ وَرَبُّكَ عَلَىٰ كُلِّ شَىْءٍ حَفِيظٌ
34,31,5,34:31:5,نُّؤْمِنَ,6,بِهَٰذَا,biha`*aA,,ha`*aA,explicit_other_lexical,bi[P|PREFIX|bi+] ; ha`*aA[DEM|STEM|POS:DEM|LEM:ha`*aA|MS],وَقَالَ ٱلَّذِينَ كَفَرُوا@ لَن نُّؤْمِنَ بِهَٰذَا ٱلْقُرْءَانِ وَلَا بِٱلَّذِى,وَقَالَ ٱلَّذِينَ كَفَرُوا۟ لَن نُّؤْمِنَ بِهَٰذَا ٱلْقُرْءَانِ وَلَا بِٱلَّذِى بَيْنَ يَدَيْهِ وَلَوْ تَرَىٰٓ إِذِ ٱلظَّٰلِمُونَ مَوْقُوفُونَ عِندَ رَبِّهِمْ يَرْجِعُ بَعْضُهُمْ إِلَىٰ بَعْضٍ ٱلْقَوْلَ يَقُولُ ٱلَّذِينَ ٱسْتُضْعِفُوا۟ لِلَّذِينَ ٱسْتَكْبَرُوا۟ لَوْلَآ أَنتُمْ لَكُنَّا مُؤْمِنِينَ
34,52,2,34:52:2,ءَامَنَّا,3,بِهِ.,bihi.,,,pronominal_unresolved,bi[P|PREFIX|bi+] ; hi.[PRON|STEM|POS:PRON|3MS],وَقَالُو^ا@ ءَامَنَّا بِهِ. وَأَنَّىٰ لَهُمُ ٱلتَّنَاوُشُ,وَقَالُوٓا۟ ءَامَنَّا بِهِۦ وَأَنَّىٰ لَهُمُ ٱلتَّنَاوُشُ مِن مَّكَانٍۭ بَعِيدٍ
36,25,2,36:25:2,ءَامَنتُ,3,بِرَبِّكُمْ,birab~ikumo,rbb,rab~,explicit_rabb,bi[P|PREFIX|bi+] ; rab~i[N|STEM|POS:N|LEM:rab~|ROOT:rbb|M|GEN] ; kumo[PRON|SUFFIX|PRON:2MP],إِنِّى^ ءَامَنتُ بِرَبِّكُمْ فَٱسْمَعُونِ,إِنِّىٓ ءَامَنتُ بِرَبِّكُمْ فَٱسْمَعُونِ
39,45,9,39:45:9,يُؤْمِنُونَ,10,بِٱلْءَاخِرَةِ,bi{lo'aAxirapi,Axr,A^xir,explicit_afterlife,bi[P|PREFIX|bi+] ; {lo[DET|PREFIX|Al+] ; 'aAxirapi[N|STEM|POS:N|LEM:A^xir|ROOT:Axr|FS|GEN],ٱشْمَأَزَّتْ قُلُوبُ ٱلَّذِينَ لَا يُؤْمِنُونَ بِٱلْءَاخِرَةِ وَإِذَا ذُكِرَ ٱلَّذِينَ,وَإِذَا ذُكِرَ ٱللَّهُ وَحْدَهُ ٱشْمَأَزَّتْ قُلُوبُ ٱلَّذِينَ لَا يُؤْمِنُونَ بِٱلْـَٔاخِرَةِ وَإِذَا ذُكِرَ ٱلَّذِينَ مِن دُونِهِۦٓ إِذَا هُمْ يَسْتَبْشِرُونَ
40,7,9,40:7:9,وَيُؤْمِنُونَ,10,بِهِ.,bihi.,,,pronominal_unresolved,bi[P|PREFIX|bi+] ; hi.[PRON|STEM|POS:PRON|3MS],"حَوْلَهُ, يُسَبِّحُونَ بِحَمْدِ رَبِّهِمْ وَيُؤْمِنُونَ بِهِ. وَيَسْتَغْفِرُونَ لِلَّذِينَ ءَامَنُوا@",ٱلَّذِينَ يَحْمِلُونَ ٱلْعَرْشَ وَمَنْ حَوْلَهُۥ يُسَبِّحُونَ بِحَمْدِ رَبِّهِمْ وَيُؤْمِنُونَ بِهِۦ وَيَسْتَغْفِرُونَ لِلَّذِينَ ءَامَنُوا۟ رَبَّنَا وَسِعْتَ كُلَّ شَىْءٍ رَّحْمَةً وَعِلْمًا فَٱغْفِرْ لِلَّذِينَ تَابُوا۟ وَٱتَّبَعُوا۟ سَبِيلَكَ وَقِهِمْ عَذَابَ ٱلْجَحِيمِ
40,27,11,40:27:11,يُؤْمِنُ,12,بِيَوْمِ,biyawomi,ywm,yawom,explicit_day,bi[P|PREFIX|bi+] ; yawomi[N|STEM|POS:N|LEM:yawom|ROOT:ywm|M|GEN],مِّن كُلِّ مُتَكَبِّرٍ لَّا يُؤْمِنُ بِيَوْمِ ٱلْحِسَابِ,وَقَالَ مُوسَىٰٓ إِنِّى عُذْتُ بِرَبِّى وَرَبِّكُم مِّن كُلِّ مُتَكَبِّرٍ لَّا يُؤْمِنُ بِيَوْمِ ٱلْحِسَابِ
40,84,5,40:84:5,ءَامَنَّا,6,بِٱللَّهِ,bi{ll~ahi,Alh,{ll~ah,explicit_allah,bi[P|PREFIX|bi+] ; {ll~ahi[PN|STEM|POS:PN|LEM:{ll~ah|ROOT:Alh|GEN],"فَلَمَّا رَأَوْا@ بَأْسَنَا قَالُو^ا@ ءَامَنَّا بِٱللَّهِ وَحْدَهُ, وَكَفَرْنَا بِمَا",فَلَمَّا رَأَوْا۟ بَأْسَنَا قَالُوٓا۟ ءَامَنَّا بِٱللَّهِ وَحْدَهُۥ وَكَفَرْنَا بِمَا كُنَّا بِهِۦ مُشْرِكِينَ
42,15,10,42:15:10,ءَامَنتُ,11,بِمَا^,bimaA^,,maA,relative_or_clause_head,bi[P|PREFIX|bi+] ; maA^[REL|STEM|POS:REL|LEM:maA],وَلَا تَتَّبِعْ أَهْوَا^ءَهُمْ وَقُلْ ءَامَنتُ بِمَا^ أَنزَلَ ٱللَّهُ مِن,فَلِذَٰلِكَ فَٱدْعُ وَٱسْتَقِمْ كَمَآ أُمِرْتَ وَلَا تَتَّبِعْ أَهْوَآءَهُمْ وَقُلْ ءَامَنتُ بِمَآ أَنزَلَ ٱللَّهُ مِن كِتَٰبٍ وَأُمِرْتُ لِأَعْدِلَ بَيْنَكُمُ ٱللَّهُ رَبُّنَا وَرَبُّكُمْ لَنَآ أَعْمَٰلُنَا وَلَكُمْ أَعْمَٰلُكُمْ لَا حُجَّةَ بَيْنَنَا وَبَيْنَكُمُ ٱللَّهُ يَجْمَعُ بَيْنَنَا وَإِلَيْهِ ٱلْمَصِيرُ
42,18,5,42:18:5,يُؤْمِنُونَ,6,بِهَا,bihaA,,,pronominal_unresolved,bi[P|PREFIX|bi+] ; haA[PRON|STEM|POS:PRON|3FS],يَسْتَعْجِلُ بِهَا ٱلَّذِينَ لَا يُؤْمِنُونَ بِهَا وَٱلَّذِينَ ءَامَنُوا@ مُشْفِقُونَ,يَسْتَعْجِلُ بِهَا ٱلَّذِينَ لَا يُؤْمِنُونَ بِهَا وَٱلَّذِينَ ءَامَنُوا۟ مُشْفِقُونَ مِنْهَا وَيَعْلَمُونَ أَنَّهَا ٱلْحَقُّ أَلَآ إِنَّ ٱلَّذِينَ يُمَارُونَ فِى ٱلسَّاعَةِ لَفِى ضَلَٰلٍۭ بَعِيدٍ
43,69,2,43:69:2,ءَامَنُوا@,3,بِـ#َايَٰتِنَا,bi_#aAya`tinaA,Ayy,'aAyap,explicit_ayah,bi[P|PREFIX|bi+] ; _#aAya`ti[N|STEM|POS:N|LEM:'aAyap|ROOT:Ayy|FP|GEN] ; naA[PRON|SUFFIX|PRON:1P],ٱلَّذِينَ ءَامَنُوا@ بِـ#َايَٰتِنَا وَكَانُوا@ مُسْلِمِينَ,ٱلَّذِينَ ءَامَنُوا۟ بِـَٔايَٰتِنَا وَكَانُوا۟ مُسْلِمِينَ
46,31,5,46:31:5,وَءَامِنُوا@,6,بِهِ.,bihi.,,,pronominal_unresolved,bi[P|PREFIX|bi+] ; hi.[PRON|STEM|POS:PRON|3MS],يَٰقَوْمَنَا^ أَجِيبُوا@ دَاعِىَ ٱللَّهِ وَءَامِنُوا@ بِهِ. يَغْفِرْ لَكُم مِّن,يَٰقَوْمَنَآ أَجِيبُوا۟ دَاعِىَ ٱللَّهِ وَءَامِنُوا۟ بِهِۦ يَغْفِرْ لَكُم مِّن ذُنُوبِكُمْ وَيُجِرْكُم مِّنْ عَذَابٍ أَلِيمٍ
47,2,5,47:2:5,وَءَامَنُوا@,6,بِمَا,bimaA,,maA,relative_or_clause_head,bi[P|PREFIX|bi+] ; maA[REL|STEM|POS:REL|LEM:maA],وَٱلَّذِينَ ءَامَنُوا@ وَعَمِلُوا@ ٱلصَّٰلِحَٰتِ وَءَامَنُوا@ بِمَا نُزِّلَ عَلَىٰ مُحَمَّدٍ,وَٱلَّذِينَ ءَامَنُوا۟ وَعَمِلُوا۟ ٱلصَّٰلِحَٰتِ وَءَامَنُوا۟ بِمَا نُزِّلَ عَلَىٰ مُحَمَّدٍ وَهُوَ ٱلْحَقُّ مِن رَّبِّهِمْ كَفَّرَ عَنْهُمْ سَيِّـَٔاتِهِمْ وَأَصْلَحَ بَالَهُمْ
48,9,1,48:9:1,لِّتُؤْمِنُوا@,2,بِٱللَّهِ,bi{ll~ahi,Alh,{ll~ah,explicit_allah,bi[P|PREFIX|bi+] ; {ll~ahi[PN|STEM|POS:PN|LEM:{ll~ah|ROOT:Alh|GEN],لِّتُؤْمِنُوا@ بِٱللَّهِ وَرَسُولِهِ. وَتُعَزِّرُوهُ وَتُوَقِّرُوهُ,لِّتُؤْمِنُوا۟ بِٱللَّهِ وَرَسُولِهِۦ وَتُعَزِّرُوهُ وَتُوَقِّرُوهُ وَتُسَبِّحُوهُ بُكْرَةً وَأَصِيلًا
48,13,3,48:13:3,يُؤْمِن[,4,بِٱللَّهِ,bi{ll~ahi,Alh,{ll~ah,explicit_allah,bi[P|PREFIX|bi+] ; {ll~ahi[PN|STEM|POS:PN|LEM:{ll~ah|ROOT:Alh|GEN],وَمَن لَّمْ يُؤْمِن[ بِٱللَّهِ وَرَسُولِهِ. فَإِنَّا^ أَعْتَدْنَا,وَمَن لَّمْ يُؤْمِنۢ بِٱللَّهِ وَرَسُولِهِۦ فَإِنَّآ أَعْتَدْنَا لِلْكَٰفِرِينَ سَعِيرًا
49,15,4,49:15:4,ءَامَنُوا@,5,بِٱللَّهِ,bi{ll~ahi,Alh,{ll~ah,explicit_allah,bi[P|PREFIX|bi+] ; {ll~ahi[PN|STEM|POS:PN|LEM:{ll~ah|ROOT:Alh|GEN],إِنَّمَا ٱلْمُؤْمِنُونَ ٱلَّذِينَ ءَامَنُوا@ بِٱللَّهِ وَرَسُولِهِ. ثُمَّ لَمْ,إِنَّمَا ٱلْمُؤْمِنُونَ ٱلَّذِينَ ءَامَنُوا۟ بِٱللَّهِ وَرَسُولِهِۦ ثُمَّ لَمْ يَرْتَابُوا۟ وَجَٰهَدُوا۟ بِأَمْوَٰلِهِمْ وَأَنفُسِهِمْ فِى سَبِيلِ ٱللَّهِ أُو۟لَٰٓئِكَ هُمُ ٱلصَّٰدِقُونَ
53,27,4,53:27:4,يُؤْمِنُونَ,5,بِٱلْءَاخِرَةِ,bi{lo'aAxirapi,Axr,A^xir,explicit_afterlife,bi[P|PREFIX|bi+] ; {lo[DET|PREFIX|Al+] ; 'aAxirapi[N|STEM|POS:N|LEM:A^xir|ROOT:Axr|FS|GEN],إِنَّ ٱلَّذِينَ لَا يُؤْمِنُونَ بِٱلْءَاخِرَةِ لَيُسَمُّونَ ٱلْمَلَٰ^ئِكَةَ تَسْمِيَةَ,إِنَّ ٱلَّذِينَ لَا يُؤْمِنُونَ بِٱلْـَٔاخِرَةِ لَيُسَمُّونَ ٱلْمَلَٰٓئِكَةَ تَسْمِيَةَ ٱلْأُنثَىٰ
57,7,1,57:7:1,ءَامِنُوا@,2,بِٱللَّهِ,bi{ll~ahi,Alh,{ll~ah,explicit_allah,bi[P|PREFIX|bi+] ; {ll~ahi[PN|STEM|POS:PN|LEM:{ll~ah|ROOT:Alh|GEN],ءَامِنُوا@ بِٱللَّهِ وَرَسُولِهِ. وَأَنفِقُوا@ مِمَّا,ءَامِنُوا۟ بِٱللَّهِ وَرَسُولِهِۦ وَأَنفِقُوا۟ مِمَّا جَعَلَكُم مُّسْتَخْلَفِينَ فِيهِ فَٱلَّذِينَ ءَامَنُوا۟ مِنكُمْ وَأَنفَقُوا۟ لَهُمْ أَجْرٌ كَبِيرٌ
57,8,4,57:8:4,تُؤْمِنُونَ,5,بِٱللَّهِ,bi{ll~ahi,Alh,{ll~ah,explicit_allah,bi[P|PREFIX|bi+] ; {ll~ahi[PN|STEM|POS:PN|LEM:{ll~ah|ROOT:Alh|GEN],وَمَا لَكُمْ لَا تُؤْمِنُونَ بِٱللَّهِ وَٱلرَّسُولُ يَدْعُوكُمْ لِتُؤْمِنُوا@,وَمَا لَكُمْ لَا تُؤْمِنُونَ بِٱللَّهِ وَٱلرَّسُولُ يَدْعُوكُمْ لِتُؤْمِنُوا۟ بِرَبِّكُمْ وَقَدْ أَخَذَ مِيثَٰقَكُمْ إِن كُنتُم مُّؤْمِنِينَ
57,8,8,57:8:8,لِتُؤْمِنُوا@,9,بِرَبِّكُمْ,birab~ikumo,rbb,rab~,explicit_rabb,bi[P|PREFIX|bi+] ; rab~i[N|STEM|POS:N|LEM:rab~|ROOT:rbb|M|GEN] ; kumo[PRON|SUFFIX|PRON:2MP],تُؤْمِنُونَ بِٱللَّهِ وَٱلرَّسُولُ يَدْعُوكُمْ لِتُؤْمِنُوا@ بِرَبِّكُمْ وَقَدْ أَخَذَ مِيثَٰقَكُمْ,وَمَا لَكُمْ لَا تُؤْمِنُونَ بِٱللَّهِ وَٱلرَّسُولُ يَدْعُوكُمْ لِتُؤْمِنُوا۟ بِرَبِّكُمْ وَقَدْ أَخَذَ مِيثَٰقَكُمْ إِن كُنتُم مُّؤْمِنِينَ
57,19,2,57:19:2,ءَامَنُوا@,3,بِٱللَّهِ,bi{ll~ahi,Alh,{ll~ah,explicit_allah,bi[P|PREFIX|bi+] ; {ll~ahi[PN|STEM|POS:PN|LEM:{ll~ah|ROOT:Alh|GEN],وَٱلَّذِينَ ءَامَنُوا@ بِٱللَّهِ وَرُسُلِهِ.^ أُو@لَٰ^ئِكَ هُمُ,وَٱلَّذِينَ ءَامَنُوا۟ بِٱللَّهِ وَرُسُلِهِۦٓ أُو۟لَٰٓئِكَ هُمُ ٱلصِّدِّيقُونَ وَٱلشُّهَدَآءُ عِندَ رَبِّهِمْ لَهُمْ أَجْرُهُمْ وَنُورُهُمْ وَٱلَّذِينَ كَفَرُوا۟ وَكَذَّبُوا۟ بِـَٔايَٰتِنَآ أُو۟لَٰٓئِكَ أَصْحَٰبُ ٱلْجَحِيمِ
57,21,13,57:21:13,ءَامَنُوا@,14,بِٱللَّهِ,bi{ll~ahi,Alh,{ll~ah,explicit_allah,bi[P|PREFIX|bi+] ; {ll~ahi[PN|STEM|POS:PN|LEM:{ll~ah|ROOT:Alh|GEN],ٱلسَّمَا^ءِ وَٱلْأَرْضِ أُعِدَّتْ لِلَّذِينَ ءَامَنُوا@ بِٱللَّهِ وَرُسُلِهِ. ذَٰلِكَ فَضْلُ,سَابِقُوٓا۟ إِلَىٰ مَغْفِرَةٍ مِّن رَّبِّكُمْ وَجَنَّةٍ عَرْضُهَا كَعَرْضِ ٱلسَّمَآءِ وَٱلْأَرْضِ أُعِدَّتْ لِلَّذِينَ ءَامَنُوا۟ بِٱللَّهِ وَرُسُلِهِۦ ذَٰلِكَ فَضْلُ ٱللَّهِ يُؤْتِيهِ مَن يَشَآءُ وَٱللَّهُ ذُو ٱلْفَضْلِ ٱلْعَظِيمِ
57,28,6,57:28:6,وَءَامِنُوا@,7,بِرَسُولِهِ.,birasuwlihi.,rsl,rasuwl,explicit_messenger,bi[P|PREFIX|bi+] ; rasuwli[N|STEM|POS:N|LEM:rasuwl|ROOT:rsl|M|GEN] ; hi.[PRON|SUFFIX|PRON:3MS],ٱلَّذِينَ ءَامَنُوا@ ٱتَّقُوا@ ٱللَّهَ وَءَامِنُوا@ بِرَسُولِهِ. يُؤْتِكُمْ كِفْلَيْنِ مِن,يَٰٓأَيُّهَا ٱلَّذِينَ ءَامَنُوا۟ ٱتَّقُوا۟ ٱللَّهَ وَءَامِنُوا۟ بِرَسُولِهِۦ يُؤْتِكُمْ كِفْلَيْنِ مِن رَّحْمَتِهِۦ وَيَجْعَل لَّكُمْ نُورًا تَمْشُونَ بِهِۦ وَيَغْفِرْ لَكُمْ وَٱللَّهُ غَفُورٌ رَّحِيمٌ
58,4,18,58:4:18,لِتُؤْمِنُوا@,19,بِٱللَّهِ,bi{ll~ahi,Alh,{ll~ah,explicit_allah,bi[P|PREFIX|bi+] ; {ll~ahi[PN|STEM|POS:PN|LEM:{ll~ah|ROOT:Alh|GEN],فَإِطْعَامُ سِتِّينَ مِسْكِينًا ذَٰلِكَ لِتُؤْمِنُوا@ بِٱللَّهِ وَرَسُولِهِ. وَتِلْكَ حُدُودُ,فَمَن لَّمْ يَجِدْ فَصِيَامُ شَهْرَيْنِ مُتَتَابِعَيْنِ مِن قَبْلِ أَن يَتَمَآسَّا فَمَن لَّمْ يَسْتَطِعْ فَإِطْعَامُ سِتِّينَ مِسْكِينًا ذَٰلِكَ لِتُؤْمِنُوا۟ بِٱللَّهِ وَرَسُولِهِۦ وَتِلْكَ حُدُودُ ٱللَّهِ وَلِلْكَٰفِرِينَ عَذَابٌ أَلِيمٌ
58,22,4,58:22:4,يُؤْمِنُونَ,5,بِٱللَّهِ,bi{ll~ahi,Alh,{ll~ah,explicit_allah,bi[P|PREFIX|bi+] ; {ll~ahi[PN|STEM|POS:PN|LEM:{ll~ah|ROOT:Alh|GEN],لَّا تَجِدُ قَوْمًا يُؤْمِنُونَ بِٱللَّهِ وَٱلْيَوْمِ ٱلْءَاخِرِ يُوَا^دُّونَ,لَّا تَجِدُ قَوْمًا يُؤْمِنُونَ بِٱللَّهِ وَٱلْيَوْمِ ٱلْـَٔاخِرِ يُوَآدُّونَ مَنْ حَآدَّ ٱللَّهَ وَرَسُولَهُۥ وَلَوْ كَانُوٓا۟ ءَابَآءَهُمْ أَوْ أَبْنَآءَهُمْ أَوْ إِخْوَٰنَهُمْ أَوْ عَشِيرَتَهُمْ أُو۟لَٰٓئِكَ كَتَبَ فِى قُلُوبِهِمُ ٱلْإِيمَٰنَ وَأَيَّدَهُم بِرُوحٍ مِّنْهُ وَيُدْخِلُهُمْ جَنَّٰتٍ تَجْرِى مِن تَحْتِهَا ٱلْأَنْهَٰرُ خَٰلِدِينَ فِيهَا رَضِىَ ٱللَّهُ عَنْهُمْ وَرَضُوا۟ عَنْهُ أُو۟لَٰٓئِكَ حِزْبُ ٱللَّهِ أَلَآ إِنَّ حِزْبَ ٱللَّهِ هُمُ ٱلْمُفْلِحُونَ
60,1,22,60:1:22,تُؤْمِنُوا@,23,بِٱللَّهِ,bi{ll~ahi,Alh,{ll~ah,explicit_allah,bi[P|PREFIX|bi+] ; {ll~ahi[PN|STEM|POS:PN|LEM:{ll~ah|ROOT:Alh|GEN],يُخْرِجُونَ ٱلرَّسُولَ وَإِيَّاكُمْ أَن تُؤْمِنُوا@ بِٱللَّهِ رَبِّكُمْ إِن كُنتُمْ,بِسْمِ ٱللَّهِ ٱلرَّحْمَٰنِ ٱلرَّحِيمِ يَٰٓأَيُّهَا ٱلَّذِينَ ءَامَنُوا۟ لَا تَتَّخِذُوا۟ عَدُوِّى وَعَدُوَّكُمْ أَوْلِيَآءَ تُلْقُونَ إِلَيْهِم بِٱلْمَوَدَّةِ وَقَدْ كَفَرُوا۟ بِمَا جَآءَكُم مِّنَ ٱلْحَقِّ يُخْرِجُونَ ٱلرَّسُولَ وَإِيَّاكُمْ أَن تُؤْمِنُوا۟ بِٱللَّهِ رَبِّكُمْ إِن كُنتُمْ خَرَجْتُمْ جِهَٰدًا فِى سَبِيلِى وَٱبْتِغَآءَ مَرْضَاتِى تُسِرُّونَ إِلَيْهِم بِٱلْمَوَدَّةِ وَأَنَا۠ أَعْلَمُ بِمَآ أَخْفَيْتُمْ وَمَآ أَعْلَنتُمْ وَمَن يَفْعَلْهُ مِنكُمْ فَقَدْ ضَلَّ سَوَآءَ ٱلسَّبِيلِ
60,4,30,60:4:30,تُؤْمِنُوا@,31,بِٱللَّهِ,bi{ll~ahi,Alh,{ll~ah,explicit_allah,bi[P|PREFIX|bi+] ; {ll~ahi[PN|STEM|POS:PN|LEM:{ll~ah|ROOT:Alh|GEN],"ٱلْعَدَٰوَةُ وَٱلْبَغْضَا^ءُ أَبَدًا حَتَّىٰ تُؤْمِنُوا@ بِٱللَّهِ وَحْدَهُ,^ إِلَّا قَوْلَ",قَدْ كَانَتْ لَكُمْ أُسْوَةٌ حَسَنَةٌ فِىٓ إِبْرَٰهِيمَ وَٱلَّذِينَ مَعَهُۥٓ إِذْ قَالُوا۟ لِقَوْمِهِمْ إِنَّا بُرَءَٰٓؤُا۟ مِنكُمْ وَمِمَّا تَعْبُدُونَ مِن دُونِ ٱللَّهِ كَفَرْنَا بِكُمْ وَبَدَا بَيْنَنَا وَبَيْنَكُمُ ٱلْعَدَٰوَةُ وَٱلْبَغْضَآءُ أَبَدًا حَتَّىٰ تُؤْمِنُوا۟ بِٱللَّهِ وَحْدَهُۥٓ إِلَّا قَوْلَ إِبْرَٰهِيمَ لِأَبِيهِ لَأَسْتَغْفِرَنَّ لَكَ وَمَآ أَمْلِكُ لَكَ مِنَ ٱللَّهِ مِن شَىْءٍ رَّبَّنَا عَلَيْكَ تَوَكَّلْنَا وَإِلَيْكَ أَنَبْنَا وَإِلَيْكَ ٱلْمَصِيرُ
61,11,1,61:11:1,تُؤْمِنُونَ,2,بِٱللَّهِ,bi{ll~ahi,Alh,{ll~ah,explicit_allah,bi[P|PREFIX|bi+] ; {ll~ahi[PN|STEM|POS:PN|LEM:{ll~ah|ROOT:Alh|GEN],تُؤْمِنُونَ بِٱللَّهِ وَرَسُولِهِ. وَتُجَٰهِدُونَ فِى,تُؤْمِنُونَ بِٱللَّهِ وَرَسُولِهِۦ وَتُجَٰهِدُونَ فِى سَبِيلِ ٱللَّهِ بِأَمْوَٰلِكُمْ وَأَنفُسِكُمْ ذَٰلِكُمْ خَيْرٌ لَّكُمْ إِن كُنتُمْ تَعْلَمُونَ
64,8,1,64:8:1,فَـ#َامِنُوا@,2,بِٱللَّهِ,bi{ll~ahi,Alh,{ll~ah,explicit_allah,bi[P|PREFIX|bi+] ; {ll~ahi[PN|STEM|POS:PN|LEM:{ll~ah|ROOT:Alh|GEN],فَـ#َامِنُوا@ بِٱللَّهِ وَرَسُولِهِ. وَٱلنُّورِ ٱلَّذِى^,فَـَٔامِنُوا۟ بِٱللَّهِ وَرَسُولِهِۦ وَٱلنُّورِ ٱلَّذِىٓ أَنزَلْنَا وَٱللَّهُ بِمَا تَعْمَلُونَ خَبِيرٌ
64,9,9,64:9:9,يُؤْمِن[,10,بِٱللَّهِ,bi{ll~ahi,Alh,{ll~ah,explicit_allah,bi[P|PREFIX|bi+] ; {ll~ahi[PN|STEM|POS:PN|LEM:{ll~ah|ROOT:Alh|GEN],ذَٰلِكَ يَوْمُ ٱلتَّغَابُنِ وَمَن يُؤْمِن[ بِٱللَّهِ وَيَعْمَلْ صَٰلِحًا يُكَفِّرْ,يَوْمَ يَجْمَعُكُمْ لِيَوْمِ ٱلْجَمْعِ ذَٰلِكَ يَوْمُ ٱلتَّغَابُنِ وَمَن يُؤْمِنۢ بِٱللَّهِ وَيَعْمَلْ صَٰلِحًا يُكَفِّرْ عَنْهُ سَيِّـَٔاتِهِۦ وَيُدْخِلْهُ جَنَّٰتٍ تَجْرِى مِن تَحْتِهَا ٱلْأَنْهَٰرُ خَٰلِدِينَ فِيهَآ أَبَدًا ذَٰلِكَ ٱلْفَوْزُ ٱلْعَظِيمُ
64,11,9,64:11:9,يُؤْمِن[,10,بِٱللَّهِ,bi{ll~ahi,Alh,{ll~ah,explicit_allah,bi[P|PREFIX|bi+] ; {ll~ahi[PN|STEM|POS:PN|LEM:{ll~ah|ROOT:Alh|GEN],"إِلَّا بِإِذْنِ ٱللَّهِ وَمَن يُؤْمِن[ بِٱللَّهِ يَهْدِ قَلْبَهُ, وَٱللَّهُ",مَآ أَصَابَ مِن مُّصِيبَةٍ إِلَّا بِإِذْنِ ٱللَّهِ وَمَن يُؤْمِنۢ بِٱللَّهِ يَهْدِ قَلْبَهُۥ وَٱللَّهُ بِكُلِّ شَىْءٍ عَلِيمٌ
65,2,21,65:2:21,يُؤْمِنُ,22,بِٱللَّهِ,bi{ll~ahi,Alh,{ll~ah,explicit_allah,bi[P|PREFIX|bi+] ; {ll~ahi[PN|STEM|POS:PN|LEM:{ll~ah|ROOT:Alh|GEN],يُوعَظُ بِهِ. مَن كَانَ يُؤْمِنُ بِٱللَّهِ وَٱلْيَوْمِ ٱلْءَاخِرِ وَمَن,فَإِذَا بَلَغْنَ أَجَلَهُنَّ فَأَمْسِكُوهُنَّ بِمَعْرُوفٍ أَوْ فَارِقُوهُنَّ بِمَعْرُوفٍ وَأَشْهِدُوا۟ ذَوَىْ عَدْلٍ مِّنكُمْ وَأَقِيمُوا۟ ٱلشَّهَٰدَةَ لِلَّهِ ذَٰلِكُمْ يُوعَظُ بِهِۦ مَن كَانَ يُؤْمِنُ بِٱللَّهِ وَٱلْيَوْمِ ٱلْـَٔاخِرِ وَمَن يَتَّقِ ٱللَّهَ يَجْعَل لَّهُۥ مَخْرَجًا
65,11,17,65:11:17,يُؤْمِن[,18,بِٱللَّهِ,bi{ll~ahi,Alh,{ll~ah,explicit_allah,bi[P|PREFIX|bi+] ; {ll~ahi[PN|STEM|POS:PN|LEM:{ll~ah|ROOT:Alh|GEN],ٱلظُّلُمَٰتِ إِلَى ٱلنُّورِ وَمَن يُؤْمِن[ بِٱللَّهِ وَيَعْمَلْ صَٰلِحًا يُدْخِلْهُ,رَّسُولًا يَتْلُوا۟ عَلَيْكُمْ ءَايَٰتِ ٱللَّهِ مُبَيِّنَٰتٍ لِّيُخْرِجَ ٱلَّذِينَ ءَامَنُوا۟ وَعَمِلُوا۟ ٱلصَّٰلِحَٰتِ مِنَ ٱلظُّلُمَٰتِ إِلَى ٱلنُّورِ وَمَن يُؤْمِنۢ بِٱللَّهِ وَيَعْمَلْ صَٰلِحًا يُدْخِلْهُ جَنَّٰتٍ تَجْرِى مِن تَحْتِهَا ٱلْأَنْهَٰرُ خَٰلِدِينَ فِيهَآ أَبَدًا قَدْ أَحْسَنَ ٱللَّهُ لَهُۥ رِزْقًا
67,29,4,67:29:4,ءَامَنَّا,5,بِهِ.,bihi.,,,pronominal_unresolved,bi[P|PREFIX|bi+] ; hi.[PRON|STEM|POS:PRON|3MS],قُلْ هُوَ ٱلرَّحْمَٰنُ ءَامَنَّا بِهِ. وَعَلَيْهِ تَوَكَّلْنَا فَسَتَعْلَمُونَ,قُلْ هُوَ ٱلرَّحْمَٰنُ ءَامَنَّا بِهِۦ وَعَلَيْهِ تَوَكَّلْنَا فَسَتَعْلَمُونَ مَنْ هُوَ فِى ضَلَٰلٍ مُّبِينٍ
69,33,4,69:33:4,يُؤْمِنُ,5,بِٱللَّهِ,bi{ll~ahi,Alh,{ll~ah,explicit_allah,bi[P|PREFIX|bi+] ; {ll~ahi[PN|STEM|POS:PN|LEM:{ll~ah|ROOT:Alh|GEN],"إِنَّهُ, كَانَ لَا يُؤْمِنُ بِٱللَّهِ ٱلْعَظِيمِ",إِنَّهُۥ كَانَ لَا يُؤْمِنُ بِٱللَّهِ ٱلْعَظِيمِ
72,2,4,72:2:4,فَـ#َامَنَّا,5,بِهِ.,bihi.,,,pronominal_unresolved,bi[P|PREFIX|bi+] ; hi.[PRON|STEM|POS:PRON|3MS],يَهْدِى^ إِلَى ٱلرُّشْدِ فَـ#َامَنَّا بِهِ. وَلَن نُّشْرِكَ بِرَبِّنَا^,يَهْدِىٓ إِلَى ٱلرُّشْدِ فَـَٔامَنَّا بِهِۦ وَلَن نُّشْرِكَ بِرَبِّنَآ أَحَدًا
72,13,5,72:13:5,ءَامَنَّا,6,بِهِ.,bihi.,,,pronominal_unresolved,bi[P|PREFIX|bi+] ; hi.[PRON|STEM|POS:PRON|3MS],وَأَنَّا لَمَّا سَمِعْنَا ٱلْهُدَىٰ^ ءَامَنَّا بِهِ. فَمَن يُؤْمِن[ بِرَبِّهِ.,وَأَنَّا لَمَّا سَمِعْنَا ٱلْهُدَىٰٓ ءَامَنَّا بِهِۦ فَمَن يُؤْمِنۢ بِرَبِّهِۦ فَلَا يَخَافُ بَخْسًا وَلَا رَهَقًا
72,13,8,72:13:8,يُؤْمِن[,9,بِرَبِّهِ.,birab~ihi.,rbb,rab~,explicit_rabb,bi[P|PREFIX|bi+] ; rab~i[N|STEM|POS:N|LEM:rab~|ROOT:rbb|M|GEN] ; hi.[PRON|SUFFIX|PRON:3MS],ٱلْهُدَىٰ^ ءَامَنَّا بِهِ. فَمَن يُؤْمِن[ بِرَبِّهِ. فَلَا يَخَافُ بَخْسًا,وَأَنَّا لَمَّا سَمِعْنَا ٱلْهُدَىٰٓ ءَامَنَّا بِهِۦ فَمَن يُؤْمِنۢ بِرَبِّهِۦ فَلَا يَخَافُ بَخْسًا وَلَا رَهَقًا
85,8,6,85:8:6,يُؤْمِنُوا@,7,بِٱللَّهِ,bi{ll~ahi,Alh,{ll~ah,explicit_allah,bi[P|PREFIX|bi+] ; {ll~ahi[PN|STEM|POS:PN|LEM:{ll~ah|ROOT:Alh|GEN],نَقَمُوا@ مِنْهُمْ إِلَّا^ أَن يُؤْمِنُوا@ بِٱللَّهِ ٱلْعَزِيزِ ٱلْحَمِيدِ,وَمَا نَقَمُوا۟ مِنْهُمْ إِلَّآ أَن يُؤْمِنُوا۟ بِٱللَّهِ ٱلْعَزِيزِ ٱلْحَمِيدِ
