konum	kategori	qac_kok_bw	qac_kok_latin	qm_kok	qm_kok_latin	qac_bicim_bw
2:8:2	farklı kök	nws	n-v-s	أنس	ʾ-n-s	{ln~aAsi
2:13:7	farklı kök	nws	n-v-s	أنس	ʾ-n-s	{ln~aAsu
2:21:1	yalnız quran-morphology kök atıyor			أيي	ʾ-y-y	ya`^>ay~uhaA
2:21:2	farklı kök	nws	n-v-s	أنس	ʾ-n-s	{ln~aAsu
2:24:10	farklı kök	nws	n-v-s	أنس	ʾ-n-s	{ln~aAsu
2:31:2	yalnız quran-morphology kök atıyor			أدم	ʾ-d-m	'aAdama
2:33:2	yalnız quran-morphology kök atıyor			أدم	ʾ-d-m	ya`^_#aAdamu
2:34:5	yalnız quran-morphology kök atıyor			أدم	ʾ-d-m	li'aAdama
2:35:2	yalnız quran-morphology kök atıyor			أدم	ʾ-d-m	ya`^_#aAdamu
2:37:2	yalnız quran-morphology kök atıyor			أدم	ʾ-d-m	'aAdamu
2:44:2	farklı kök	nws	n-v-s	أنس	ʾ-n-s	{ln~aAsa
2:71:18	yalnız quran-morphology kök atıyor			أون	ʾ-v-n	{lo_#a`na
2:83:17	farklı kök	nws	n-v-s	أنس	ʾ-n-s	liln~aAsi
2:94:12	farklı kök	nws	n-v-s	أنس	ʾ-n-s	{ln~aAsi
2:96:3	farklı kök	nws	n-v-s	أنس	ʾ-n-s	{ln~aAsi
2:102:15	farklı kök	nws	n-v-s	أنس	ʾ-n-s	{ln~aAsa
2:104:1	yalnız quran-morphology kök atıyor			أيي	ʾ-y-y	ya`^>ay~uhaA
2:113:2	yalnız quran-morphology kök atıyor			هود	h-v-d	{loyahuwdu
2:113:10	yalnız quran-morphology kök atıyor			هود	h-v-d	{loyahuwdu
2:120:4	yalnız quran-morphology kök atıyor			هود	h-v-d	{loyahuwdu
2:124:10	farklı kök	nws	n-v-s	أنس	ʾ-n-s	liln~aAsi
2:125:5	farklı kök	nws	n-v-s	أنس	ʾ-n-s	l~iln~aAsi
2:142:4	farklı kök	nws	n-v-s	أنس	ʾ-n-s	{ln~aAsi
2:143:8	farklı kök	nws	n-v-s	أنس	ʾ-n-s	{ln~aAsi
2:143:43	farklı kök	nws	n-v-s	أنس	ʾ-n-s	bi{ln~aAsi
2:150:17	farklı kök	nws	n-v-s	أنس	ʾ-n-s	liln~aAsi
2:153:1	yalnız quran-morphology kök atıyor			أيي	ʾ-y-y	ya`^>ay~uhaA
2:158:3	yalnız quran-morphology kök atıyor			مرو	m-r-v	wa{lomarowapa
2:159:13	farklı kök	nws	n-v-s	أنس	ʾ-n-s	liln~aAsi
2:161:12	farklı kök	nws	n-v-s	أنس	ʾ-n-s	wa{ln~aAsi
2:164:16	farklı kök	nws	n-v-s	أنس	ʾ-n-s	{ln~aAsa
2:165:2	farklı kök	nws	n-v-s	أنس	ʾ-n-s	{ln~aAsi
2:168:1	yalnız quran-morphology kök atıyor			أيي	ʾ-y-y	ya`^>ay~uhaA
2:168:2	farklı kök	nws	n-v-s	أنس	ʾ-n-s	{ln~aAsu
2:171:12	farklı kök	ndw	n-d-v	ندي	n-d-y	wanidaA^'F
2:172:1	yalnız quran-morphology kök atıyor			أيي	ʾ-y-y	ya`^>ay~uhaA
2:178:1	yalnız quran-morphology kök atıyor			أيي	ʾ-y-y	ya`^>ay~uhaA
2:179:5	yalnız QAC kök atıyor	Awl	ʾ-v-l			ya`^>uw@liY
2:183:1	yalnız quran-morphology kök atıyor			أيي	ʾ-y-y	ya`^>ay~uhaA
2:185:2	yalnız quran-morphology kök atıyor			رمض	r-m-ż	ramaDaAna
2:185:8	farklı kök	nws	n-v-s	أنس	ʾ-n-s	l~iln~aAsi
2:187:24	yalnız quran-morphology kök atıyor			أون	ʾ-v-n	fa{lo_#a`na
2:187:63	farklı kök	nws	n-v-s	أنس	ʾ-n-s	liln~aAsi
2:188:14	farklı kök	nws	n-v-s	أنس	ʾ-n-s	{ln~aAsi
2:189:7	farklı kök	nws	n-v-s	أنس	ʾ-n-s	liln~aAsi
2:197:28	yalnız QAC kök atıyor	Awl	ʾ-v-l			ya`^>uw@liY
2:198:12	yalnız quran-morphology kök atıyor			عرف	ʿ-r-f	Earafa`tK
2:199:6	farklı kök	nws	n-v-s	أنس	ʾ-n-s	{ln~aAsu
2:200:12	farklı kök	nws	n-v-s	أنس	ʾ-n-s	{ln~aAsi
2:204:2	farklı kök	nws	n-v-s	أنس	ʾ-n-s	{ln~aAsi
2:207:2	farklı kök	nws	n-v-s	أنس	ʾ-n-s	{ln~aAsi
2:208:1	yalnız quran-morphology kök atıyor			أيي	ʾ-y-y	ya`^>ay~uhaA
2:213:2	farklı kök	nws	n-v-s	أنس	ʾ-n-s	{ln~aAsu
2:213:16	farklı kök	nws	n-v-s	أنس	ʾ-n-s	{ln~aAsi
2:219:10	farklı kök	nws	n-v-s	أنس	ʾ-n-s	liln~aAsi
2:221:37	farklı kök	nws	n-v-s	أنس	ʾ-n-s	liln~aAsi
2:223:6	yalnız QAC kök atıyor	Any	ʾ-n-y			>an~aY`
2:224:11	farklı kök	nws	n-v-s	أنس	ʾ-n-s	{ln~aAsi
2:243:23	farklı kök	nws	n-v-s	أنس	ʾ-n-s	{ln~aAsi
2:243:26	farklı kök	nws	n-v-s	أنس	ʾ-n-s	{ln~aAsi
2:247:12	yalnız QAC kök atıyor	Any	ʾ-n-y			>an~aY`
2:251:17	farklı kök	nws	n-v-s	أنس	ʾ-n-s	{ln~aAsa
2:254:1	yalnız quran-morphology kök atıyor			أيي	ʾ-y-y	ya`^>ay~uhaA
2:259:11	yalnız QAC kök atıyor	Any	ʾ-n-y			>an~aY`
2:259:48	farklı kök	nws	n-v-s	أنس	ʾ-n-s	l~iln~aAsi
2:260:15	farklı kök	Tmn	ṭ-m-n	طمأن	ṭ-m-ʾ-n	l~iyaToma}in~a
2:264:1	yalnız quran-morphology kök atıyor			أيي	ʾ-y-y	ya`^>ay~uhaA
2:264:13	farklı kök	nws	n-v-s	أنس	ʾ-n-s	{ln~aAsi
2:267:1	yalnız quran-morphology kök atıyor			أيي	ʾ-y-y	ya`^>ay~uhaA
2:269:15	yalnız QAC kök atıyor	Awl	ʾ-v-l			>uw@luwA@
2:273:21	farklı kök	nws	n-v-s	أنس	ʾ-n-s	{ln~aAsa
2:278:1	yalnız quran-morphology kök atıyor			أيي	ʾ-y-y	ya`^>ay~uhaA
2:282:1	yalnız quran-morphology kök atıyor			أيي	ʾ-y-y	ya`^>ay~uhaA
3:4:4	farklı kök	nws	n-v-s	أنس	ʾ-n-s	l~iln~aAsi
3:7:45	yalnız QAC kök atıyor	Awl	ʾ-v-l			>uw@luwA@
3:9:4	farklı kök	nws	n-v-s	أنس	ʾ-n-s	{ln~aAsi
3:13:28	yalnız QAC kök atıyor	Awl	ʾ-v-l			l~i>uw@liY
3:14:2	farklı kök	nws	n-v-s	أنس	ʾ-n-s	liln~aAsi
3:18:9	yalnız QAC kök atıyor	Awl	ʾ-v-l			wa>uw@luwA@
3:21:15	farklı kök	nws	n-v-s	أنس	ʾ-n-s	{ln~aAsi
3:33:4	yalnız quran-morphology kök atıyor			أدم	ʾ-d-m	'aAdama
3:37:20	yalnız QAC kök atıyor	Any	ʾ-n-y			>an~aY`
3:39:1	farklı kök	ndw	n-d-v	ندي	n-d-y	fanaAdatohu
3:39:11	yalnız quran-morphology kök atıyor			حيي	ḥ-y-y	biyaHoyaY`
3:40:3	yalnız QAC kök atıyor	Any	ʾ-n-y			>an~aY`
3:41:10	farklı kök	nws	n-v-s	أنس	ʾ-n-s	{ln~aAsa
3:44:13	yalnız quran-morphology kök atıyor			أيي	ʾ-y-y	>ay~uhumo
3:45:11	yalnız quran-morphology kök atıyor			مسح	m-s-ḥ	{lomasiyHu
3:46:2	farklı kök	nws	n-v-s	أنس	ʾ-n-s	{ln~aAsa
3:47:3	yalnız QAC kök atıyor	Any	ʾ-n-y			>an~aY`
3:59:7	yalnız quran-morphology kök atıyor			أدم	ʾ-d-m	'aAdama
3:67:4	yalnız quran-morphology kök atıyor			هود	h-v-d	yahuwdiy~FA
3:68:3	farklı kök	nws	n-v-s	أنس	ʾ-n-s	{ln~aAsi
3:79:12	farklı kök	nws	n-v-s	أنس	ʾ-n-s	liln~aAsi
3:87:8	farklı kök	nws	n-v-s	أنس	ʾ-n-s	wa{ln~aAsi
3:96:5	farklı kök	nws	n-v-s	أنس	ʾ-n-s	liln~aAsi
3:97:12	farklı kök	nws	n-v-s	أنس	ʾ-n-s	{ln~aAsi
3:100:1	yalnız quran-morphology kök atıyor			أيي	ʾ-y-y	ya`^>ay~uhaA
3:102:1	yalnız quran-morphology kök atıyor			أيي	ʾ-y-y	ya`^>ay~uhaA
3:110:5	farklı kök	nws	n-v-s	أنس	ʾ-n-s	liln~aAsi
3:112:13	farklı kök	nws	n-v-s	أنس	ʾ-n-s	{ln~aAsi
3:118:1	yalnız quran-morphology kök atıyor			أيي	ʾ-y-y	ya`^>ay~uhaA
3:126:7	farklı kök	Tmn	ṭ-m-n	طمأن	ṭ-m-ʾ-n	walitaToma}in~a
3:130:1	yalnız quran-morphology kök atıyor			أيي	ʾ-y-y	ya`^>ay~uhaA
3:134:10	farklı kök	nws	n-v-s	أنس	ʾ-n-s	{ln~aAsi
3:138:3	farklı kök	nws	n-v-s	أنس	ʾ-n-s	l~iln~aAsi
3:140:13	farklı kök	nws	n-v-s	أنس	ʾ-n-s	{ln~aAsi
3:144:2	yalnız quran-morphology kök atıyor			حمد	ḥ-m-d	muHam~adN
3:149:1	yalnız quran-morphology kök atıyor			أيي	ʾ-y-y	ya`^>ay~uhaA
3:156:1	yalnız quran-morphology kök atıyor			أيي	ʾ-y-y	ya`^>ay~uhaA
3:165:8	yalnız QAC kök atıyor	Any	ʾ-n-y			>an~aY`
3:167:20	yalnız quran-morphology kök atıyor			يوم	y-v-m	yawoma}i*K
3:173:4	farklı kök	nws	n-v-s	أنس	ʾ-n-s	{ln~aAsu
3:173:6	farklı kök	nws	n-v-s	أنس	ʾ-n-s	{ln~aAsa
3:187:9	farklı kök	nws	n-v-s	أنس	ʾ-n-s	liln~aAsi
3:190:10	yalnız QAC kök atıyor	Awl	ʾ-v-l			l~i>uw@liY
3:193:4	farklı kök	ndw	n-d-v	ندي	n-d-y	munaAdiyFA
3:193:5	farklı kök	ndw	n-d-v	ندي	n-d-y	yunaAdiY
3:200:1	yalnız quran-morphology kök atıyor			أيي	ʾ-y-y	ya`^>ay~uhaA
4:1:1	yalnız quran-morphology kök atıyor			أيي	ʾ-y-y	ya`^>ay~uhaA
4:1:2	farklı kök	nws	n-v-s	أنس	ʾ-n-s	{ln~aAsu
4:8:4	yalnız QAC kök atıyor	Awl	ʾ-v-l			>uw@luwA@
4:11:60	yalnız quran-morphology kök atıyor			أيي	ʾ-y-y	>ay~uhumo
4:18:14	yalnız quran-morphology kök atıyor			أون	ʾ-v-n	{lo_#a`na
4:19:1	yalnız quran-morphology kök atıyor			أيي	ʾ-y-y	ya`^>ay~uhaA
4:29:1	yalnız quran-morphology kök atıyor			أيي	ʾ-y-y	ya`^>ay~uhaA
4:37:4	farklı kök	nws	n-v-s	أنس	ʾ-n-s	{ln~aAsa
4:38:5	farklı kök	nws	n-v-s	أنس	ʾ-n-s	{ln~aAsi
4:42:1	yalnız quran-morphology kök atıyor			يوم	y-v-m	yawoma}i*K
4:43:1	yalnız quran-morphology kök atıyor			أيي	ʾ-y-y	ya`^>ay~uhaA
4:47:1	yalnız quran-morphology kök atıyor			أيي	ʾ-y-y	ya`^>ay~uhaA
4:53:9	farklı kök	nws	n-v-s	أنس	ʾ-n-s	{ln~aAsa
4:54:3	farklı kök	nws	n-v-s	أنس	ʾ-n-s	{ln~aAsa
4:58:12	farklı kök	nws	n-v-s	أنس	ʾ-n-s	{ln~aAsi
4:59:1	yalnız quran-morphology kök atıyor			أيي	ʾ-y-y	ya`^>ay~uhaA
4:59:8	yalnız QAC kök atıyor	Awl	ʾ-v-l			wa>uw@liY
4:71:1	yalnız quran-morphology kök atıyor			أيي	ʾ-y-y	ya`^>ay~uhaA
4:77:21	farklı kök	nws	n-v-s	أنس	ʾ-n-s	{ln~aAsa
4:79:14	farklı kök	nws	n-v-s	أنس	ʾ-n-s	liln~aAsi
4:83:15	yalnız QAC kök atıyor	Awl	ʾ-v-l			>uw@liY
4:94:1	yalnız quran-morphology kök atıyor			أيي	ʾ-y-y	ya`^>ay~uhaA
4:95:7	yalnız QAC kök atıyor	Awl	ʾ-v-l			>uw@liY
4:103:11	farklı kök	Tmn	ṭ-m-n	طمأن	ṭ-m-ʾ-n	{Toma>onantumo
4:105:8	farklı kök	nws	n-v-s	أنس	ʾ-n-s	{ln~aAsi
4:108:3	farklı kök	nws	n-v-s	أنس	ʾ-n-s	{ln~aAsi
4:114:16	farklı kök	nws	n-v-s	أنس	ʾ-n-s	{ln~aAsi
4:133:4	yalnız quran-morphology kök atıyor			أيي	ʾ-y-y	>ay~uhaA
4:133:5	farklı kök	nws	n-v-s	أنس	ʾ-n-s	{ln~aAsu
4:135:1	yalnız quran-morphology kök atıyor			أيي	ʾ-y-y	ya`^>ay~uhaA
4:136:1	yalnız quran-morphology kök atıyor			أيي	ʾ-y-y	ya`^>ay~uhaA
4:142:14	farklı kök	nws	n-v-s	أنس	ʾ-n-s	{ln~aAsa
4:144:1	yalnız quran-morphology kök atıyor			أيي	ʾ-y-y	ya`^>ay~uhaA
4:157:4	yalnız quran-morphology kök atıyor			مسح	m-s-ḥ	{lomasiyHa
4:161:8	farklı kök	nws	n-v-s	أنس	ʾ-n-s	{ln~aAsi
4:165:6	farklı kök	nws	n-v-s	أنس	ʾ-n-s	liln~aAsi
4:170:1	yalnız quran-morphology kök atıyor			أيي	ʾ-y-y	ya`^>ay~uhaA
4:170:2	farklı kök	nws	n-v-s	أنس	ʾ-n-s	{ln~aAsu
4:171:14	yalnız quran-morphology kök atıyor			مسح	m-s-ḥ	{lomasiyHu
4:172:3	yalnız quran-morphology kök atıyor			مسح	m-s-ḥ	{lomasiyHu
4:174:1	yalnız quran-morphology kök atıyor			أيي	ʾ-y-y	ya`^>ay~uhaA
4:174:2	farklı kök	nws	n-v-s	أنس	ʾ-n-s	{ln~aAsu
5:1:1	yalnız quran-morphology kök atıyor			أيي	ʾ-y-y	ya`^>ay~uhaA
5:2:1	yalnız quran-morphology kök atıyor			أيي	ʾ-y-y	ya`^>ay~uhaA
5:6:1	yalnız quran-morphology kök atıyor			أيي	ʾ-y-y	ya`^>ay~uhaA
5:8:1	yalnız quran-morphology kök atıyor			أيي	ʾ-y-y	ya`^>ay~uhaA
5:11:1	yalnız quran-morphology kök atıyor			أيي	ʾ-y-y	ya`^>ay~uhaA
5:17:8	yalnız quran-morphology kök atıyor			مسح	m-s-ḥ	{lomasiyHu
5:17:21	yalnız quran-morphology kök atıyor			مسح	m-s-ḥ	{lomasiyHa
5:18:2	yalnız quran-morphology kök atıyor			هود	h-v-d	{loyahuwdu
5:27:5	yalnız quran-morphology kök atıyor			أدم	ʾ-d-m	'aAdama
5:32:20	farklı kök	nws	n-v-s	أنس	ʾ-n-s	{ln~aAsa
5:32:26	farklı kök	nws	n-v-s	أنس	ʾ-n-s	{ln~aAsa
5:35:1	yalnız quran-morphology kök atıyor			أيي	ʾ-y-y	ya`^>ay~uhaA
5:41:1	yalnız quran-morphology kök atıyor			أيي	ʾ-y-y	ya`^>ay~uhaA
5:44:26	farklı kök	nws	n-v-s	أنس	ʾ-n-s	{ln~aAsa
5:49:32	farklı kök	nws	n-v-s	أنس	ʾ-n-s	{ln~aAsi
5:51:1	yalnız quran-morphology kök atıyor			أيي	ʾ-y-y	ya`^>ay~uhaA
5:51:6	yalnız quran-morphology kök atıyor			هود	h-v-d	{loyahuwda
5:54:1	yalnız quran-morphology kök atıyor			أيي	ʾ-y-y	ya`^>ay~uhaA
5:57:1	yalnız quran-morphology kök atıyor			أيي	ʾ-y-y	ya`^>ay~uhaA
5:58:2	farklı kök	ndw	n-d-v	ندي	n-d-y	naAdayotumo
5:64:2	yalnız quran-morphology kök atıyor			هود	h-v-d	{loyahuwdu
5:67:1	yalnız quran-morphology kök atıyor			أيي	ʾ-y-y	ya`^>ay~uhaA
5:67:18	farklı kök	nws	n-v-s	أنس	ʾ-n-s	{ln~aAsi
5:72:8	yalnız quran-morphology kök atıyor			مسح	m-s-ḥ	{lomasiyHu
5:72:12	yalnız quran-morphology kök atıyor			مسح	m-s-ḥ	{lomasiyHu
5:75:2	yalnız quran-morphology kök atıyor			مسح	m-s-ḥ	{lomasiyHu
5:75:24	yalnız QAC kök atıyor	Any	ʾ-n-y			>an~aY`
5:82:3	farklı kök	nws	n-v-s	أنس	ʾ-n-s	{ln~aAsi
5:82:7	yalnız quran-morphology kök atıyor			هود	h-v-d	{loyahuwda
5:87:1	yalnız quran-morphology kök atıyor			أيي	ʾ-y-y	ya`^>ay~uhaA
5:90:1	yalnız quran-morphology kök atıyor			أيي	ʾ-y-y	ya`^>ay~uhaA
5:94:1	yalnız quran-morphology kök atıyor			أيي	ʾ-y-y	ya`^>ay~uhaA
5:95:1	yalnız quran-morphology kök atıyor			أيي	ʾ-y-y	ya`^>ay~uhaA
5:97:7	farklı kök	nws	n-v-s	أنس	ʾ-n-s	l~iln~aAsi
5:100:12	yalnız QAC kök atıyor	Awl	ʾ-v-l			ya`^>uw@liY
5:101:1	yalnız quran-morphology kök atıyor			أيي	ʾ-y-y	ya`^>ay~uhaA
5:105:1	yalnız quran-morphology kök atıyor			أيي	ʾ-y-y	ya`^>ay~uhaA
5:106:1	yalnız quran-morphology kök atıyor			أيي	ʾ-y-y	ya`^>ay~uhaA
5:110:17	farklı kök	nws	n-v-s	أنس	ʾ-n-s	{ln~aAsa
5:113:6	farklı kök	Tmn	ṭ-m-n	طمأن	ṭ-m-ʾ-n	wataToma}in~a
5:116:9	farklı kök	nws	n-v-s	أنس	ʾ-n-s	liln~aAsi
6:16:4	yalnız quran-morphology kök atıyor			يوم	y-v-m	yawoma}i*K
6:19:2	yalnız quran-morphology kök atıyor			أيي	ʾ-y-y	>aY~u
6:81:16	yalnız quran-morphology kök atıyor			أيي	ʾ-y-y	fa>aY~u
6:85:2	yalnız quran-morphology kök atıyor			حيي	ḥ-y-y	wayaHoyaY`
6:91:25	farklı kök	nws	n-v-s	أنس	ʾ-n-s	l~iln~aAsi
6:95:16	yalnız QAC kök atıyor	Any	ʾ-n-y			fa>an~aY`
6:101:4	yalnız QAC kök atıyor	Any	ʾ-n-y			>an~aY`
6:122:11	farklı kök	nws	n-v-s	أنس	ʾ-n-s	{ln~aAsi
6:144:32	farklı kök	nws	n-v-s	أنس	ʾ-n-s	{ln~aAsa
6:150:2	farklı kök	lmm	l-m-m	هلم	h-l-m	halum~a
7:8:2	yalnız quran-morphology kök atıyor			يوم	y-v-m	yawoma}i*K
7:11:9	yalnız quran-morphology kök atıyor			أدم	ʾ-d-m	li'aAdama
7:19:1	yalnız quran-morphology kök atıyor			أدم	ʾ-d-m	waya`^_#aAdamu
7:22:15	farklı kök	ndw	n-d-v	ندي	n-d-y	wanaAdaY`humaA
7:26:2	yalnız quran-morphology kök atıyor			أدم	ʾ-d-m	'aAdama
7:27:2	yalnız quran-morphology kök atıyor			أدم	ʾ-d-m	'aAdama
7:31:2	yalnız quran-morphology kök atıyor			أدم	ʾ-d-m	'aAdama
7:35:2	yalnız quran-morphology kök atıyor			أدم	ʾ-d-m	'aAdama
7:43:29	farklı kök	ndw	n-d-v	ندي	n-d-y	wanuwduw^A@
7:44:1	farklı kök	ndw	n-d-v	ندي	n-d-y	wanaAdaY`^
7:46:9	farklı kök	ndw	n-d-v	ندي	n-d-y	wanaAdawoA@
7:48:1	farklı kök	ndw	n-d-v	ندي	n-d-y	wanaAdaY`^
7:50:1	farklı kök	ndw	n-d-v	ندي	n-d-y	wanaAdaY`^
7:85:2	yalnız quran-morphology kök atıyor			مدن	m-d-n	madoyana
7:85:24	farklı kök	nws	n-v-s	أنس	ʾ-n-s	{ln~aAsa
7:116:7	farklı kök	nws	n-v-s	أنس	ʾ-n-s	{ln~aAsi
7:144:6	farklı kök	nws	n-v-s	أنس	ʾ-n-s	{ln~aAsi
7:158:2	yalnız quran-morphology kök atıyor			أيي	ʾ-y-y	ya`^>ay~uhaA
7:158:3	farklı kök	nws	n-v-s	أنس	ʾ-n-s	{ln~aAsu
7:172:6	yalnız quran-morphology kök atıyor			أدم	ʾ-d-m	'aAdama
7:185:19	yalnız quran-morphology kök atıyor			أيي	ʾ-y-y	fabi>aY~i
7:187:35	farklı kök	nws	n-v-s	أنس	ʾ-n-s	{ln~aAsi
8:10:6	farklı kök	Tmn	ṭ-m-n	طمأن	ṭ-m-ʾ-n	walitaToma}in~a
8:15:1	yalnız quran-morphology kök atıyor			أيي	ʾ-y-y	ya`^>ay~uhaA
8:16:3	yalnız quran-morphology kök atıyor			يوم	y-v-m	yawoma}i*K
8:20:1	yalnız quran-morphology kök atıyor			أيي	ʾ-y-y	ya`^>ay~uhaA
8:24:1	yalnız quran-morphology kök atıyor			أيي	ʾ-y-y	ya`^>ay~uhaA
8:26:11	farklı kök	nws	n-v-s	أنس	ʾ-n-s	{ln~aAsu
8:27:1	yalnız quran-morphology kök atıyor			أيي	ʾ-y-y	ya`^>ay~uhaA
8:29:1	yalnız quran-morphology kök atıyor			أيي	ʾ-y-y	ya`^>ay~uhaA
8:45:1	yalnız quran-morphology kök atıyor			أيي	ʾ-y-y	ya`^>ay~uhaA
8:47:9	farklı kök	nws	n-v-s	أنس	ʾ-n-s	{ln~aAsi
8:48:12	farklı kök	nws	n-v-s	أنس	ʾ-n-s	{ln~aAsi
8:64:1	yalnız quran-morphology kök atıyor			أيي	ʾ-y-y	ya`^>ay~uhaA
8:65:1	yalnız quran-morphology kök atıyor			أيي	ʾ-y-y	ya`^>ay~uhaA
8:66:1	yalnız quran-morphology kök atıyor			أون	ʾ-v-n	{lo_#a`na
8:70:1	yalnız quran-morphology kök atıyor			أيي	ʾ-y-y	ya`^>ay~uhaA
8:75:10	yalnız QAC kök atıyor	Awl	ʾ-v-l			wa>uw@luwA@
9:3:6	farklı kök	nws	n-v-s	أنس	ʾ-n-s	{ln~aAsi
9:23:1	yalnız quran-morphology kök atıyor			أيي	ʾ-y-y	ya`^>ay~uhaA
9:28:1	yalnız quran-morphology kök atıyor			أيي	ʾ-y-y	ya`^>ay~uhaA
9:30:2	yalnız quran-morphology kök atıyor			هود	h-v-d	{loyahuwdu
9:30:8	yalnız quran-morphology kök atıyor			مسح	m-s-ḥ	{lomasiyHu
9:30:22	yalnız QAC kök atıyor	Any	ʾ-n-y			>an~aY`
9:31:8	yalnız quran-morphology kök atıyor			مسح	m-s-ḥ	wa{lomasiyHa
9:34:1	yalnız quran-morphology kök atıyor			أيي	ʾ-y-y	ya`^>ay~uhaA
9:34:11	farklı kök	nws	n-v-s	أنس	ʾ-n-s	{ln~aAsi
9:38:1	yalnız quran-morphology kök atıyor			أيي	ʾ-y-y	ya`^>ay~uhaA
9:70:14	yalnız quran-morphology kök atıyor			مدن	m-d-n	madoyana
9:73:1	yalnız quran-morphology kök atıyor			أيي	ʾ-y-y	ya`^>ay~uhaA
9:86:11	yalnız QAC kök atıyor	Awl	ʾ-v-l			>uw@luwA@
9:113:11	yalnız QAC kök atıyor	Awl	ʾ-v-l			>uw@liY
9:119:1	yalnız quran-morphology kök atıyor			أيي	ʾ-y-y	ya`^>ay~uhaA
9:123:1	yalnız quran-morphology kök atıyor			أيي	ʾ-y-y	ya`^>ay~uhaA
9:124:8	yalnız quran-morphology kök atıyor			أيي	ʾ-y-y	>ay~ukumo
10:2:2	farklı kök	nws	n-v-s	أنس	ʾ-n-s	liln~aAsi
10:2:11	farklı kök	nws	n-v-s	أنس	ʾ-n-s	{ln~aAsa
10:7:9	farklı kök	Tmn	ṭ-m-n	طمأن	ṭ-m-ʾ-n	wa{Toma>an~uwA@
10:11:4	farklı kök	nws	n-v-s	أنس	ʾ-n-s	liln~aAsi
10:19:3	farklı kök	nws	n-v-s	أنس	ʾ-n-s	{ln~aAsu
10:21:3	farklı kök	nws	n-v-s	أنس	ʾ-n-s	{ln~aAsa
10:23:10	yalnız quran-morphology kök atıyor			أيي	ʾ-y-y	ya`^>ay~uhaA
10:23:11	farklı kök	nws	n-v-s	أنس	ʾ-n-s	{ln~aAsu
10:24:15	farklı kök	nws	n-v-s	أنس	ʾ-n-s	{ln~aAsu
10:32:10	yalnız QAC kök atıyor	Any	ʾ-n-y			fa>an~aY`
10:34:16	yalnız QAC kök atıyor	Any	ʾ-n-y			fa>an~aY`
10:44:5	farklı kök	nws	n-v-s	أنس	ʾ-n-s	{ln~aAsa
10:44:8	farklı kök	nws	n-v-s	أنس	ʾ-n-s	{ln~aAsa
10:51:7	yalnız quran-morphology kök atıyor			أون	ʾ-v-n	'aA^lo_#a`na
10:57:1	yalnız quran-morphology kök atıyor			أيي	ʾ-y-y	ya`^>ay~uhaA
10:57:2	farklı kök	nws	n-v-s	أنس	ʾ-n-s	{ln~aAsu
10:60:15	farklı kök	nws	n-v-s	أنس	ʾ-n-s	{ln~aAsi
10:91:1	yalnız quran-morphology kök atıyor			أون	ʾ-v-n	'aA^lo_#a`na
10:92:11	farklı kök	nws	n-v-s	أنس	ʾ-n-s	{ln~aAsi
10:99:12	farklı kök	nws	n-v-s	أنس	ʾ-n-s	{ln~aAsa
10:104:2	yalnız quran-morphology kök atıyor			أيي	ʾ-y-y	ya`^>ay~uhaA
10:104:3	farklı kök	nws	n-v-s	أنس	ʾ-n-s	{ln~aAsu
10:108:2	yalnız quran-morphology kök atıyor			أيي	ʾ-y-y	ya`^>ay~uhaA
10:108:3	farklı kök	nws	n-v-s	أنس	ʾ-n-s	{ln~aAsu
11:7:14	yalnız quran-morphology kök atıyor			أيي	ʾ-y-y	>ay~ukumo
11:17:37	farklı kök	nws	n-v-s	أنس	ʾ-n-s	{ln~aAsi
11:42:7	farklı kök	ndw	n-d-v	ندي	n-d-y	wanaAdaY`
11:44:13	yalnız quran-morphology kök atıyor			جود	c-v-d	{lojuwdiY~i
11:45:1	farklı kök	ndw	n-d-v	ندي	n-d-y	wanaAdaY`
11:66:13	yalnız quran-morphology kök atıyor			يوم	y-v-m	yawomi}i*K
11:84:2	yalnız quran-morphology kök atıyor			مدن	m-d-n	madoyana
11:85:8	farklı kök	nws	n-v-s	أنس	ʾ-n-s	{ln~aAsa
11:95:7	yalnız quran-morphology kök atıyor			مدن	m-d-n	l~imadoyana
11:103:13	farklı kök	nws	n-v-s	أنس	ʾ-n-s	{ln~aAsu
11:116:7	yalnız QAC kök atıyor	Awl	ʾ-v-l			>uw@luwA@
11:118:5	farklı kök	nws	n-v-s	أنس	ʾ-n-s	{ln~aAsa
11:119:14	farklı kök	nws	n-v-s	أنس	ʾ-n-s	wa{ln~aAsi
12:21:30	farklı kök	nws	n-v-s	أنس	ʾ-n-s	{ln~aAsi
12:38:21	farklı kök	nws	n-v-s	أنس	ʾ-n-s	{ln~aAsi
12:38:24	farklı kök	nws	n-v-s	أنس	ʾ-n-s	{ln~aAsi
12:40:30	farklı kök	nws	n-v-s	أنس	ʾ-n-s	{ln~aAsi
12:43:16	yalnız quran-morphology kök atıyor			أيي	ʾ-y-y	ya`^>ay~uhaA
12:46:2	yalnız quran-morphology kök atıyor			أيي	ʾ-y-y	>ay~uhaA
12:46:20	farklı kök	nws	n-v-s	أنس	ʾ-n-s	{ln~aAsi
12:49:9	farklı kök	nws	n-v-s	أنس	ʾ-n-s	{ln~aAsu
12:51:20	yalnız quran-morphology kök atıyor			أون	ʾ-v-n	{lo_#a`na
12:68:28	farklı kök	nws	n-v-s	أنس	ʾ-n-s	{ln~aAsi
12:70:12	yalnız quran-morphology kök atıyor			أيي	ʾ-y-y	>ay~atuhaA
12:78:2	yalnız quran-morphology kök atıyor			أيي	ʾ-y-y	ya`^>ay~uhaA
12:88:5	yalnız quran-morphology kök atıyor			أيي	ʾ-y-y	ya`^>ay~uhaA
12:103:3	farklı kök	nws	n-v-s	أنس	ʾ-n-s	{ln~aAsi
12:111:6	yalnız QAC kök atıyor	Awl	ʾ-v-l			l~i>uw@liY
13:1:13	farklı kök	nws	n-v-s	أنس	ʾ-n-s	{ln~aAsi
13:6:14	farklı kök	nws	n-v-s	أنس	ʾ-n-s	l~iln~aAsi
13:17:35	farklı kök	nws	n-v-s	أنس	ʾ-n-s	{ln~aAsa
13:19:14	yalnız QAC kök atıyor	Awl	ʾ-v-l			>uw@luwA@
13:28:3	farklı kök	Tmn	ṭ-m-n	طمأن	ṭ-m-ʾ-n	wataToma}in~u
13:28:10	farklı kök	Tmn	ṭ-m-n	طمأن	ṭ-m-ʾ-n	taToma}in~u
13:31:28	farklı kök	nws	n-v-s	أنس	ʾ-n-s	{ln~aAsa
14:1:6	farklı kök	nws	n-v-s	أنس	ʾ-n-s	{ln~aAsa
14:25:10	farklı kök	nws	n-v-s	أنس	ʾ-n-s	liln~aAsi
14:36:6	farklı kök	nws	n-v-s	أنس	ʾ-n-s	{ln~aAsi
14:37:19	farklı kök	nws	n-v-s	أنس	ʾ-n-s	{ln~aAsi
14:44:2	farklı kök	nws	n-v-s	أنس	ʾ-n-s	{ln~aAsa
14:49:3	yalnız quran-morphology kök atıyor			يوم	y-v-m	yawoma}i*K
14:52:3	farklı kök	nws	n-v-s	أنس	ʾ-n-s	l~iln~aAsi
14:52:12	yalnız QAC kök atıyor	Awl	ʾ-v-l			>uw@luwA@
15:6:2	yalnız quran-morphology kök atıyor			أيي	ʾ-y-y	ya`^>ay~uhaA
15:57:4	yalnız quran-morphology kök atıyor			أيي	ʾ-y-y	>ay~uhaA
16:38:16	farklı kök	nws	n-v-s	أنس	ʾ-n-s	{ln~aAsi
16:44:7	farklı kök	nws	n-v-s	أنس	ʾ-n-s	liln~aAsi
16:61:4	farklı kök	nws	n-v-s	أنس	ʾ-n-s	{ln~aAsa
16:69:18	farklı kök	nws	n-v-s	أنس	ʾ-n-s	l~iln~aAsi
16:87:4	yalnız quran-morphology kök atıyor			يوم	y-v-m	yawoma}i*K
16:106:11	farklı kök	Tmn	ṭ-m-n	طمأن	ṭ-m-ʾ-n	muToma}in~N[
16:112:7	farklı kök	Tmn	ṭ-m-n	طمأن	ṭ-m-ʾ-n	m~uToma}in~apF
17:5:9	yalnız QAC kök atıyor	Awl	ʾ-v-l			>uw@liY
17:57:8	yalnız quran-morphology kök atıyor			أيي	ʾ-y-y	>ay~uhumo
17:60:7	farklı kök	nws	n-v-s	أنس	ʾ-n-s	bi{ln~aAsi
17:60:15	farklı kök	nws	n-v-s	أنس	ʾ-n-s	l~iln~aAsi
17:61:5	yalnız quran-morphology kök atıyor			أدم	ʾ-d-m	li'aAdama
17:70:4	yalnız quran-morphology kök atıyor			أدم	ʾ-d-m	'aAdama
17:89:3	farklı kök	nws	n-v-s	أنس	ʾ-n-s	liln~aAsi
17:89:12	farklı kök	nws	n-v-s	أنس	ʾ-n-s	{ln~aAsi
17:94:3	farklı kök	nws	n-v-s	أنس	ʾ-n-s	{ln~aAsa
17:95:8	farklı kök	Tmn	ṭ-m-n	طمأن	ṭ-m-ʾ-n	muToma}in~iyna
17:106:5	farklı kök	nws	n-v-s	أنس	ʾ-n-s	{ln~aAsi
17:110:7	yalnız quran-morphology kök atıyor			أيي	ʾ-y-y	>ay~FA
18:7:9	yalnız quran-morphology kök atıyor			أيي	ʾ-y-y	>ay~uhumo
18:12:4	yalnız quran-morphology kök atıyor			أيي	ʾ-y-y	>aY~u
18:19:28	yalnız quran-morphology kök atıyor			أيي	ʾ-y-y	>ay~uhaA^
18:50:5	yalnız quran-morphology kök atıyor			أدم	ʾ-d-m	li'aAdama
18:52:3	farklı kök	ndw	n-d-v	ندي	n-d-y	naAduwA@
18:54:6	farklı kök	nws	n-v-s	أنس	ʾ-n-s	liln~aAsi
18:55:3	farklı kök	nws	n-v-s	أنس	ʾ-n-s	{ln~aAsa
18:99:3	yalnız quran-morphology kök atıyor			يوم	y-v-m	yawoma}i*K
18:100:3	yalnız quran-morphology kök atıyor			يوم	y-v-m	yawoma}i*K
19:3:2	farklı kök	ndw	n-d-v	ندي	n-d-y	naAdaY`
19:3:4	farklı kök	ndw	n-d-v	ندي	n-d-y	nidaA^'F
19:7:6	yalnız quran-morphology kök atıyor			حيي	ḥ-y-y	yaHoyaY`
19:8:3	yalnız QAC kök atıyor	Any	ʾ-n-y			>an~aY`
19:10:10	farklı kök	nws	n-v-s	أنس	ʾ-n-s	{ln~aAsa
19:12:1	yalnız quran-morphology kök atıyor			حيي	ḥ-y-y	ya`yaHoyaY`
19:20:2	yalnız QAC kök atıyor	Any	ʾ-n-y			>an~aY`
19:21:10	farklı kök	nws	n-v-s	أنس	ʾ-n-s	l~iln~aAsi
19:24:1	farklı kök	ndw	n-d-v	ندي	n-d-y	fanaAdaY`haA
19:52:1	farklı kök	ndw	n-d-v	ندي	n-d-y	wana`dayona`hu
19:58:10	yalnız quran-morphology kök atıyor			أدم	ʾ-d-m	'aAdama
19:69:6	yalnız quran-morphology kök atıyor			أيي	ʾ-y-y	>ay~uhumo
19:73:11	yalnız quran-morphology kök atıyor			أيي	ʾ-y-y	>aY~u
19:73:16	farklı kök	ndw	n-d-v	ندي	n-d-y	nadiy~FA
20:11:3	farklı kök	ndw	n-d-v	ندي	n-d-y	nuwdiYa
20:40:29	yalnız quran-morphology kök atıyor			مدن	m-d-n	madoyana
20:54:8	yalnız QAC kök atıyor	Awl	ʾ-v-l			l~i>uw@liY
20:59:7	farklı kök	nws	n-v-s	أنس	ʾ-n-s	{ln~aAsu
20:71:23	yalnız quran-morphology kök atıyor			أيي	ʾ-y-y	>ay~unaA^
20:102:7	yalnız quran-morphology kök atıyor			يوم	y-v-m	yawoma}i*K
20:108:1	yalnız quran-morphology kök atıyor			يوم	y-v-m	yawoma}i*K
20:109:1	yalnız quran-morphology kök atıyor			يوم	y-v-m	yawoma}i*K
20:115:4	yalnız quran-morphology kök atıyor			أدم	ʾ-d-m	'aAdama
20:116:5	yalnız quran-morphology kök atıyor			أدم	ʾ-d-m	li'aAdama
20:117:2	yalnız quran-morphology kök atıyor			أدم	ʾ-d-m	ya`^_#aAdamu
20:120:5	yalnız quran-morphology kök atıyor			أدم	ʾ-d-m	ya`^_#aAdamu
20:121:13	yalnız quran-morphology kök atıyor			أدم	ʾ-d-m	'aAdamu
20:128:16	yalnız QAC kök atıyor	Awl	ʾ-v-l			l~i>uw@liY
21:1:2	farklı kök	nws	n-v-s	أنس	ʾ-n-s	liln~aAsi
21:61:6	farklı kök	nws	n-v-s	أنس	ʾ-n-s	{ln~aAsi
21:76:3	farklı kök	ndw	n-d-v	ندي	n-d-y	naAdaY`
21:83:3	farklı kök	ndw	n-d-v	ندي	n-d-y	naAdaY`
21:87:11	farklı kök	ndw	n-d-v	ندي	n-d-y	fanaAdaY`
21:89:3	farklı kök	ndw	n-d-v	ندي	n-d-y	naAdaY`
21:90:5	yalnız quran-morphology kök atıyor			حيي	ḥ-y-y	yaHoyaY`
22:1:1	yalnız quran-morphology kök atıyor			أيي	ʾ-y-y	ya`^>ay~uhaA
22:1:2	farklı kök	nws	n-v-s	أنس	ʾ-n-s	{ln~aAsu
22:2:14	farklı kök	nws	n-v-s	أنس	ʾ-n-s	{ln~aAsa
22:3:2	farklı kök	nws	n-v-s	أنس	ʾ-n-s	{ln~aAsi
22:5:1	yalnız quran-morphology kök atıyor			أيي	ʾ-y-y	ya`^>ay~uhaA
22:5:2	farklı kök	nws	n-v-s	أنس	ʾ-n-s	{ln~aAsu
22:8:2	farklı kök	nws	n-v-s	أنس	ʾ-n-s	{ln~aAsi
22:11:2	farklı kök	nws	n-v-s	أنس	ʾ-n-s	{ln~aAsi
22:11:11	farklı kök	Tmn	ṭ-m-n	طمأن	ṭ-m-ʾ-n	{Toma>an~a
22:18:21	farklı kök	nws	n-v-s	أنس	ʾ-n-s	{ln~aAsi
22:25:12	farklı kök	nws	n-v-s	أنس	ʾ-n-s	liln~aAsi
22:27:3	farklı kök	nws	n-v-s	أنس	ʾ-n-s	{ln~aAsi
22:40:15	farklı kök	nws	n-v-s	أنس	ʾ-n-s	{ln~aAsa
22:44:2	yalnız quran-morphology kök atıyor			مدن	m-d-n	madoyana
22:49:2	yalnız quran-morphology kök atıyor			أيي	ʾ-y-y	ya`^>ay~uhaA
22:49:3	farklı kök	nws	n-v-s	أنس	ʾ-n-s	{ln~aAsu
22:56:2	yalnız quran-morphology kök atıyor			يوم	y-v-m	yawoma}i*K
22:65:25	farklı kök	nws	n-v-s	أنس	ʾ-n-s	bi{ln~aAsi
22:73:1	yalnız quran-morphology kök atıyor			أيي	ʾ-y-y	ya`^>ay~uhaA
22:73:2	farklı kök	nws	n-v-s	أنس	ʾ-n-s	{ln~aAsu
22:75:7	farklı kök	nws	n-v-s	أنس	ʾ-n-s	{ln~aAsi
22:77:1	yalnız quran-morphology kök atıyor			أيي	ʾ-y-y	ya`^>ay~uhaA
22:78:32	farklı kök	nws	n-v-s	أنس	ʾ-n-s	{ln~aAsi
23:51:1	yalnız quran-morphology kök atıyor			أيي	ʾ-y-y	ya`^>ay~uhaA
23:89:4	yalnız QAC kök atıyor	Any	ʾ-n-y			fa>an~aY`
23:100:13	yalnız quran-morphology kök atıyor			برزخ	b-r-z-ḫ	barozaxN
23:101:8	yalnız quran-morphology kök atıyor			يوم	y-v-m	yawoma}i*K
24:21:1	yalnız quran-morphology kök atıyor			أيي	ʾ-y-y	ya`^>ay~uhaA
24:22:3	yalnız QAC kök atıyor	Awl	ʾ-v-l			>uw@luwA@
24:22:9	yalnız QAC kök atıyor	Awl	ʾ-v-l			>uw@liY
24:25:1	yalnız quran-morphology kök atıyor			يوم	y-v-m	yawoma}i*K
24:27:1	yalnız quran-morphology kök atıyor			أيي	ʾ-y-y	ya`^>ay~uhaA
24:31:51	yalnız QAC kök atıyor	Awl	ʾ-v-l			>uw@liY
24:31:75	yalnız quran-morphology kök atıyor			أيي	ʾ-y-y	>ay~uha
24:35:44	farklı kök	nws	n-v-s	أنس	ʾ-n-s	liln~aAsi
24:44:9	yalnız QAC kök atıyor	Awl	ʾ-v-l			l~i>uw@liY
24:58:1	yalnız quran-morphology kök atıyor			أيي	ʾ-y-y	ya`^>ay~uhaA
25:22:6	yalnız quran-morphology kök atıyor			يوم	y-v-m	yawoma}i*K
25:24:3	yalnız quran-morphology kök atıyor			يوم	y-v-m	yawoma}i*K
25:26:2	yalnız quran-morphology kök atıyor			يوم	y-v-m	yawoma}i*K
25:37:8	farklı kök	nws	n-v-s	أنس	ʾ-n-s	liln~aAsi
25:50:7	farklı kök	nws	n-v-s	أنس	ʾ-n-s	{ln~aAsi
25:53:13	yalnız quran-morphology kök atıyor			برزخ	b-r-z-ḫ	barozaxFA
26:10:2	farklı kök	ndw	n-d-v	ندي	n-d-y	naAdaY`
26:39:2	farklı kök	nws	n-v-s	أنس	ʾ-n-s	liln~aAsi
26:183:3	farklı kök	nws	n-v-s	أنس	ʾ-n-s	{ln~aAsa
26:227:17	yalnız quran-morphology kök atıyor			أيي	ʾ-y-y	>aY~a
27:8:3	farklı kök	ndw	n-d-v	ندي	n-d-y	nuwdiYa
27:16:5	yalnız quran-morphology kök atıyor			أيي	ʾ-y-y	ya`^>ay~uhaA
27:16:6	farklı kök	nws	n-v-s	أنس	ʾ-n-s	{ln~aAsu
27:18:9	yalnız quran-morphology kök atıyor			أيي	ʾ-y-y	ya`^>ay~uhaA
27:22:12	yalnız quran-morphology kök atıyor			سبأ	s-b-ʾ	saba<K]
27:29:2	yalnız quran-morphology kök atıyor			أيي	ʾ-y-y	ya`^>ay~uhaA
27:32:2	yalnız quran-morphology kök atıyor			أيي	ʾ-y-y	ya`^>ay~uhaA
27:33:3	yalnız QAC kök atıyor	Awl	ʾ-v-l			>uw@luwA@
27:33:5	yalnız QAC kök atıyor	Awl	ʾ-v-l			wa>uw@luwA@
27:38:2	yalnız quran-morphology kök atıyor			أيي	ʾ-y-y	ya`^>ay~uhaA
27:38:4	yalnız quran-morphology kök atıyor			أيي	ʾ-y-y	>ay~ukumo
27:73:6	farklı kök	nws	n-v-s	أنس	ʾ-n-s	{ln~aAsi
27:82:12	farklı kök	nws	n-v-s	أنس	ʾ-n-s	{ln~aAsa
27:89:10	yalnız quran-morphology kök atıyor			يوم	y-v-m	yawoma}i*K
28:22:4	yalnız quran-morphology kök atıyor			مدن	m-d-n	madoyana
28:23:4	yalnız quran-morphology kök atıyor			مدن	m-d-n	madoyana
28:23:9	farklı kök	nws	n-v-s	أنس	ʾ-n-s	{ln~aAsi
28:28:5	yalnız quran-morphology kök atıyor			أيي	ʾ-y-y	>ay~amaA
28:30:3	farklı kök	ndw	n-d-v	ندي	n-d-y	nuwdiYa
28:38:3	yalnız quran-morphology kök atıyor			أيي	ʾ-y-y	ya`^>ay~uhaA
28:43:12	farklı kök	nws	n-v-s	أنس	ʾ-n-s	liln~aAsi
28:45:12	yalnız quran-morphology kök atıyor			مدن	m-d-n	madoyana
28:46:6	farklı kök	ndw	n-d-v	ندي	n-d-y	naAdayonaA
28:62:2	farklı kök	ndw	n-d-v	ندي	n-d-y	yunaAdiyhimo
28:65:2	farklı kök	ndw	n-d-v	ندي	n-d-y	yunaAdiyhimo
28:66:4	yalnız quran-morphology kök atıyor			يوم	y-v-m	yawoma}i*K
28:74:2	farklı kök	ndw	n-d-v	ندي	n-d-y	yunaAdiyhimo
28:76:17	yalnız QAC kök atıyor	Awl	ʾ-v-l			>uw@liY
29:2:2	farklı kök	nws	n-v-s	أنس	ʾ-n-s	{ln~aAsu
29:10:2	farklı kök	nws	n-v-s	أنس	ʾ-n-s	{ln~aAsi
29:10:13	farklı kök	nws	n-v-s	أنس	ʾ-n-s	{ln~aAsi
29:29:8	farklı kök	ndw	n-d-v	ندي	n-d-y	naAdiykumu
29:36:2	yalnız quran-morphology kök atıyor			مدن	m-d-n	madoyana
29:43:4	farklı kök	nws	n-v-s	أنس	ʾ-n-s	liln~aAsi
29:61:12	yalnız QAC kök atıyor	Any	ʾ-n-y			fa>an~aY`
29:67:8	farklı kök	nws	n-v-s	أنس	ʾ-n-s	{ln~aAsu
30:4:10	yalnız quran-morphology kök atıyor			يوم	y-v-m	wayawoma}i*K
30:6:9	farklı kök	nws	n-v-s	أنس	ʾ-n-s	{ln~aAsi
30:8:19	farklı kök	nws	n-v-s	أنس	ʾ-n-s	{ln~aAsi
30:14:4	yalnız quran-morphology kök atıyor			يوم	y-v-m	yawoma}i*K
30:30:9	farklı kök	nws	n-v-s	أنس	ʾ-n-s	{ln~aAsa
30:30:20	farklı kök	nws	n-v-s	أنس	ʾ-n-s	{ln~aAsi
30:33:3	farklı kök	nws	n-v-s	أنس	ʾ-n-s	{ln~aAsa
30:36:3	farklı kök	nws	n-v-s	أنس	ʾ-n-s	{ln~aAsa
30:39:8	farklı kök	nws	n-v-s	أنس	ʾ-n-s	{ln~aAsi
30:41:9	farklı kök	nws	n-v-s	أنس	ʾ-n-s	{ln~aAsi
30:43:15	yalnız quran-morphology kök atıyor			يوم	y-v-m	yawoma}i*K
30:57:1	yalnız quran-morphology kök atıyor			يوم	y-v-m	fayawoma}i*K
30:58:3	farklı kök	nws	n-v-s	أنس	ʾ-n-s	liln~aAsi
31:6:2	farklı kök	nws	n-v-s	أنس	ʾ-n-s	{ln~aAsi
31:18:4	farklı kök	nws	n-v-s	أنس	ʾ-n-s	liln~aAsi
31:20:19	farklı kök	nws	n-v-s	أنس	ʾ-n-s	{ln~aAsi
31:33:1	yalnız quran-morphology kök atıyor			أيي	ʾ-y-y	ya`^>ay~uhaA
31:33:2	farklı kök	nws	n-v-s	أنس	ʾ-n-s	{ln~aAsu
31:34:21	yalnız quran-morphology kök atıyor			أيي	ʾ-y-y	bi>aY~i
32:13:15	farklı kök	nws	n-v-s	أنس	ʾ-n-s	wa{ln~aAsi
33:1:1	yalnız quran-morphology kök atıyor			أيي	ʾ-y-y	ya`^>ay~uhaA
33:6:8	yalnız QAC kök atıyor	Awl	ʾ-v-l			wa>uw@luwA@
33:9:1	yalnız quran-morphology kök atıyor			أيي	ʾ-y-y	ya`^>ay~uhaA
33:18:8	farklı kök	lmm	l-m-m	هلم	h-l-m	halum~a
33:28:1	yalnız quran-morphology kök atıyor			أيي	ʾ-y-y	ya`^>ay~uhaA
33:37:21	farklı kök	nws	n-v-s	أنس	ʾ-n-s	{ln~aAsa
33:40:3	yalnız quran-morphology kök atıyor			حمد	ḥ-m-d	muHam~adN
33:41:1	yalnız quran-morphology kök atıyor			أيي	ʾ-y-y	ya`^>ay~uhaA
33:45:1	yalnız quran-morphology kök atıyor			أيي	ʾ-y-y	ya`^>ay~uhaA
33:49:1	yalnız quran-morphology kök atıyor			أيي	ʾ-y-y	ya`^>ay~uhaA
33:50:1	yalnız quran-morphology kök atıyor			أيي	ʾ-y-y	ya`^>ay~uhaA
33:53:1	yalnız quran-morphology kök atıyor			أيي	ʾ-y-y	ya`^>ay~uhaA
33:56:7	yalnız quran-morphology kök atıyor			أيي	ʾ-y-y	ya`^>ay~uhaA
33:59:1	yalnız quran-morphology kök atıyor			أيي	ʾ-y-y	ya`^>ay~uhaA
33:63:2	farklı kök	nws	n-v-s	أنس	ʾ-n-s	{ln~aAsu
33:69:1	yalnız quran-morphology kök atıyor			أيي	ʾ-y-y	ya`^>ay~uhaA
33:70:1	yalnız quran-morphology kök atıyor			أيي	ʾ-y-y	ya`^>ay~uhaA
34:15:3	yalnız quran-morphology kök atıyor			سبأ	s-b-ʾ	lisaba<K
34:28:5	farklı kök	nws	n-v-s	أنس	ʾ-n-s	l~iln~aAsi
34:28:10	farklı kök	nws	n-v-s	أنس	ʾ-n-s	{ln~aAsi
34:36:11	farklı kök	nws	n-v-s	أنس	ʾ-n-s	{ln~aAsi
34:52:4	yalnız QAC kök atıyor	Any	ʾ-n-y			wa>an~aY`
35:1:9	yalnız QAC kök atıyor	Awl	ʾ-v-l			>uw@liY^
35:2:4	farklı kök	nws	n-v-s	أنس	ʾ-n-s	liln~aAsi
35:3:1	yalnız quran-morphology kök atıyor			أيي	ʾ-y-y	ya`^>ay~uhaA
35:3:2	farklı kök	nws	n-v-s	أنس	ʾ-n-s	{ln~aAsu
35:3:20	yalnız QAC kök atıyor	Any	ʾ-n-y			fa>an~aY`
35:5:1	yalnız quran-morphology kök atıyor			أيي	ʾ-y-y	ya`^>ay~uhaA
35:5:2	farklı kök	nws	n-v-s	أنس	ʾ-n-s	{ln~aAsu
35:15:1	yalnız quran-morphology kök atıyor			أيي	ʾ-y-y	ya`^>ay~uhaA
35:15:2	farklı kök	nws	n-v-s	أنس	ʾ-n-s	{ln~aAsu
35:28:2	farklı kök	nws	n-v-s	أنس	ʾ-n-s	{ln~aAsi
35:45:4	farklı kök	nws	n-v-s	أنس	ʾ-n-s	{ln~aAsa
36:59:3	yalnız quran-morphology kök atıyor			أيي	ʾ-y-y	>ay~uhaA
36:60:5	yalnız quran-morphology kök atıyor			أدم	ʾ-d-m	'aAdama
36:66:8	yalnız QAC kök atıyor	Any	ʾ-n-y			fa>an~aY`
37:33:2	yalnız quran-morphology kök atıyor			يوم	y-v-m	yawoma}i*K
37:75:2	farklı kök	ndw	n-d-v	ندي	n-d-y	naAdaY`naA
37:104:1	farklı kök	ndw	n-d-v	ندي	n-d-y	wana`dayona`hu
38:3:7	farklı kök	ndw	n-d-v	ندي	n-d-y	fanaAdawA@
38:26:9	farklı kök	nws	n-v-s	أنس	ʾ-n-s	{ln~aAsi
38:29:8	yalnız QAC kök atıyor	Awl	ʾ-v-l			>uw@luwA@
38:41:5	farklı kök	ndw	n-d-v	ندي	n-d-y	naAdaY`
38:43:9	yalnız QAC kök atıyor	Awl	ʾ-v-l			li>uw@liY
38:45:6	yalnız QAC kök atıyor	Awl	ʾ-v-l			>uw@liY
39:6:35	yalnız QAC kök atıyor	Any	ʾ-n-y			fa>an~aY`
39:9:23	yalnız QAC kök atıyor	Awl	ʾ-v-l			>uw@luwA@
39:18:12	yalnız QAC kök atıyor	Awl	ʾ-v-l			>uw@luwA@
39:21:30	yalnız QAC kök atıyor	Awl	ʾ-v-l			li>uw@liY
39:27:3	farklı kök	nws	n-v-s	أنس	ʾ-n-s	liln~aAsi
39:41:5	farklı kök	nws	n-v-s	أنس	ʾ-n-s	liln~aAsi
39:64:6	yalnız quran-morphology kök atıyor			أيي	ʾ-y-y	>ay~uhaA
40:9:6	yalnız quran-morphology kök atıyor			يوم	y-v-m	yawoma}i*K
40:10:4	farklı kök	ndw	n-d-v	ندي	n-d-y	yunaAdawona
40:32:6	farklı kök	ndw	n-d-v	ندي	n-d-y	{lt~anaAdi
40:54:3	yalnız QAC kök atıyor	Awl	ʾ-v-l			li>uw@liY
40:57:7	farklı kök	nws	n-v-s	أنس	ʾ-n-s	{ln~aAsi
40:57:10	farklı kök	nws	n-v-s	أنس	ʾ-n-s	{ln~aAsi
40:59:9	farklı kök	nws	n-v-s	أنس	ʾ-n-s	{ln~aAsi
40:61:15	farklı kök	nws	n-v-s	أنس	ʾ-n-s	{ln~aAsi
40:61:18	farklı kök	nws	n-v-s	أنس	ʾ-n-s	{ln~aAsi
40:62:11	yalnız QAC kök atıyor	Any	ʾ-n-y			fa>an~aY`
40:69:9	yalnız QAC kök atıyor	Any	ʾ-n-y			>an~aY`
40:81:3	yalnız quran-morphology kök atıyor			أيي	ʾ-y-y	fa>aY~a
41:44:27	farklı kök	ndw	n-d-v	ندي	n-d-y	yunaAdawona
41:47:20	farklı kök	ndw	n-d-v	ندي	n-d-y	yunaAdiyhimo
42:42:6	farklı kök	nws	n-v-s	أنس	ʾ-n-s	{ln~aAsa
42:47:17	yalnız quran-morphology kök atıyor			يوم	y-v-m	yawoma}i*K
43:33:4	farklı kök	nws	n-v-s	أنس	ʾ-n-s	{ln~aAsu
43:49:2	yalnız quran-morphology kök atıyor			أيي	ʾ-y-y	ya`^>ay~uha
43:51:1	farklı kök	ndw	n-d-v	ندي	n-d-y	wanaAdaY`
43:67:2	yalnız quran-morphology kök atıyor			يوم	y-v-m	yawoma}i*K]
43:77:1	farklı kök	ndw	n-d-v	ندي	n-d-y	wanaAdawoA@
43:87:7	yalnız QAC kök atıyor	Any	ʾ-n-y			fa>an~aY`
44:11:2	farklı kök	nws	n-v-s	أنس	ʾ-n-s	{ln~aAsa
44:13:1	yalnız QAC kök atıyor	Any	ʾ-n-y			>an~aY`
45:6:7	yalnız quran-morphology kök atıyor			أيي	ʾ-y-y	fabi>aY~i
45:20:3	farklı kök	nws	n-v-s	أنس	ʾ-n-s	liln~aAsi
45:26:16	farklı kök	nws	n-v-s	أنس	ʾ-n-s	{ln~aAsi
45:27:8	yalnız quran-morphology kök atıyor			يوم	y-v-m	yawoma}i*K
46:6:3	farklı kök	nws	n-v-s	أنس	ʾ-n-s	{ln~aAsu
46:35:4	yalnız QAC kök atıyor	Awl	ʾ-v-l			>uw@luwA@
47:2:9	yalnız quran-morphology kök atıyor			حمد	ḥ-m-d	muHam~adK
47:3:17	farklı kök	nws	n-v-s	أنس	ʾ-n-s	liln~aAsi
47:7:1	yalnız quran-morphology kök atıyor			أيي	ʾ-y-y	ya`^>ay~uhaA
47:18:11	yalnız QAC kök atıyor	Any	ʾ-n-y			fa>an~aY`
47:33:1	yalnız quran-morphology kök atıyor			أيي	ʾ-y-y	ya`^>ay~uhaA
48:16:8	yalnız QAC kök atıyor	Awl	ʾ-v-l			>uw@liY
48:20:11	farklı kök	nws	n-v-s	أنس	ʾ-n-s	{ln~aAsi
48:29:1	yalnız quran-morphology kök atıyor			حمد	ḥ-m-d	m~uHam~adN
49:1:1	yalnız quran-morphology kök atıyor			أيي	ʾ-y-y	ya`^>ay~uhaA
49:2:1	yalnız quran-morphology kök atıyor			أيي	ʾ-y-y	ya`^>ay~uhaA
49:4:3	farklı kök	ndw	n-d-v	ندي	n-d-y	yunaAduwnaka
49:6:1	yalnız quran-morphology kök atıyor			أيي	ʾ-y-y	ya`^>ay~uhaA
49:11:1	yalnız quran-morphology kök atıyor			أيي	ʾ-y-y	ya`^>ay~uhaA
49:12:1	yalnız quran-morphology kök atıyor			أيي	ʾ-y-y	ya`^>ay~uhaA
49:13:1	yalnız quran-morphology kök atıyor			أيي	ʾ-y-y	ya`^>ay~uhaA
49:13:2	farklı kök	nws	n-v-s	أنس	ʾ-n-s	{ln~aAsu
50:41:3	farklı kök	ndw	n-d-v	ندي	n-d-y	yunaAdi
50:41:4	farklı kök	ndw	n-d-v	ندي	n-d-y	{lomunaAdi
51:31:4	yalnız quran-morphology kök atıyor			أيي	ʾ-y-y	>ay~uhaA
52:11:2	yalnız quran-morphology kök atıyor			يوم	y-v-m	yawoma}i*K
53:19:3	yalnız quran-morphology kök atıyor			عزز	ʿ-z-z	wa{loEuz~aY`
53:20:1	yalnız quran-morphology kök atıyor			مني	m-n-y	wamanaw`pa
53:55:1	yalnız quran-morphology kök atıyor			أيي	ʾ-y-y	fabi>aY~i
54:20:2	farklı kök	nws	n-v-s	أنس	ʾ-n-s	{ln~aAsa
54:29:1	farklı kök	ndw	n-d-v	ندي	n-d-y	fanaAdawoA@
55:13:1	yalnız quran-morphology kök atıyor			أيي	ʾ-y-y	fabi>aY~i
55:16:1	yalnız quran-morphology kök atıyor			أيي	ʾ-y-y	fabi>aY~i
55:18:1	yalnız quran-morphology kök atıyor			أيي	ʾ-y-y	fabi>aY~i
55:20:2	yalnız quran-morphology kök atıyor			برزخ	b-r-z-ḫ	barozaxN
55:21:1	yalnız quran-morphology kök atıyor			أيي	ʾ-y-y	fabi>aY~i
55:23:1	yalnız quran-morphology kök atıyor			أيي	ʾ-y-y	fabi>aY~i
55:25:1	yalnız quran-morphology kök atıyor			أيي	ʾ-y-y	fabi>aY~i
55:28:1	yalnız quran-morphology kök atıyor			أيي	ʾ-y-y	fabi>aY~i
55:30:1	yalnız quran-morphology kök atıyor			أيي	ʾ-y-y	fabi>aY~i
55:31:3	yalnız quran-morphology kök atıyor			أيي	ʾ-y-y	>ay~uha
55:32:1	yalnız quran-morphology kök atıyor			أيي	ʾ-y-y	fabi>aY~i
55:34:1	yalnız quran-morphology kök atıyor			أيي	ʾ-y-y	fabi>aY~i
55:36:1	yalnız quran-morphology kök atıyor			أيي	ʾ-y-y	fabi>aY~i
55:38:1	yalnız quran-morphology kök atıyor			أيي	ʾ-y-y	fabi>aY~i
55:39:1	yalnız quran-morphology kök atıyor			يوم	y-v-m	fayawoma}i*K
55:40:1	yalnız quran-morphology kök atıyor			أيي	ʾ-y-y	fabi>aY~i
55:42:1	yalnız quran-morphology kök atıyor			أيي	ʾ-y-y	fabi>aY~i
55:45:1	yalnız quran-morphology kök atıyor			أيي	ʾ-y-y	fabi>aY~i
55:47:1	yalnız quran-morphology kök atıyor			أيي	ʾ-y-y	fabi>aY~i
55:49:1	yalnız quran-morphology kök atıyor			أيي	ʾ-y-y	fabi>aY~i
55:51:1	yalnız quran-morphology kök atıyor			أيي	ʾ-y-y	fabi>aY~i
55:53:1	yalnız quran-morphology kök atıyor			أيي	ʾ-y-y	fabi>aY~i
55:55:1	yalnız quran-morphology kök atıyor			أيي	ʾ-y-y	fabi>aY~i
55:57:1	yalnız quran-morphology kök atıyor			أيي	ʾ-y-y	fabi>aY~i
55:59:1	yalnız quran-morphology kök atıyor			أيي	ʾ-y-y	fabi>aY~i
55:61:1	yalnız quran-morphology kök atıyor			أيي	ʾ-y-y	fabi>aY~i
55:63:1	yalnız quran-morphology kök atıyor			أيي	ʾ-y-y	fabi>aY~i
55:65:1	yalnız quran-morphology kök atıyor			أيي	ʾ-y-y	fabi>aY~i
55:67:1	yalnız quran-morphology kök atıyor			أيي	ʾ-y-y	fabi>aY~i
55:69:1	yalnız quran-morphology kök atıyor			أيي	ʾ-y-y	fabi>aY~i
55:71:1	yalnız quran-morphology kök atıyor			أيي	ʾ-y-y	fabi>aY~i
55:73:1	yalnız quran-morphology kök atıyor			أيي	ʾ-y-y	fabi>aY~i
55:75:1	yalnız quran-morphology kök atıyor			أيي	ʾ-y-y	fabi>aY~i
55:77:1	yalnız quran-morphology kök atıyor			أيي	ʾ-y-y	fabi>aY~i
56:18:2	yalnız quran-morphology kök atıyor			برق	b-r-q	wa>abaAriyqa
56:51:3	yalnız quran-morphology kök atıyor			أيي	ʾ-y-y	>ay~uhaA
57:14:1	farklı kök	ndw	n-d-v	ندي	n-d-y	yunaAduwnahumo
57:24:4	farklı kök	nws	n-v-s	أنس	ʾ-n-s	{ln~aAsa
57:25:10	farklı kök	nws	n-v-s	أنس	ʾ-n-s	{ln~aAsu
57:25:18	farklı kök	nws	n-v-s	أنس	ʾ-n-s	liln~aAsi
57:28:1	yalnız quran-morphology kök atıyor			أيي	ʾ-y-y	ya`^>ay~uhaA
58:9:1	yalnız quran-morphology kök atıyor			أيي	ʾ-y-y	ya`^>ay~uhaA
58:11:1	yalnız quran-morphology kök atıyor			أيي	ʾ-y-y	ya`^>ay~uhaA
58:12:1	yalnız quran-morphology kök atıyor			أيي	ʾ-y-y	ya`^>ay~uhaA
59:2:39	yalnız QAC kök atıyor	Awl	ʾ-v-l			ya`^>uw@liY
59:18:1	yalnız quran-morphology kök atıyor			أيي	ʾ-y-y	ya`^>ay~uhaA
59:21:16	farklı kök	nws	n-v-s	أنس	ʾ-n-s	liln~aAsi
60:1:1	yalnız quran-morphology kök atıyor			أيي	ʾ-y-y	ya`^>ay~uhaA
60:10:1	yalnız quran-morphology kök atıyor			أيي	ʾ-y-y	ya`^>ay~uhaA
60:12:1	yalnız quran-morphology kök atıyor			أيي	ʾ-y-y	ya`^>ay~uhaA
60:13:1	yalnız quran-morphology kök atıyor			أيي	ʾ-y-y	ya`^>ay~uhaA
61:2:1	yalnız quran-morphology kök atıyor			أيي	ʾ-y-y	ya`^>ay~uhaA
61:6:24	yalnız quran-morphology kök atıyor			حمد	ḥ-m-d	>aHomadu
61:10:1	yalnız quran-morphology kök atıyor			أيي	ʾ-y-y	ya`^>ay~uhaA
61:14:1	yalnız quran-morphology kök atıyor			أيي	ʾ-y-y	ya`^>ay~uhaA
62:6:2	yalnız quran-morphology kök atıyor			أيي	ʾ-y-y	ya`^>ay~uhaA
62:6:12	farklı kök	nws	n-v-s	أنس	ʾ-n-s	{ln~aAsi
62:9:1	yalnız quran-morphology kök atıyor			أيي	ʾ-y-y	ya`^>ay~uhaA
62:9:5	farklı kök	ndw	n-d-v	ندي	n-d-y	nuwdiYa
63:4:21	yalnız QAC kök atıyor	Any	ʾ-n-y			>an~aY`
63:9:1	yalnız quran-morphology kök atıyor			أيي	ʾ-y-y	ya`^>ay~uhaA
64:14:1	yalnız quran-morphology kök atıyor			أيي	ʾ-y-y	ya`^>ay~uhaA
65:1:1	yalnız quran-morphology kök atıyor			أيي	ʾ-y-y	ya`^>ay~uhaA
65:4:15	yalnız QAC kök atıyor	Awl	ʾ-v-l			wa>uw@la`tu
65:6:13	yalnız QAC kök atıyor	Awl	ʾ-v-l			>uw@la`ti
65:10:8	yalnız QAC kök atıyor	Awl	ʾ-v-l			ya`^>uw@liY
66:1:1	yalnız quran-morphology kök atıyor			أيي	ʾ-y-y	ya`^>ay~uhaA
66:6:1	yalnız quran-morphology kök atıyor			أيي	ʾ-y-y	ya`^>ay~uhaA
66:6:9	farklı kök	nws	n-v-s	أنس	ʾ-n-s	{ln~aAsu
66:7:1	yalnız quran-morphology kök atıyor			أيي	ʾ-y-y	ya`^>ay~uhaA
66:8:1	yalnız quran-morphology kök atıyor			أيي	ʾ-y-y	ya`^>ay~uhaA
66:9:1	yalnız quran-morphology kök atıyor			أيي	ʾ-y-y	ya`^>ay~uhaA
67:2:6	yalnız quran-morphology kök atıyor			أيي	ʾ-y-y	>ay~ukumo
68:6:1	yalnız quran-morphology kök atıyor			أيي	ʾ-y-y	bi>ayy~ikumu
68:21:1	farklı kök	ndw	n-d-v	ندي	n-d-y	fatanaAdawoA@
68:40:2	yalnız quran-morphology kök atıyor			أيي	ʾ-y-y	>ay~uhum
68:48:9	farklı kök	ndw	n-d-v	ندي	n-d-y	naAdaY`
69:15:1	yalnız quran-morphology kök atıyor			يوم	y-v-m	fayawoma}i*K
69:16:4	yalnız quran-morphology kök atıyor			يوم	y-v-m	yawoma}i*K
69:17:8	yalnız quran-morphology kök atıyor			يوم	y-v-m	yawoma}i*K
69:18:1	yalnız quran-morphology kök atıyor			يوم	y-v-m	yawoma}i*K
69:19:7	yalnız quran-morphology kök atıyor			هاء	h-ʾ-ʾ	haA^&umu
70:11:8	yalnız quran-morphology kök atıyor			يوم	y-v-m	yawomi}i*K]
72:9:9	yalnız quran-morphology kök atıyor			أون	ʾ-v-n	{lo'aAna
73:1:1	yalnız quran-morphology kök atıyor			أيي	ʾ-y-y	ya`^>ay~uhaA
73:11:3	yalnız QAC kök atıyor	Awl	ʾ-v-l			>uw@liY
74:1:1	yalnız quran-morphology kök atıyor			أيي	ʾ-y-y	ya`^>ay~uhaA
74:9:2	yalnız quran-morphology kök atıyor			يوم	y-v-m	yawoma}i*K
75:10:3	yalnız quran-morphology kök atıyor			يوم	y-v-m	yawoma}i*K
75:12:3	yalnız quran-morphology kök atıyor			يوم	y-v-m	yawoma}i*K
75:13:3	yalnız quran-morphology kök atıyor			يوم	y-v-m	yawoma}i*K]
75:22:2	yalnız quran-morphology kök atıyor			يوم	y-v-m	yawoma}i*K
75:24:2	yalnız quran-morphology kök atıyor			يوم	y-v-m	yawoma}i*K]
75:30:3	yalnız quran-morphology kök atıyor			يوم	y-v-m	yawoma}i*K
77:12:1	yalnız quran-morphology kök atıyor			أيي	ʾ-y-y	li>aY~i
77:15:2	yalnız quran-morphology kök atıyor			يوم	y-v-m	yawoma}i*K
77:19:2	yalnız quran-morphology kök atıyor			يوم	y-v-m	yawoma}i*K
77:24:2	yalnız quran-morphology kök atıyor			يوم	y-v-m	yawoma}i*K
77:28:2	yalnız quran-morphology kök atıyor			يوم	y-v-m	yawoma}i*K
77:34:2	yalnız quran-morphology kök atıyor			يوم	y-v-m	yawoma}i*K
77:37:2	yalnız quran-morphology kök atıyor			يوم	y-v-m	yawoma}i*K
77:40:2	yalnız quran-morphology kök atıyor			يوم	y-v-m	yawoma}i*K
77:45:2	yalnız quran-morphology kök atıyor			يوم	y-v-m	yawoma}i*K
77:47:2	yalnız quran-morphology kök atıyor			يوم	y-v-m	yawoma}i*K
77:49:2	yalnız quran-morphology kök atıyor			يوم	y-v-m	yawoma}i*K
77:50:1	yalnız quran-morphology kök atıyor			أيي	ʾ-y-y	fabi>aY~i
79:8:2	yalnız quran-morphology kök atıyor			يوم	y-v-m	yawoma}i*K
79:16:2	farklı kök	ndw	n-d-v	ندي	n-d-y	naAdaY`hu
79:23:2	farklı kök	ndw	n-d-v	ندي	n-d-y	fanaAdaY`
80:18:2	yalnız quran-morphology kök atıyor			أيي	ʾ-y-y	>aY~i
80:37:4	yalnız quran-morphology kök atıyor			يوم	y-v-m	yawoma}i*K
80:38:2	yalnız quran-morphology kök atıyor			يوم	y-v-m	yawoma}i*K
80:40:2	yalnız quran-morphology kök atıyor			يوم	y-v-m	yawoma}i*K
81:9:1	yalnız quran-morphology kök atıyor			أيي	ʾ-y-y	bi>aY~i
82:6:1	yalnız quran-morphology kök atıyor			أيي	ʾ-y-y	ya`^>ay~uhaA
82:8:2	yalnız quran-morphology kök atıyor			أيي	ʾ-y-y	>aY~i
82:19:8	yalnız quran-morphology kök atıyor			يوم	y-v-m	yawoma}i*K
83:2:5	farklı kök	nws	n-v-s	أنس	ʾ-n-s	{ln~aAsi
83:6:3	farklı kök	nws	n-v-s	أنس	ʾ-n-s	{ln~aAsu
83:10:2	yalnız quran-morphology kök atıyor			يوم	y-v-m	yawoma}i*K
83:15:5	yalnız quran-morphology kök atıyor			يوم	y-v-m	yawoma}i*K
84:6:1	yalnız quran-morphology kök atıyor			أيي	ʾ-y-y	ya`^>ay~uhaA
88:2:2	yalnız quran-morphology kök atıyor			يوم	y-v-m	yawoma}i*K
88:8:2	yalnız quran-morphology kök atıyor			يوم	y-v-m	yawoma}i*K
88:15:1	yalnız quran-morphology kök atıyor			نمرق	n-m-r-q	wanamaAriqu
88:16:1	yalnız quran-morphology kök atıyor			زرب	z-r-b	wazaraAbiY~u
89:23:2	yalnız quran-morphology kök atıyor			يوم	y-v-m	yawoma}i*K]
89:23:4	yalnız quran-morphology kök atıyor			يوم	y-v-m	yawoma}i*K
89:23:7	yalnız QAC kök atıyor	Any	ʾ-n-y			wa>an~aY`
89:25:1	yalnız quran-morphology kök atıyor			يوم	y-v-m	fayawoma}i*K
89:27:1	yalnız quran-morphology kök atıyor			أيي	ʾ-y-y	ya`^>ay~atuhaA
89:27:3	farklı kök	Tmn	ṭ-m-n	طمأن	ṭ-m-ʾ-n	{lomuToma}in~apu
96:17:2	farklı kök	ndw	n-d-v	ندي	n-d-y	naAdiyahu,
99:4:1	yalnız quran-morphology kök atıyor			يوم	y-v-m	yawoma}i*K
99:6:1	yalnız quran-morphology kök atıyor			يوم	y-v-m	yawoma}i*K
99:6:3	farklı kök	nws	n-v-s	أنس	ʾ-n-s	{ln~aAsu
100:11:4	yalnız quran-morphology kök atıyor			يوم	y-v-m	yawoma}i*K
101:4:3	farklı kök	nws	n-v-s	أنس	ʾ-n-s	{ln~aAsu
102:8:3	yalnız quran-morphology kök atıyor			يوم	y-v-m	yawoma}i*K
106:1:2	yalnız quran-morphology kök atıyor			قرش	q-r-ş	qurayo$K
107:7:2	farklı kök	mEn	m-ʿ-n	عون	ʿ-v-n	{lomaAEuwna
109:1:2	yalnız quran-morphology kök atıyor			أيي	ʾ-y-y	ya`^>ay~uhaA
110:2:2	farklı kök	nws	n-v-s	أنس	ʾ-n-s	{ln~aAsa
114:1:4	farklı kök	nws	n-v-s	أنس	ʾ-n-s	{ln~aAsi
114:2:2	farklı kök	nws	n-v-s	أنس	ʾ-n-s	{ln~aAsi
114:3:2	farklı kök	nws	n-v-s	أنس	ʾ-n-s	{ln~aAsi
114:5:5	farklı kök	nws	n-v-s	أنس	ʾ-n-s	{ln~aAsi
114:6:3	farklı kök	nws	n-v-s	أنس	ʾ-n-s	wa{ln~aAsi
