surah,ayah,word,location,verb_arabic,verb_bw,construction,next_form_arabic,next_form_bw,next_lemmas_bw,next_roots_bw,prep_evidence,context_arabic
2,3,2,2:3:2,يُؤْمِنُونَ,yu&ominuwna,bi,بِٱلْغَيْبِ,bi{logayobi,gayob,gyb,bi|P|PREFIX|bi+,ٱلَّذِينَ يُؤْمِنُونَ بِٱلْغَيْبِ وَيُقِيمُونَ ٱلصَّلَوٰةَ وَمِمَّا
2,4,2,2:4:2,يُؤْمِنُونَ,yu&ominuwna,bi,بِمَا^,bimaA^,maA,,bi|P|PREFIX|bi+,وَٱلَّذِينَ يُؤْمِنُونَ بِمَا^ أُنزِلَ إِلَيْكَ وَمَا^
2,6,11,2:6:11,يُؤْمِنُونَ,yu&ominuwna,verse_final_or_no_next,,,,,,أَمْ لَمْ تُنذِرْهُمْ لَا يُؤْمِنُونَ
2,8,5,2:8:5,ءَامَنَّا,'aAman~aA,bi,بِٱللَّهِ,bi{ll~ahi,{ll~ah,Alh,bi|P|PREFIX|bi+,وَمِنَ ٱلنَّاسِ مَن يَقُولُ ءَامَنَّا بِٱللَّهِ وَبِٱلْيَوْمِ ٱلْءَاخِرِ وَمَا
2,9,4,2:9:4,ءَامَنُوا@,'aAmanuwA@,bare_or_other,وَمَا,wamaA,maA,,,يُخَٰدِعُونَ ٱللَّهَ وَٱلَّذِينَ ءَامَنُوا@ وَمَا يَخْدَعُونَ إِلَّا^ أَنفُسَهُمْ
2,13,4,2:13:4,ءَامِنُوا@,'aAminuwA@,other_prep:k,كَمَا^,kamaA^,maA,,ka|P|PREFIX|ka+,وَإِذَا قِيلَ لَهُمْ ءَامِنُوا@ كَمَا^ ءَامَنَ ٱلنَّاسُ قَالُو^ا@
2,13,6,2:13:6,ءَامَنَ,'aAmana,bare_or_other,ٱلنَّاسُ,{ln~aAsu,n~aAs,nws,,قِيلَ لَهُمْ ءَامِنُوا@ كَمَا^ ءَامَنَ ٱلنَّاسُ قَالُو^ا@ أَنُؤْمِنُ كَمَا^
2,13,9,2:13:9,أَنُؤْمِنُ,>anu&ominu,other_prep:k,كَمَا^,kamaA^,maA,,ka|P|PREFIX|ka+,كَمَا^ ءَامَنَ ٱلنَّاسُ قَالُو^ا@ أَنُؤْمِنُ كَمَا^ ءَامَنَ ٱلسُّفَهَا^ءُ أَلَا^
2,13,11,2:13:11,ءَامَنَ,'aAmana,bare_or_other,ٱلسُّفَهَا^ءُ,{ls~ufahaA^'u,safiyh,sfh,,ٱلنَّاسُ قَالُو^ا@ أَنُؤْمِنُ كَمَا^ ءَامَنَ ٱلسُّفَهَا^ءُ أَلَا^ إِنَّهُمْ هُمُ
2,14,4,2:14:4,ءَامَنُوا@,'aAmanuwA@,bare_or_other,قَالُو^ا@,qaAluw^A@,qaAla,qwl,,وَإِذَا لَقُوا@ ٱلَّذِينَ ءَامَنُوا@ قَالُو^ا@ ءَامَنَّا وَإِذَا خَلَوْا@
2,14,6,2:14:6,ءَامَنَّا,'aAman~aA,bare_or_other,وَإِذَا,wa<i*aA,<i*aA,,,لَقُوا@ ٱلَّذِينَ ءَامَنُوا@ قَالُو^ا@ ءَامَنَّا وَإِذَا خَلَوْا@ إِلَىٰ شَيَٰطِينِهِمْ
2,25,3,2:25:3,ءَامَنُوا@,'aAmanuwA@,bare_or_other,وَعَمِلُوا@,waEamiluwA@,Eamila,Eml,,وَبَشِّرِ ٱلَّذِينَ ءَامَنُوا@ وَعَمِلُوا@ ٱلصَّٰلِحَٰتِ أَنَّ لَهُمْ
2,26,14,2:26:14,ءَامَنُوا@,'aAmanuwA@,bare_or_other,فَيَعْلَمُونَ,fayaEolamuwna,Ealima,Elm,,فَمَا فَوْقَهَا فَأَمَّا ٱلَّذِينَ ءَامَنُوا@ فَيَعْلَمُونَ أَنَّهُ ٱلْحَقُّ مِن
2,41,1,2:41:1,وَءَامِنُوا@,wa'aAminuwA@,bi,بِمَا^,bimaA^,maA,,bi|P|PREFIX|bi+,وَءَامِنُوا@ بِمَا^ أَنزَلْتُ مُصَدِّقًا لِّمَا
2,55,5,2:55:5,نُّؤْمِنَ,n~u&omina,li,لَكَ,laka,,,la|P|PREFIX|l:P+,وَإِذْ قُلْتُمْ يَٰمُوسَىٰ لَن نُّؤْمِنَ لَكَ حَتَّىٰ نَرَى ٱللَّهَ
2,62,3,2:62:3,ءَامَنُوا@,'aAmanuwA@,bare_or_other,وَٱلَّذِينَ,wa{l~a*iyna,{l~a*iY,,,إِنَّ ٱلَّذِينَ ءَامَنُوا@ وَٱلَّذِينَ هَادُوا@ وَٱلنَّصَٰرَىٰ وَٱلصَّٰبِـ#ِينَ
2,62,9,2:62:9,ءَامَنَ,'aAmana,bi,بِٱللَّهِ,bi{ll~ahi,{ll~ah,Alh,bi|P|PREFIX|bi+,هَادُوا@ وَٱلنَّصَٰرَىٰ وَٱلصَّٰبِـ#ِينَ مَنْ ءَامَنَ بِٱللَّهِ وَٱلْيَوْمِ ٱلْءَاخِرِ وَعَمِلَ
2,75,3,2:75:3,يُؤْمِنُوا@,yu&ominuwA@,li,لَكُمْ,lakumo,,,la|P|PREFIX|l:P+,أَفَتَطْمَعُونَ أَن يُؤْمِنُوا@ لَكُمْ وَقَدْ كَانَ فَرِيقٌ
2,76,4,2:76:4,ءَامَنُوا@,'aAmanuwA@,bare_or_other,قَالُو^ا@,qaAluw^A@,qaAla,qwl,,وَإِذَا لَقُوا@ ٱلَّذِينَ ءَامَنُوا@ قَالُو^ا@ ءَامَنَّا وَإِذَا خَلَا
2,76,6,2:76:6,ءَامَنَّا,'aAman~aA,bare_or_other,وَإِذَا,wa<i*aA,<i*aA,,,لَقُوا@ ٱلَّذِينَ ءَامَنُوا@ قَالُو^ا@ ءَامَنَّا وَإِذَا خَلَا بَعْضُهُمْ إِلَىٰ
2,82,2,2:82:2,ءَامَنُوا@,'aAmanuwA@,bare_or_other,وَعَمِلُوا@,waEamiluwA@,Eamila,Eml,,وَٱلَّذِينَ ءَامَنُوا@ وَعَمِلُوا@ ٱلصَّٰلِحَٰتِ أُو@لَٰ^ئِكَ أَصْحَٰبُ
2,85,23,2:85:23,أَفَتُؤْمِنُونَ,>afatu&ominuwna,bi,بِبَعْضِ,bibaEoDi,baEoD,bED,bi|P|PREFIX|bi+,وَهُوَ مُحَرَّمٌ عَلَيْكُمْ إِخْرَاجُهُمْ أَفَتُؤْمِنُونَ بِبَعْضِ ٱلْكِتَٰبِ وَتَكْفُرُونَ بِبَعْضٍ
2,88,10,2:88:10,يُؤْمِنُونَ,yu&ominuwna,verse_final_or_no_next,,,,,,ٱللَّهُ بِكُفْرِهِمْ فَقَلِيلًا مَّا يُؤْمِنُونَ
2,91,4,2:91:4,ءَامِنُوا@,'aAminuwA@,bi,بِمَا^,bimaA^,maA,,bi|P|PREFIX|bi+,وَإِذَا قِيلَ لَهُمْ ءَامِنُوا@ بِمَا^ أَنزَلَ ٱللَّهُ قَالُوا@
2,91,9,2:91:9,نُؤْمِنُ,nu&ominu,bi,بِمَا^,bimaA^,maA,,bi|P|PREFIX|bi+,بِمَا^ أَنزَلَ ٱللَّهُ قَالُوا@ نُؤْمِنُ بِمَا^ أُنزِلَ عَلَيْنَا وَيَكْفُرُونَ
2,100,10,2:100:10,يُؤْمِنُونَ,yu&ominuwna,verse_final_or_no_next,,,,,,مِّنْهُم بَلْ أَكْثَرُهُمْ لَا يُؤْمِنُونَ
2,103,3,2:103:3,ءَامَنُوا@,'aAmanuwA@,bare_or_other,وَٱتَّقَوْا@,wa{t~aqawoA@,{t~aqaY`,wqy,,وَلَوْ أَنَّهُمْ ءَامَنُوا@ وَٱتَّقَوْا@ لَمَثُوبَةٌ مِّنْ عِندِ
2,104,3,2:104:3,ءَامَنُوا@,'aAmanuwA@,other_prep:lA,لَا,laA,laA,,laA|PRO|STEM|POS:PRO|LEM:laA,يَٰ^أَيُّهَا ٱلَّذِينَ ءَامَنُوا@ لَا تَقُولُوا@ رَٰعِنَا وَقُولُوا@
2,121,8,2:121:8,يُؤْمِنُونَ,yu&ominuwna,bi,بِهِ.,bihi.,,,bi|P|PREFIX|bi+,"يَتْلُونَهُ, حَقَّ تِلَاوَتِهِ.^ أُو@لَٰ^ئِكَ يُؤْمِنُونَ بِهِ. وَمَن يَكْفُرْ بِهِ."
2,126,14,2:126:14,ءَامَنَ,'aAmana,other_prep:mn,مِنْهُم,minohum,min,,mino|P|STEM|POS:P|LEM:min,"أَهْلَهُ, مِنَ ٱلثَّمَرَٰتِ مَنْ ءَامَنَ مِنْهُم بِٱللَّهِ وَٱلْيَوْمِ ٱلْءَاخِرِ"
2,136,2,2:136:2,ءَامَنَّا,'aAman~aA,bi,بِٱللَّهِ,bi{ll~ahi,{ll~ah,Alh,bi|P|PREFIX|bi+,قُولُو^ا@ ءَامَنَّا بِٱللَّهِ وَمَا^ أُنزِلَ إِلَيْنَا
2,137,2,2:137:2,ءَامَنُوا@,'aAmanuwA@,bi,بِمِثْلِ,bimivoli,mivol,mvl,bi|P|PREFIX|bi+,فَإِنْ ءَامَنُوا@ بِمِثْلِ مَا^ ءَامَنتُم بِهِ.
2,137,5,2:137:5,ءَامَنتُم,'aAmantum,bi,بِهِ.,bihi.,,,bi|P|PREFIX|bi+,فَإِنْ ءَامَنُوا@ بِمِثْلِ مَا^ ءَامَنتُم بِهِ. فَقَدِ ٱهْتَدَوا@ وَّإِن
2,153,3,2:153:3,ءَامَنُوا@,'aAmanuwA@,bare_or_other,ٱسْتَعِينُوا@,{sotaEiynuwA@,{sotaEiynu,Ewn,,يَٰ^أَيُّهَا ٱلَّذِينَ ءَامَنُوا@ ٱسْتَعِينُوا@ بِٱلصَّبْرِ وَٱلصَّلَوٰةِ إِنَّ
2,165,13,2:165:13,ءَامَنُو^ا@,'aAmanuw^A@,bare_or_other,أَشَدُّ,>a$ad~u,>a$ad~,$dd,,يُحِبُّونَهُمْ كَحُبِّ ٱللَّهِ وَٱلَّذِينَ ءَامَنُو^ا@ أَشَدُّ حُبًّا لِّلَّهِ وَلَوْ
2,172,3,2:172:3,ءَامَنُوا@,'aAmanuwA@,bare_or_other,كُلُوا@,kuluwA@,>akala,Akl,,يَٰ^أَيُّهَا ٱلَّذِينَ ءَامَنُوا@ كُلُوا@ مِن طَيِّبَٰتِ مَا
2,177,12,2:177:12,ءَامَنَ,'aAmana,bi,بِٱللَّهِ,bi{ll~ahi,{ll~ah,Alh,bi|P|PREFIX|bi+,وَٱلْمَغْرِبِ وَلَٰكِنَّ ٱلْبِرَّ مَنْ ءَامَنَ بِٱللَّهِ وَٱلْيَوْمِ ٱلْءَاخِرِ وَٱلْمَلَٰ^ئِكَةِ
2,178,3,2:178:3,ءَامَنُوا@,'aAmanuwA@,bare_or_other,كُتِبَ,kutiba,kataba,ktb,,يَٰ^أَيُّهَا ٱلَّذِينَ ءَامَنُوا@ كُتِبَ عَلَيْكُمُ ٱلْقِصَاصُ فِى
2,183,3,2:183:3,ءَامَنُوا@,'aAmanuwA@,bare_or_other,كُتِبَ,kutiba,kataba,ktb,,يَٰ^أَيُّهَا ٱلَّذِينَ ءَامَنُوا@ كُتِبَ عَلَيْكُمُ ٱلصِّيَامُ كَمَا
2,186,14,2:186:14,وَلْيُؤْمِنُوا@,waloyu&ominuwA@,bi,بِى,biY,,,bi|P|PREFIX|bi+,إِذَا دَعَانِ فَلْيَسْتَجِيبُوا@ لِى وَلْيُؤْمِنُوا@ بِى لَعَلَّهُمْ يَرْشُدُونَ
2,208,3,2:208:3,ءَامَنُوا@,'aAmanuwA@,bare_or_other,ٱدْخُلُوا@,{doxuluwA@,daxala,dxl,,يَٰ^أَيُّهَا ٱلَّذِينَ ءَامَنُوا@ ٱدْخُلُوا@ فِى ٱلسِّلْمِ كَا^فَّةً
2,212,9,2:212:9,ءَامَنُوا@,'aAmanuwA@,bare_or_other,وَٱلَّذِينَ,wa{l~a*iyna,{l~a*iY,,,ٱلدُّنْيَا وَيَسْخَرُونَ مِنَ ٱلَّذِينَ ءَامَنُوا@ وَٱلَّذِينَ ٱتَّقَوْا@ فَوْقَهُمْ يَوْمَ
2,213,36,2:213:36,ءَامَنُوا@,'aAmanuwA@,li,لِمَا,limaA,maA,,li|P|PREFIX|l:P+,بَيْنَهُمْ فَهَدَى ٱللَّهُ ٱلَّذِينَ ءَامَنُوا@ لِمَا ٱخْتَلَفُوا@ فِيهِ مِنَ
2,214,21,2:214:21,ءَامَنُوا@,'aAmanuwA@,bare_or_other,"مَعَهُ,","maEahu,",maE,,,"حَتَّىٰ يَقُولَ ٱلرَّسُولُ وَٱلَّذِينَ ءَامَنُوا@ مَعَهُ, مَتَىٰ نَصْرُ ٱللَّهِ"
2,218,3,2:218:3,ءَامَنُوا@,'aAmanuwA@,bare_or_other,وَٱلَّذِينَ,wa{l~a*iyna,{l~a*iY,,,إِنَّ ٱلَّذِينَ ءَامَنُوا@ وَٱلَّذِينَ هَاجَرُوا@ وَجَٰهَدُوا@ فِى
2,221,5,2:221:5,يُؤْمِنَّ,yu&omin~a,bare_or_other,وَلَأَمَةٌ,wala>amapN,>amap,Amw,,وَلَا تَنكِحُوا@ ٱلْمُشْرِكَٰتِ حَتَّىٰ يُؤْمِنَّ وَلَأَمَةٌ مُّؤْمِنَةٌ خَيْرٌ مِّن
2,221,17,2:221:17,يُؤْمِنُوا@,yu&ominuwA@,bare_or_other,وَلَعَبْدٌ,walaEabodN,Eabod,Ebd,,وَلَا تُنكِحُوا@ ٱلْمُشْرِكِينَ حَتَّىٰ يُؤْمِنُوا@ وَلَعَبْدٌ مُّؤْمِنٌ خَيْرٌ مِّن
2,228,18,2:228:18,يُؤْمِنَّ,yu&omin~a,bi,بِٱللَّهِ,bi{ll~ahi,{ll~ah,Alh,bi|P|PREFIX|bi+,فِى^ أَرْحَامِهِنَّ إِن كُنَّ يُؤْمِنَّ بِٱللَّهِ وَٱلْيَوْمِ ٱلْءَاخِرِ وَبُعُولَتُهُنَّ
2,232,21,2:232:21,يُؤْمِنُ,yu&ominu,bi,بِٱللَّهِ,bi{ll~ahi,{ll~ah,Alh,bi|P|PREFIX|bi+,بِهِ. مَن كَانَ مِنكُمْ يُؤْمِنُ بِٱللَّهِ وَٱلْيَوْمِ ٱلْءَاخِرِ ذَٰلِكُمْ
2,249,34,2:249:34,ءَامَنُوا@,'aAmanuwA@,bare_or_other,"مَعَهُ,","maEahu,",maE,,,"فَلَمَّا جَاوَزَهُ, هُوَ وَٱلَّذِينَ ءَامَنُوا@ مَعَهُ, قَالُوا@ لَا طَاقَةَ"
2,253,39,2:253:39,ءَامَنَ,'aAmana,other_prep:mn,وَمِنْهُم,waminohum,min,,mino|P|STEM|POS:P|LEM:min,وَلَٰكِنِ ٱخْتَلَفُوا@ فَمِنْهُم مَّنْ ءَامَنَ وَمِنْهُم مَّن كَفَرَ وَلَوْ
2,254,3,2:254:3,ءَامَنُو^ا@,'aAmanuw^A@,bare_or_other,أَنفِقُوا@,>anfiquwA@,>anfaqa,nfq,,يَٰ^أَيُّهَا ٱلَّذِينَ ءَامَنُو^ا@ أَنفِقُوا@ مِمَّا رَزَقْنَٰكُم مِّن
2,256,13,2:256:13,وَيُؤْمِن[,wayu&omin[,bi,بِٱللَّهِ,bi{ll~ahi,{ll~ah,Alh,bi|P|PREFIX|bi+,ٱلْغَىِّ فَمَن يَكْفُرْ بِٱلطَّٰغُوتِ وَيُؤْمِن[ بِٱللَّهِ فَقَدِ ٱسْتَمْسَكَ بِٱلْعُرْوَةِ
2,257,4,2:257:4,ءَامَنُوا@,'aAmanuwA@,bare_or_other,يُخْرِجُهُم,yuxorijuhum,>axoraja,xrj,,ٱللَّهُ وَلِىُّ ٱلَّذِينَ ءَامَنُوا@ يُخْرِجُهُم مِّنَ ٱلظُّلُمَٰتِ إِلَى
2,260,11,2:260:11,تُؤْمِن,tu&omin,bare_or_other,قَالَ,qaAla,qaAla,qwl,,تُحْىِ ٱلْمَوْتَىٰ قَالَ أَوَلَمْ تُؤْمِن قَالَ بَلَىٰ وَلَٰكِن لِّيَطْمَئِنَّ
2,264,3,2:264:3,ءَامَنُوا@,'aAmanuwA@,other_prep:lA,لَا,laA,laA,,laA|PRO|STEM|POS:PRO|LEM:laA,يَٰ^أَيُّهَا ٱلَّذِينَ ءَامَنُوا@ لَا تُبْطِلُوا@ صَدَقَٰتِكُم بِٱلْمَنِّ
2,264,15,2:264:15,يُؤْمِنُ,yu&ominu,bi,بِٱللَّهِ,bi{ll~ahi,{ll~ah,Alh,bi|P|PREFIX|bi+,"مَالَهُ, رِئَا^ءَ ٱلنَّاسِ وَلَا يُؤْمِنُ بِٱللَّهِ وَٱلْيَوْمِ ٱلْءَاخِرِ فَمَثَلُهُ,"
2,267,3,2:267:3,ءَامَنُو^ا@,'aAmanuw^A@,bare_or_other,أَنفِقُوا@,>anfiquwA@,>anfaqa,nfq,,يَٰ^أَيُّهَا ٱلَّذِينَ ءَامَنُو^ا@ أَنفِقُوا@ مِن طَيِّبَٰتِ مَا
2,277,3,2:277:3,ءَامَنُوا@,'aAmanuwA@,bare_or_other,وَعَمِلُوا@,waEamiluwA@,Eamila,Eml,,إِنَّ ٱلَّذِينَ ءَامَنُوا@ وَعَمِلُوا@ ٱلصَّٰلِحَٰتِ وَأَقَامُوا@ ٱلصَّلَوٰةَ
2,278,3,2:278:3,ءَامَنُوا@,'aAmanuwA@,bare_or_other,ٱتَّقُوا@,{t~aquwA@,{t~aqaY`,wqy,,يَٰ^أَيُّهَا ٱلَّذِينَ ءَامَنُوا@ ٱتَّقُوا@ ٱللَّهَ وَذَرُوا@ مَا
2,282,3,2:282:3,ءَامَنُو^ا@,'aAmanuw^A@,bare_or_other,إِذَا,<i*aA,<i*aA,,,يَٰ^أَيُّهَا ٱلَّذِينَ ءَامَنُو^ا@ إِذَا تَدَايَنتُم بِدَيْنٍ إِلَىٰ^
2,285,1,2:285:1,ءَامَنَ,'aAmana,bare_or_other,ٱلرَّسُولُ,{lr~asuwlu,rasuwl,rsl,,ءَامَنَ ٱلرَّسُولُ بِمَا^ أُنزِلَ إِلَيْهِ
2,285,10,2:285:10,ءَامَنَ,'aAmana,bi,بِٱللَّهِ,bi{ll~ahi,{ll~ah,Alh,bi|P|PREFIX|bi+,مِن رَّبِّهِ. وَٱلْمُؤْمِنُونَ كُلٌّ ءَامَنَ بِٱللَّهِ وَمَلَٰ^ئِكَتِهِ. وَكُتُبِهِ. وَرُسُلِهِ.
3,7,36,3:7:36,ءَامَنَّا,'aAman~aA,bi,بِهِ.,bihi.,,,bi|P|PREFIX|bi+,وَٱلرَّٰسِخُونَ فِى ٱلْعِلْمِ يَقُولُونَ ءَامَنَّا بِهِ. كُلٌّ مِّنْ عِندِ
3,16,5,3:16:5,ءَامَنَّا,'aAman~aA,bare_or_other,فَٱغْفِرْ,fa{gofiro,gafara,gfr,,ٱلَّذِينَ يَقُولُونَ رَبَّنَا^ إِنَّنَا^ ءَامَنَّا فَٱغْفِرْ لَنَا ذُنُوبَنَا وَقِنَا
3,52,16,3:52:16,ءَامَنَّا,'aAman~aA,bi,بِٱللَّهِ,bi{ll~ahi,{ll~ah,Alh,bi|P|PREFIX|bi+,ٱلْحَوَارِيُّونَ نَحْنُ أَنصَارُ ٱللَّهِ ءَامَنَّا بِٱللَّهِ وَٱشْهَدْ بِأَنَّا مُسْلِمُونَ
3,53,2,3:53:2,ءَامَنَّا,'aAman~aA,bi,بِمَا^,bimaA^,maA,,bi|P|PREFIX|bi+,رَبَّنَا^ ءَامَنَّا بِمَا^ أَنزَلْتَ وَٱتَّبَعْنَا ٱلرَّسُولَ
3,57,3,3:57:3,ءَامَنُوا@,'aAmanuwA@,bare_or_other,وَعَمِلُوا@,waEamiluwA@,Eamila,Eml,,وَأَمَّا ٱلَّذِينَ ءَامَنُوا@ وَعَمِلُوا@ ٱلصَّٰلِحَٰتِ فَيُوَفِّيهِمْ أُجُورَهُمْ
3,68,10,3:68:10,ءَامَنُوا@,'aAmanuwA@,other_prep:{llh,وَٱللَّهُ,wa{ll~ahu,{ll~ah,Alh,{ll~ahu|PN|STEM|POS:PN|LEM:{ll~ah|ROOT:Alh|NOM,ٱتَّبَعُوهُ وَهَٰذَا ٱلنَّبِىُّ وَٱلَّذِينَ ءَامَنُوا@ وَٱللَّهُ وَلِىُّ ٱلْمُؤْمِنِينَ
3,72,6,3:72:6,ءَامِنُوا@,'aAminuwA@,bi,بِٱلَّذِى^,bi{l~a*iY^,{l~a*iY,,bi|P|PREFIX|bi+,طَّا^ئِفَةٌ مِّنْ أَهْلِ ٱلْكِتَٰبِ ءَامِنُوا@ بِٱلَّذِى^ أُنزِلَ عَلَى ٱلَّذِينَ
3,72,11,3:72:11,ءَامَنُوا@,'aAmanuwA@,bare_or_other,وَجْهَ,wajoha,wajoh,wjh,,"بِٱلَّذِى^ أُنزِلَ عَلَى ٱلَّذِينَ ءَامَنُوا@ وَجْهَ ٱلنَّهَارِ وَٱكْفُرُو^ا@ ءَاخِرَهُ,"
3,73,2,3:73:2,تُؤْمِنُو^ا@,tu&ominuw^A@,bare_or_other,إِلَّا,<il~aA,<il~aA,,,وَلَا تُؤْمِنُو^ا@ إِلَّا لِمَن تَبِعَ دِينَكُمْ
3,81,17,3:81:17,لَتُؤْمِنُنَّ,latu&ominun~a,bi,بِهِ.,bihi.,,,bi|P|PREFIX|bi+,"رَسُولٌ مُّصَدِّقٌ لِّمَا مَعَكُمْ لَتُؤْمِنُنَّ بِهِ. وَلَتَنصُرُنَّهُ, قَالَ ءَأَقْرَرْتُمْ"
3,84,2,3:84:2,ءَامَنَّا,'aAman~aA,bi,بِٱللَّهِ,bi{ll~ahi,{ll~ah,Alh,bi|P|PREFIX|bi+,قُلْ ءَامَنَّا بِٱللَّهِ وَمَا^ أُنزِلَ عَلَيْنَا
3,99,10,3:99:10,ءَامَنَ,'aAmana,bare_or_other,تَبْغُونَهَا,taboguwnahaA,bagaY`,bgy,,عَن سَبِيلِ ٱللَّهِ مَنْ ءَامَنَ تَبْغُونَهَا عِوَجًا وَأَنتُمْ شُهَدَا^ءُ
3,100,3,3:100:3,ءَامَنُو^ا@,'aAmanuw^A@,an_clause,إِن,<in,<in,,,يَٰ^أَيُّهَا ٱلَّذِينَ ءَامَنُو^ا@ إِن تُطِيعُوا@ فَرِيقًا مِّنَ
3,102,3,3:102:3,ءَامَنُوا@,'aAmanuwA@,bare_or_other,ٱتَّقُوا@,{t~aquwA@,{t~aqaY`,wqy,,يَٰ^أَيُّهَا ٱلَّذِينَ ءَامَنُوا@ ٱتَّقُوا@ ٱللَّهَ حَقَّ تُقَاتِهِ.
3,110,11,3:110:11,وَتُؤْمِنُونَ,watu&ominuwna,bi,بِٱللَّهِ,bi{ll~ahi,{ll~ah,Alh,bi|P|PREFIX|bi+,بِٱلْمَعْرُوفِ وَتَنْهَوْنَ عَنِ ٱلْمُنكَرِ وَتُؤْمِنُونَ بِٱللَّهِ وَلَوْ ءَامَنَ أَهْلُ
3,110,14,3:110:14,ءَامَنَ,'aAmana,bare_or_other,أَهْلُ,>aholu,>ahol,Ahl,,ٱلْمُنكَرِ وَتُؤْمِنُونَ بِٱللَّهِ وَلَوْ ءَامَنَ أَهْلُ ٱلْكِتَٰبِ لَكَانَ خَيْرًا
3,114,1,3:114:1,يُؤْمِنُونَ,yu&ominuwna,bi,بِٱللَّهِ,bi{ll~ahi,{ll~ah,Alh,bi|P|PREFIX|bi+,يُؤْمِنُونَ بِٱللَّهِ وَٱلْيَوْمِ ٱلْءَاخِرِ وَيَأْمُرُونَ
3,118,3,3:118:3,ءَامَنُوا@,'aAmanuwA@,other_prep:lA,لَا,laA,laA,,laA|PRO|STEM|POS:PRO|LEM:laA,يَٰ^أَيُّهَا ٱلَّذِينَ ءَامَنُوا@ لَا تَتَّخِذُوا@ بِطَانَةً مِّن
3,119,6,3:119:6,وَتُؤْمِنُونَ,watu&ominuwna,bi,بِٱلْكِتَٰبِ,bi{lokita`bi,kita`b,ktb,bi|P|PREFIX|bi+,أُو@لَا^ءِ تُحِبُّونَهُمْ وَلَا يُحِبُّونَكُمْ وَتُؤْمِنُونَ بِٱلْكِتَٰبِ كُلِّهِ. وَإِذَا لَقُوكُمْ
3,119,12,3:119:12,ءَامَنَّا,'aAman~aA,bare_or_other,وَإِذَا,wa<i*aA,<i*aA,,,كُلِّهِ. وَإِذَا لَقُوكُمْ قَالُو^ا@ ءَامَنَّا وَإِذَا خَلَوْا@ عَضُّوا@ عَلَيْكُمُ
3,130,3,3:130:3,ءَامَنُوا@,'aAmanuwA@,other_prep:lA,لَا,laA,laA,,laA|PRO|STEM|POS:PRO|LEM:laA,يَٰ^أَيُّهَا ٱلَّذِينَ ءَامَنُوا@ لَا تَأْكُلُوا@ ٱلرِّبَوٰ^ا@ أَضْعَٰفًا
3,140,17,3:140:17,ءَامَنُوا@,'aAmanuwA@,bare_or_other,وَيَتَّخِذَ,wayat~axi*a,{t~axa*a,Ax*,,ٱلنَّاسِ وَلِيَعْلَمَ ٱللَّهُ ٱلَّذِينَ ءَامَنُوا@ وَيَتَّخِذَ مِنكُمْ شُهَدَا^ءَ وَٱللَّهُ
3,141,4,3:141:4,ءَامَنُوا@,'aAmanuwA@,bare_or_other,وَيَمْحَقَ,wayamoHaqa,yamoHaqu,mHq,,وَلِيُمَحِّصَ ٱللَّهُ ٱلَّذِينَ ءَامَنُوا@ وَيَمْحَقَ ٱلْكَٰفِرِينَ
3,149,3,3:149:3,ءَامَنُو^ا@,'aAmanuw^A@,an_clause,إِن,<in,<in,,,يَٰ^أَيُّهَا ٱلَّذِينَ ءَامَنُو^ا@ إِن تُطِيعُوا@ ٱلَّذِينَ كَفَرُوا@
3,156,3,3:156:3,ءَامَنُوا@,'aAmanuwA@,other_prep:lA,لَا,laA,laA,,laA|PRO|STEM|POS:PRO|LEM:laA,يَٰ^أَيُّهَا ٱلَّذِينَ ءَامَنُوا@ لَا تَكُونُوا@ كَٱلَّذِينَ كَفَرُوا@
3,179,28,3:179:28,فَـ#َامِنُوا@,fa_#aAminuwA@,bi,بِٱللَّهِ,bi{ll~ahi,{ll~ah,Alh,bi|P|PREFIX|bi+,مِن رُّسُلِهِ. مَن يَشَا^ءُ فَـ#َامِنُوا@ بِٱللَّهِ وَرُسُلِهِ. وَإِن تُؤْمِنُوا@
3,179,32,3:179:32,تُؤْمِنُوا@,tu&ominuwA@,bare_or_other,وَتَتَّقُوا@,watat~aquwA@,{t~aqaY`,wqy,,فَـ#َامِنُوا@ بِٱللَّهِ وَرُسُلِهِ. وَإِن تُؤْمِنُوا@ وَتَتَّقُوا@ فَلَكُمْ أَجْرٌ عَظِيمٌ
3,183,8,3:183:8,نُؤْمِنَ,nu&omina,li,لِرَسُولٍ,lirasuwlK,rasuwl,rsl,li|P|PREFIX|l:P+,ٱللَّهَ عَهِدَ إِلَيْنَا^ أَلَّا نُؤْمِنَ لِرَسُولٍ حَتَّىٰ يَأْتِيَنَا بِقُرْبَانٍ
3,193,8,3:193:8,ءَامِنُوا@,'aAminuwA@,bi,بِرَبِّكُمْ,birab~ikumo,rab~,rbb,bi|P|PREFIX|bi+,مُنَادِيًا يُنَادِى لِلْإِيمَٰنِ أَنْ ءَامِنُوا@ بِرَبِّكُمْ فَـ#َامَنَّا رَبَّنَا فَٱغْفِرْ
3,193,10,3:193:10,فَـ#َامَنَّا,fa_#aAman~aA,bare_or_other,رَبَّنَا,rab~anaA,rab~,rbb,,لِلْإِيمَٰنِ أَنْ ءَامِنُوا@ بِرَبِّكُمْ فَـ#َامَنَّا رَبَّنَا فَٱغْفِرْ لَنَا ذُنُوبَنَا
3,199,6,3:199:6,يُؤْمِنُ,yu&ominu,bi,بِٱللَّهِ,bi{ll~ahi,{ll~ah,Alh,bi|P|PREFIX|bi+,مِنْ أَهْلِ ٱلْكِتَٰبِ لَمَن يُؤْمِنُ بِٱللَّهِ وَمَا^ أُنزِلَ إِلَيْكُمْ
3,200,3,3:200:3,ءَامَنُوا@,'aAmanuwA@,bare_or_other,ٱصْبِرُوا@,{SobiruwA@,Sabara,Sbr,,يَٰ^أَيُّهَا ٱلَّذِينَ ءَامَنُوا@ ٱصْبِرُوا@ وَصَابِرُوا@ وَرَابِطُوا@ وَٱتَّقُوا@
4,19,3,4:19:3,ءَامَنُوا@,'aAmanuwA@,bare_or_other,لَا,laA,laA,,,يَٰ^أَيُّهَا ٱلَّذِينَ ءَامَنُوا@ لَا يَحِلُّ لَكُمْ أَن
4,29,3,4:29:3,ءَامَنُوا@,'aAmanuwA@,other_prep:lA,لَا,laA,laA,,laA|PRO|STEM|POS:PRO|LEM:laA,يَٰ^أَيُّهَا ٱلَّذِينَ ءَامَنُوا@ لَا تَأْكُلُو^ا@ أَمْوَٰلَكُم بَيْنَكُم
4,38,7,4:38:7,يُؤْمِنُونَ,yu&ominuwna,bi,بِٱللَّهِ,bi{ll~ahi,{ll~ah,Alh,bi|P|PREFIX|bi+,أَمْوَٰلَهُمْ رِئَا^ءَ ٱلنَّاسِ وَلَا يُؤْمِنُونَ بِٱللَّهِ وَلَا بِٱلْيَوْمِ ٱلْءَاخِرِ
4,39,4,4:39:4,ءَامَنُوا@,'aAmanuwA@,bi,بِٱللَّهِ,bi{ll~ahi,{ll~ah,Alh,bi|P|PREFIX|bi+,وَمَاذَا عَلَيْهِمْ لَوْ ءَامَنُوا@ بِٱللَّهِ وَٱلْيَوْمِ ٱلْءَاخِرِ وَأَنفَقُوا@
4,43,3,4:43:3,ءَامَنُوا@,'aAmanuwA@,other_prep:lA,لَا,laA,laA,,laA|PRO|STEM|POS:PRO|LEM:laA,يَٰ^أَيُّهَا ٱلَّذِينَ ءَامَنُوا@ لَا تَقْرَبُوا@ ٱلصَّلَوٰةَ وَأَنتُمْ
4,46,36,4:46:36,يُؤْمِنُونَ,yu&ominuwna,bare_or_other,إِلَّا,<il~aA,<il~aA,,,لَّعَنَهُمُ ٱللَّهُ بِكُفْرِهِمْ فَلَا يُؤْمِنُونَ إِلَّا قَلِيلًا
4,47,5,4:47:5,ءَامِنُوا@,'aAminuwA@,bi,بِمَا,bimaA,maA,,bi|P|PREFIX|bi+,يَٰ^أَيُّهَا ٱلَّذِينَ أُوتُوا@ ٱلْكِتَٰبَ ءَامِنُوا@ بِمَا نَزَّلْنَا مُصَدِّقًا لِّمَا
4,51,9,4:51:9,يُؤْمِنُونَ,yu&ominuwna,bi,بِٱلْجِبْتِ,bi{lojiboti,jibot,jbt,bi|P|PREFIX|bi+,أُوتُوا@ نَصِيبًا مِّنَ ٱلْكِتَٰبِ يُؤْمِنُونَ بِٱلْجِبْتِ وَٱلطَّٰغُوتِ وَيَقُولُونَ لِلَّذِينَ
4,51,19,4:51:19,ءَامَنُوا@,'aAmanuwA@,bare_or_other,سَبِيلًا,sabiylFA,sabiyl,sbl,,هَٰ^ؤُلَا^ءِ أَهْدَىٰ مِنَ ٱلَّذِينَ ءَامَنُوا@ سَبِيلًا
4,55,3,4:55:3,ءَامَنَ,'aAmana,bi,بِهِ.,bihi.,,,bi|P|PREFIX|bi+,فَمِنْهُم مَّنْ ءَامَنَ بِهِ. وَمِنْهُم مَّن صَدَّ
4,57,2,4:57:2,ءَامَنُوا@,'aAmanuwA@,bare_or_other,وَعَمِلُوا@,waEamiluwA@,Eamila,Eml,,وَٱلَّذِينَ ءَامَنُوا@ وَعَمِلُوا@ ٱلصَّٰلِحَٰتِ سَنُدْخِلُهُمْ جَنَّٰتٍ
4,59,3,4:59:3,ءَامَنُو^ا@,'aAmanuw^A@,bare_or_other,أَطِيعُوا@,>aTiyEuwA@,>aTaAEa,TwE,,يَٰ^أَيُّهَا ٱلَّذِينَ ءَامَنُو^ا@ أَطِيعُوا@ ٱللَّهَ وَأَطِيعُوا@ ٱلرَّسُولَ
4,59,21,4:59:21,تُؤْمِنُونَ,tu&ominuwna,bi,بِٱللَّهِ,bi{ll~ahi,{ll~ah,Alh,bi|P|PREFIX|bi+,ٱللَّهِ وَٱلرَّسُولِ إِن كُنتُمْ تُؤْمِنُونَ بِٱللَّهِ وَٱلْيَوْمِ ٱلْءَاخِرِ ذَٰلِكَ
4,60,7,4:60:7,ءَامَنُوا@,'aAmanuwA@,bi,بِمَا^,bimaA^,maA,,bi|P|PREFIX|bi+,إِلَى ٱلَّذِينَ يَزْعُمُونَ أَنَّهُمْ ءَامَنُوا@ بِمَا^ أُنزِلَ إِلَيْكَ وَمَا^
4,65,4,4:65:4,يُؤْمِنُونَ,yu&ominuwna,other_prep:HtY,حَتَّىٰ,Hat~aY`,Hat~aY`,,Hat~aY`|P|STEM|POS:P|LEM:Hat~aY`,فَلَا وَرَبِّكَ لَا يُؤْمِنُونَ حَتَّىٰ يُحَكِّمُوكَ فِيمَا شَجَرَ
4,71,3,4:71:3,ءَامَنُوا@,'aAmanuwA@,bare_or_other,خُذُوا@,xu*uwA@,>axa*a,Ax*,,يَٰ^أَيُّهَا ٱلَّذِينَ ءَامَنُوا@ خُذُوا@ حِذْرَكُمْ فَٱنفِرُوا@ ثُبَاتٍ
4,76,2,4:76:2,ءَامَنُوا@,'aAmanuwA@,bare_or_other,يُقَٰتِلُونَ,yuqa`tiluwna,qa`tala,qtl,,ٱلَّذِينَ ءَامَنُوا@ يُقَٰتِلُونَ فِى سَبِيلِ ٱللَّهِ
4,94,3,4:94:3,ءَامَنُو^ا@,'aAmanuw^A@,bare_or_other,إِذَا,<i*aA,<i*aA,,,يَٰ^أَيُّهَا ٱلَّذِينَ ءَامَنُو^ا@ إِذَا ضَرَبْتُمْ فِى سَبِيلِ
4,122,2,4:122:2,ءَامَنُوا@,'aAmanuwA@,bare_or_other,وَعَمِلُوا@,waEamiluwA@,Eamila,Eml,,وَٱلَّذِينَ ءَامَنُوا@ وَعَمِلُوا@ ٱلصَّٰلِحَٰتِ سَنُدْخِلُهُمْ جَنَّٰتٍ
4,135,3,4:135:3,ءَامَنُوا@,'aAmanuwA@,bare_or_other,كُونُوا@,kuwnuwA@,kaAna,kwn,,يَٰ^أَيُّهَا ٱلَّذِينَ ءَامَنُوا@ كُونُوا@ قَوَّٰمِينَ بِٱلْقِسْطِ شُهَدَا^ءَ
4,136,3,4:136:3,ءَامَنُو^ا@,'aAmanuw^A@,bare_or_other,ءَامِنُوا@,'aAminuwA@,'aAmana,Amn,,يَٰ^أَيُّهَا ٱلَّذِينَ ءَامَنُو^ا@ ءَامِنُوا@ بِٱللَّهِ وَرَسُولِهِ. وَٱلْكِتَٰبِ
4,136,4,4:136:4,ءَامِنُوا@,'aAminuwA@,bi,بِٱللَّهِ,bi{ll~ahi,{ll~ah,Alh,bi|P|PREFIX|bi+,يَٰ^أَيُّهَا ٱلَّذِينَ ءَامَنُو^ا@ ءَامِنُوا@ بِٱللَّهِ وَرَسُولِهِ. وَٱلْكِتَٰبِ ٱلَّذِى
4,137,3,4:137:3,ءَامَنُوا@,'aAmanuwA@,bare_or_other,ثُمَّ,vum~a,vum~,,,إِنَّ ٱلَّذِينَ ءَامَنُوا@ ثُمَّ كَفَرُوا@ ثُمَّ ءَامَنُوا@
4,137,7,4:137:7,ءَامَنُوا@,'aAmanuwA@,bare_or_other,ثُمَّ,vum~a,vum~,,,ءَامَنُوا@ ثُمَّ كَفَرُوا@ ثُمَّ ءَامَنُوا@ ثُمَّ كَفَرُوا@ ثُمَّ ٱزْدَادُوا@
4,144,3,4:144:3,ءَامَنُوا@,'aAmanuwA@,other_prep:lA,لَا,laA,laA,,laA|PRO|STEM|POS:PRO|LEM:laA,يَٰ^أَيُّهَا ٱلَّذِينَ ءَامَنُوا@ لَا تَتَّخِذُوا@ ٱلْكَٰفِرِينَ أَوْلِيَا^ءَ
4,147,7,4:147:7,وَءَامَنتُمْ,wa'aAmantumo,bare_or_other,وَكَانَ,wakaAna,kaAna,kwn,,ٱللَّهُ بِعَذَابِكُمْ إِن شَكَرْتُمْ وَءَامَنتُمْ وَكَانَ ٱللَّهُ شَاكِرًا عَلِيمًا
4,150,13,4:150:13,نُؤْمِنُ,nu&ominu,bi,بِبَعْضٍ,bibaEoDK,baEoD,bED,bi|P|PREFIX|bi+,بَيْنَ ٱللَّهِ وَرُسُلِهِ. وَيَقُولُونَ نُؤْمِنُ بِبَعْضٍ وَنَكْفُرُ بِبَعْضٍ وَيُرِيدُونَ
4,152,2,4:152:2,ءَامَنُوا@,'aAmanuwA@,bi,بِٱللَّهِ,bi{ll~ahi,{ll~ah,Alh,bi|P|PREFIX|bi+,وَٱلَّذِينَ ءَامَنُوا@ بِٱللَّهِ وَرُسُلِهِ. وَلَمْ يُفَرِّقُوا@
4,155,20,4:155:20,يُؤْمِنُونَ,yu&ominuwna,bare_or_other,إِلَّا,<il~aA,<il~aA,,,ٱللَّهُ عَلَيْهَا بِكُفْرِهِمْ فَلَا يُؤْمِنُونَ إِلَّا قَلِيلًا
4,159,6,4:159:6,لَيُؤْمِنَنَّ,layu&ominan~a,bi,بِهِ.,bihi.,,,bi|P|PREFIX|bi+,مِّنْ أَهْلِ ٱلْكِتَٰبِ إِلَّا لَيُؤْمِنَنَّ بِهِ. قَبْلَ مَوْتِهِ. وَيَوْمَ
4,162,7,4:162:7,يُؤْمِنُونَ,yu&ominuwna,bi,بِمَا^,bimaA^,maA,,bi|P|PREFIX|bi+,فِى ٱلْعِلْمِ مِنْهُمْ وَٱلْمُؤْمِنُونَ يُؤْمِنُونَ بِمَا^ أُنزِلَ إِلَيْكَ وَمَا^
4,170,9,4:170:9,فَـ#َامِنُوا@,fa_#aAminuwA@,bare_or_other,خَيْرًا,xayorFA,xayor,xyr,,ٱلرَّسُولُ بِٱلْحَقِّ مِن رَّبِّكُمْ فَـ#َامِنُوا@ خَيْرًا لَّكُمْ وَإِن تَكْفُرُوا@
4,171,26,4:171:26,فَـ#َامِنُوا@,fa_#aAminuwA@,bi,بِٱللَّهِ,bi{ll~ahi,{ll~ah,Alh,bi|P|PREFIX|bi+,إِلَىٰ مَرْيَمَ وَرُوحٌ مِّنْهُ فَـ#َامِنُوا@ بِٱللَّهِ وَرُسُلِهِ. وَلَا تَقُولُوا@
4,173,3,4:173:3,ءَامَنُوا@,'aAmanuwA@,bare_or_other,وَعَمِلُوا@,waEamiluwA@,Eamila,Eml,,فَأَمَّا ٱلَّذِينَ ءَامَنُوا@ وَعَمِلُوا@ ٱلصَّٰلِحَٰتِ فَيُوَفِّيهِمْ أُجُورَهُمْ
4,175,3,4:175:3,ءَامَنُوا@,'aAmanuwA@,bi,بِٱللَّهِ,bi{ll~ahi,{ll~ah,Alh,bi|P|PREFIX|bi+,فَأَمَّا ٱلَّذِينَ ءَامَنُوا@ بِٱللَّهِ وَٱعْتَصَمُوا@ بِهِ. فَسَيُدْخِلُهُمْ
5,1,3,5:1:3,ءَامَنُو^ا@,'aAmanuw^A@,bare_or_other,أَوْفُوا@,>awofuwA@,>awofaY`,wfy,,يَٰ^أَيُّهَا ٱلَّذِينَ ءَامَنُو^ا@ أَوْفُوا@ بِٱلْعُقُودِ أُحِلَّتْ لَكُم
5,2,3,5:2:3,ءَامَنُوا@,'aAmanuwA@,other_prep:lA,لَا,laA,laA,,laA|PRO|STEM|POS:PRO|LEM:laA,يَٰ^أَيُّهَا ٱلَّذِينَ ءَامَنُوا@ لَا تُحِلُّوا@ شَعَٰ^ئِرَ ٱللَّهِ
5,6,3,5:6:3,ءَامَنُو^ا@,'aAmanuw^A@,bare_or_other,إِذَا,<i*aA,<i*aA,,,يَٰ^أَيُّهَا ٱلَّذِينَ ءَامَنُو^ا@ إِذَا قُمْتُمْ إِلَى ٱلصَّلَوٰةِ
5,8,3,5:8:3,ءَامَنُوا@,'aAmanuwA@,bare_or_other,كُونُوا@,kuwnuwA@,kaAna,kwn,,يَٰ^أَيُّهَا ٱلَّذِينَ ءَامَنُوا@ كُونُوا@ قَوَّٰمِينَ لِلَّهِ شُهَدَا^ءَ
5,9,4,5:9:4,ءَامَنُوا@,'aAmanuwA@,bare_or_other,وَعَمِلُوا@,waEamiluwA@,Eamila,Eml,,وَعَدَ ٱللَّهُ ٱلَّذِينَ ءَامَنُوا@ وَعَمِلُوا@ ٱلصَّٰلِحَٰتِ لَهُم مَّغْفِرَةٌ
5,11,3,5:11:3,ءَامَنُوا@,'aAmanuwA@,bare_or_other,ٱذْكُرُوا@,{*okuruwA@,*akara,*kr,,يَٰ^أَيُّهَا ٱلَّذِينَ ءَامَنُوا@ ٱذْكُرُوا@ نِعْمَتَ ٱللَّهِ عَلَيْكُمْ
5,12,21,5:12:21,وَءَامَنتُم,wa'aAmantum,bi,بِرُسُلِى,birusuliY,rasuwl,rsl,bi|P|PREFIX|bi+,أَقَمْتُمُ ٱلصَّلَوٰةَ وَءَاتَيْتُمُ ٱلزَّكَوٰةَ وَءَامَنتُم بِرُسُلِى وَعَزَّرْتُمُوهُمْ وَأَقْرَضْتُمُ ٱللَّهَ
5,35,3,5:35:3,ءَامَنُوا@,'aAmanuwA@,bare_or_other,ٱتَّقُوا@,{t~aquwA@,{t~aqaY`,wqy,,يَٰ^أَيُّهَا ٱلَّذِينَ ءَامَنُوا@ ٱتَّقُوا@ ٱللَّهَ وَٱبْتَغُو^ا@ إِلَيْهِ
5,41,12,5:41:12,ءَامَنَّا,'aAman~aA,bi,بِأَفْوَٰهِهِمْ,bi>afowa`hihimo,>afowa`h,fwh,bi|P|PREFIX|bi+,ٱلْكُفْرِ مِنَ ٱلَّذِينَ قَالُو^ا@ ءَامَنَّا بِأَفْوَٰهِهِمْ وَلَمْ تُؤْمِن قُلُوبُهُمْ
5,41,15,5:41:15,تُؤْمِن,tu&omin,bare_or_other,قُلُوبُهُمْ,quluwbuhumo,qalob,qlb,,قَالُو^ا@ ءَامَنَّا بِأَفْوَٰهِهِمْ وَلَمْ تُؤْمِن قُلُوبُهُمْ وَمِنَ ٱلَّذِينَ هَادُوا@
5,51,3,5:51:3,ءَامَنُوا@,'aAmanuwA@,other_prep:lA,لَا,laA,laA,,laA|PRO|STEM|POS:PRO|LEM:laA,يَٰ^أَيُّهَا ٱلَّذِينَ ءَامَنُوا@ لَا تَتَّخِذُوا@ ٱلْيَهُودَ وَٱلنَّصَٰرَىٰ^
5,53,3,5:53:3,ءَامَنُو^ا@,'aAmanuw^A@,bare_or_other,أَهَٰ^ؤُلَا^ءِ,>aha`^&ulaA^'i,ha`*aA,,,وَيَقُولُ ٱلَّذِينَ ءَامَنُو^ا@ أَهَٰ^ؤُلَا^ءِ ٱلَّذِينَ أَقْسَمُوا@ بِٱللَّهِ
5,54,3,5:54:3,ءَامَنُوا@,'aAmanuwA@,bare_or_other,مَن,man,man,,,يَٰ^أَيُّهَا ٱلَّذِينَ ءَامَنُوا@ مَن يَرْتَدَّ مِنكُمْ عَن
5,55,6,5:55:6,ءَامَنُوا@,'aAmanuwA@,bare_or_other,ٱلَّذِينَ,{l~a*iyna,{l~a*iY,,,"وَلِيُّكُمُ ٱللَّهُ وَرَسُولُهُ, وَٱلَّذِينَ ءَامَنُوا@ ٱلَّذِينَ يُقِيمُونَ ٱلصَّلَوٰةَ وَيُؤْتُونَ"
5,56,6,5:56:6,ءَامَنُوا@,'aAmanuwA@,an_clause,فَإِنَّ,fa<in~a,<in~,,,"يَتَوَلَّ ٱللَّهَ وَرَسُولَهُ, وَٱلَّذِينَ ءَامَنُوا@ فَإِنَّ حِزْبَ ٱللَّهِ هُمُ"
5,57,3,5:57:3,ءَامَنُوا@,'aAmanuwA@,other_prep:lA,لَا,laA,laA,,laA|PRO|STEM|POS:PRO|LEM:laA,يَٰ^أَيُّهَا ٱلَّذِينَ ءَامَنُوا@ لَا تَتَّخِذُوا@ ٱلَّذِينَ ٱتَّخَذُوا@
5,59,9,5:59:9,ءَامَنَّا,'aAman~aA,bi,بِٱللَّهِ,bi{ll~ahi,{ll~ah,Alh,bi|P|PREFIX|bi+,تَنقِمُونَ مِنَّا^ إِلَّا^ أَنْ ءَامَنَّا بِٱللَّهِ وَمَا^ أُنزِلَ إِلَيْنَا
5,61,4,5:61:4,ءَامَنَّا,'aAman~aA,bare_or_other,وَقَد,waqad,qad,,,وَإِذَا جَا^ءُوكُمْ قَالُو^ا@ ءَامَنَّا وَقَد دَّخَلُوا@ بِٱلْكُفْرِ وَهُمْ
5,65,5,5:65:5,ءَامَنُوا@,'aAmanuwA@,bare_or_other,وَٱتَّقَوْا@,wa{t~aqawoA@,{t~aqaY`,wqy,,وَلَوْ أَنَّ أَهْلَ ٱلْكِتَٰبِ ءَامَنُوا@ وَٱتَّقَوْا@ لَكَفَّرْنَا عَنْهُمْ سَيِّـ#َاتِهِمْ
5,69,3,5:69:3,ءَامَنُوا@,'aAmanuwA@,bare_or_other,وَٱلَّذِينَ,wa{l~a*iyna,{l~a*iY,,,إِنَّ ٱلَّذِينَ ءَامَنُوا@ وَٱلَّذِينَ هَادُوا@ وَٱلصَّٰبِـ#ُونَ وَٱلنَّصَٰرَىٰ
5,69,9,5:69:9,ءَامَنَ,'aAmana,bi,بِٱللَّهِ,bi{ll~ahi,{ll~ah,Alh,bi|P|PREFIX|bi+,هَادُوا@ وَٱلصَّٰبِـ#ُونَ وَٱلنَّصَٰرَىٰ مَنْ ءَامَنَ بِٱللَّهِ وَٱلْيَوْمِ ٱلْءَاخِرِ وَعَمِلَ
5,81,3,5:81:3,يُؤْمِنُونَ,yu&ominuwna,bi,بِٱللَّهِ,bi{ll~ahi,{ll~ah,Alh,bi|P|PREFIX|bi+,وَلَوْ كَانُوا@ يُؤْمِنُونَ بِٱللَّهِ وَٱلنَّبِىِّ وَمَا^ أُنزِلَ
5,82,6,5:82:6,ءَامَنُوا@,'aAmanuwA@,other_prep:yhwd,ٱلْيَهُودَ,{loyahuwda,yahuwdiy~,,yahuwda|PN|STEM|POS:PN|LEM:yahuwdiy~|MP|ACC,أَشَدَّ ٱلنَّاسِ عَدَٰوَةً لِّلَّذِينَ ءَامَنُوا@ ٱلْيَهُودَ وَٱلَّذِينَ أَشْرَكُوا@ وَلَتَجِدَنَّ
5,82,14,5:82:14,ءَامَنُوا@,'aAmanuwA@,bare_or_other,ٱلَّذِينَ,{l~a*iyna,{l~a*iY,,,وَلَتَجِدَنَّ أَقْرَبَهُم مَّوَدَّةً لِّلَّذِينَ ءَامَنُوا@ ٱلَّذِينَ قَالُو^ا@ إِنَّا نَصَٰرَىٰ
5,83,18,5:83:18,ءَامَنَّا,'aAman~aA,bare_or_other,فَٱكْتُبْنَا,fa{kotubonaA,kataba,ktb,,مِنَ ٱلْحَقِّ يَقُولُونَ رَبَّنَا^ ءَامَنَّا فَٱكْتُبْنَا مَعَ ٱلشَّٰهِدِينَ
5,84,4,5:84:4,نُؤْمِنُ,nu&ominu,bi,بِٱللَّهِ,bi{ll~ahi,{ll~ah,Alh,bi|P|PREFIX|bi+,وَمَا لَنَا لَا نُؤْمِنُ بِٱللَّهِ وَمَا جَا^ءَنَا مِنَ
5,87,3,5:87:3,ءَامَنُوا@,'aAmanuwA@,other_prep:lA,لَا,laA,laA,,laA|PRO|STEM|POS:PRO|LEM:laA,يَٰ^أَيُّهَا ٱلَّذِينَ ءَامَنُوا@ لَا تُحَرِّمُوا@ طَيِّبَٰتِ مَا^
5,90,3,5:90:3,ءَامَنُو^ا@,'aAmanuw^A@,other_prep:mA,إِنَّمَا,<in~amaA,<in~;maA,,maA|PREV|STEM|POS:PREV|LEM:maA,يَٰ^أَيُّهَا ٱلَّذِينَ ءَامَنُو^ا@ إِنَّمَا ٱلْخَمْرُ وَٱلْمَيْسِرُ وَٱلْأَنصَابُ
5,93,4,5:93:4,ءَامَنُوا@,'aAmanuwA@,bare_or_other,وَعَمِلُوا@,waEamiluwA@,Eamila,Eml,,لَيْسَ عَلَى ٱلَّذِينَ ءَامَنُوا@ وَعَمِلُوا@ ٱلصَّٰلِحَٰتِ جُنَاحٌ فِيمَا
5,93,13,5:93:13,وَّءَامَنُوا@,w~a'aAmanuwA@,bare_or_other,وَعَمِلُوا@,waEamiluwA@,Eamila,Eml,,طَعِمُو^ا@ إِذَا مَا ٱتَّقَوا@ وَّءَامَنُوا@ وَعَمِلُوا@ ٱلصَّٰلِحَٰتِ ثُمَّ ٱتَّقَوا@
5,93,18,5:93:18,وَّءَامَنُوا@,w~a'aAmanuwA@,bare_or_other,ثُمَّ,vum~a,vum~,,,وَعَمِلُوا@ ٱلصَّٰلِحَٰتِ ثُمَّ ٱتَّقَوا@ وَّءَامَنُوا@ ثُمَّ ٱتَّقَوا@ وَّأَحْسَنُوا@ وَٱللَّهُ
5,94,3,5:94:3,ءَامَنُوا@,'aAmanuwA@,bare_or_other,لَيَبْلُوَنَّكُمُ,layaboluwan~akumu,balawo,blw,,يَٰ^أَيُّهَا ٱلَّذِينَ ءَامَنُوا@ لَيَبْلُوَنَّكُمُ ٱللَّهُ بِشَىْءٍ مِّنَ
5,95,3,5:95:3,ءَامَنُوا@,'aAmanuwA@,other_prep:lA,لَا,laA,laA,,laA|PRO|STEM|POS:PRO|LEM:laA,يَٰ^أَيُّهَا ٱلَّذِينَ ءَامَنُوا@ لَا تَقْتُلُوا@ ٱلصَّيْدَ وَأَنتُمْ
5,101,3,5:101:3,ءَامَنُوا@,'aAmanuwA@,other_prep:lA,لَا,laA,laA,,laA|PRO|STEM|POS:PRO|LEM:laA,يَٰ^أَيُّهَا ٱلَّذِينَ ءَامَنُوا@ لَا تَسْـ#َلُوا@ عَنْ أَشْيَا^ءَ
5,105,3,5:105:3,ءَامَنُوا@,'aAmanuwA@,other_prep:Ely,عَلَيْكُمْ,Ealayokumo,EalaY`,,Ealayo|P|STEM|POS:P|LEM:EalaY`,يَٰ^أَيُّهَا ٱلَّذِينَ ءَامَنُوا@ عَلَيْكُمْ أَنفُسَكُمْ لَا يَضُرُّكُم
5,106,3,5:106:3,ءَامَنُوا@,'aAmanuwA@,bare_or_other,شَهَٰدَةُ,$aha`dapu,$aha`dap,$hd,,يَٰ^أَيُّهَا ٱلَّذِينَ ءَامَنُوا@ شَهَٰدَةُ بَيْنِكُمْ إِذَا حَضَرَ
5,111,6,5:111:6,ءَامِنُوا@,'aAminuwA@,bi,بِى,biY,,,bi|P|PREFIX|bi+,أَوْحَيْتُ إِلَى ٱلْحَوَارِيِّ.نَ أَنْ ءَامِنُوا@ بِى وَبِرَسُولِى قَالُو^ا@ ءَامَنَّا
5,111,10,5:111:10,ءَامَنَّا,'aAman~aA,bare_or_other,وَٱشْهَدْ,wa{$ohado,$ahida,$hd,,ءَامِنُوا@ بِى وَبِرَسُولِى قَالُو^ا@ ءَامَنَّا وَٱشْهَدْ بِأَنَّنَا مُسْلِمُونَ
6,12,25,6:12:25,يُؤْمِنُونَ,yu&ominuwna,verse_final_or_no_next,,,,,,خَسِرُو^ا@ أَنفُسَهُمْ فَهُمْ لَا يُؤْمِنُونَ
6,20,13,6:20:13,يُؤْمِنُونَ,yu&ominuwna,verse_final_or_no_next,,,,,,خَسِرُو^ا@ أَنفُسَهُمْ فَهُمْ لَا يُؤْمِنُونَ
6,25,19,6:25:19,يُؤْمِنُوا@,yu&ominuwA@,bi,بِهَا,bihaA,,,bi|P|PREFIX|bi+,يَرَوْا@ كُلَّ ءَايَةٍ لَّا يُؤْمِنُوا@ بِهَا حَتَّىٰ^ إِذَا جَا^ءُوكَ
6,48,8,6:48:8,ءَامَنَ,'aAmana,bare_or_other,وَأَصْلَحَ,wa>aSolaHa,>aSolaHa,SlH,,إِلَّا مُبَشِّرِينَ وَمُنذِرِينَ فَمَنْ ءَامَنَ وَأَصْلَحَ فَلَا خَوْفٌ عَلَيْهِمْ
6,54,4,6:54:4,يُؤْمِنُونَ,yu&ominuwna,bi,بِـ#َايَٰتِنَا,bi_#aAya`tinaA,'aAyap,Ayy,bi|P|PREFIX|bi+,وَإِذَا جَا^ءَكَ ٱلَّذِينَ يُؤْمِنُونَ بِـ#َايَٰتِنَا فَقُلْ سَلَٰمٌ عَلَيْكُمْ
6,82,2,6:82:2,ءَامَنُوا@,'aAmanuwA@,bare_or_other,وَلَمْ,walamo,lam,,,ٱلَّذِينَ ءَامَنُوا@ وَلَمْ يَلْبِسُو^ا@ إِيمَٰنَهُم بِظُلْمٍ
6,92,15,6:92:15,يُؤْمِنُونَ,yu&ominuwna,bi,بِٱلْءَاخِرَةِ,bi{lo'aAxirapi,A^xir,Axr,bi|P|PREFIX|bi+,ٱلْقُرَىٰ وَمَنْ حَوْلَهَا وَٱلَّذِينَ يُؤْمِنُونَ بِٱلْءَاخِرَةِ يُؤْمِنُونَ بِهِ. وَهُمْ
6,92,17,6:92:17,يُؤْمِنُونَ,yu&ominuwna,bi,بِهِ.,bihi.,,,bi|P|PREFIX|bi+,حَوْلَهَا وَٱلَّذِينَ يُؤْمِنُونَ بِٱلْءَاخِرَةِ يُؤْمِنُونَ بِهِ. وَهُمْ عَلَىٰ صَلَاتِهِمْ
6,99,44,6:99:44,يُؤْمِنُونَ,yu&ominuwna,verse_final_or_no_next,,,,,,فِى ذَٰلِكُمْ لَءَايَٰتٍ لِّقَوْمٍ يُؤْمِنُونَ
6,109,8,6:109:8,لَّيُؤْمِنُنَّ,l~ayu&ominun~a,bi,بِهَا,bihaA,,,bi|P|PREFIX|bi+,أَيْمَٰنِهِمْ لَئِن جَا^ءَتْهُمْ ءَايَةٌ لَّيُؤْمِنُنَّ بِهَا قُلْ إِنَّمَا ٱلْءَايَٰتُ
6,109,21,6:109:21,يُؤْمِنُونَ,yu&ominuwna,verse_final_or_no_next,,,,,,أَنَّهَا^ إِذَا جَا^ءَتْ لَا يُؤْمِنُونَ
6,110,6,6:110:6,يُؤْمِنُوا@,yu&ominuwA@,bi,بِهِ.^,bihi.^,,,bi|P|PREFIX|bi+,أَفْـ#ِدَتَهُمْ وَأَبْصَٰرَهُمْ كَمَا لَمْ يُؤْمِنُوا@ بِهِ.^ أَوَّلَ مَرَّةٍ وَنَذَرُهُمْ
6,111,15,6:111:15,لِيُؤْمِنُو^ا@,liyu&ominuw^A@,bare_or_other,إِلَّا^,<il~aA^,<il~aA,,,شَىْءٍ قُبُلًا مَّا كَانُوا@ لِيُؤْمِنُو^ا@ إِلَّا^ أَن يَشَا^ءَ ٱللَّهُ
6,113,6,6:113:6,يُؤْمِنُونَ,yu&ominuwna,bi,بِٱلْءَاخِرَةِ,bi{lo'aAxirapi,A^xir,Axr,bi|P|PREFIX|bi+,إِلَيْهِ أَفْـ#ِدَةُ ٱلَّذِينَ لَا يُؤْمِنُونَ بِٱلْءَاخِرَةِ وَلِيَرْضَوْهُ وَلِيَقْتَرِفُوا@ مَا
6,124,6,6:124:6,نُّؤْمِنَ,n~u&omina,other_prep:HtY,حَتَّىٰ,Hat~aY`,Hat~aY`,,Hat~aY`|P|STEM|POS:P|LEM:Hat~aY`,جَا^ءَتْهُمْ ءَايَةٌ قَالُوا@ لَن نُّؤْمِنَ حَتَّىٰ نُؤْتَىٰ مِثْلَ مَا^
6,125,28,6:125:28,يُؤْمِنُونَ,yu&ominuwna,verse_final_or_no_next,,,,,,ٱلرِّجْسَ عَلَى ٱلَّذِينَ لَا يُؤْمِنُونَ
6,150,23,6:150:23,يُؤْمِنُونَ,yu&ominuwna,bi,بِٱلْءَاخِرَةِ,bi{lo'aAxirapi,A^xir,Axr,bi|P|PREFIX|bi+,كَذَّبُوا@ بِـ#َايَٰتِنَا وَٱلَّذِينَ لَا يُؤْمِنُونَ بِٱلْءَاخِرَةِ وَهُم بِرَبِّهِمْ يَعْدِلُونَ
6,154,17,6:154:17,يُؤْمِنُونَ,yu&ominuwna,verse_final_or_no_next,,,,,,وَرَحْمَةً لَّعَلَّهُم بِلِقَا^ءِ رَبِّهِمْ يُؤْمِنُونَ
6,158,26,6:158:26,ءَامَنَتْ,'aAmanato,other_prep:mn,مِن,min,min,,min|P|STEM|POS:P|LEM:min,نَفْسًا إِيمَٰنُهَا لَمْ تَكُنْ ءَامَنَتْ مِن قَبْلُ أَوْ كَسَبَتْ
7,27,30,7:27:30,يُؤْمِنُونَ,yu&ominuwna,verse_final_or_no_next,,,,,,ٱلشَّيَٰطِينَ أَوْلِيَا^ءَ لِلَّذِينَ لَا يُؤْمِنُونَ
7,32,15,7:32:15,ءَامَنُوا@,'aAmanuwA@,other_prep:fY,فِى,fiY,fiY,,fiY|P|STEM|POS:P|LEM:fiY,ٱلرِّزْقِ قُلْ هِىَ لِلَّذِينَ ءَامَنُوا@ فِى ٱلْحَيَوٰةِ ٱلدُّنْيَا خَالِصَةً
7,42,2,7:42:2,ءَامَنُوا@,'aAmanuwA@,bare_or_other,وَعَمِلُوا@,waEamiluwA@,Eamila,Eml,,وَٱلَّذِينَ ءَامَنُوا@ وَعَمِلُوا@ ٱلصَّٰلِحَٰتِ لَا نُكَلِّفُ
7,52,10,7:52:10,يُؤْمِنُونَ,yu&ominuwna,verse_final_or_no_next,,,,,,عِلْمٍ هُدًى وَرَحْمَةً لِّقَوْمٍ يُؤْمِنُونَ
7,75,10,7:75:10,ءَامَنَ,'aAmana,other_prep:mn,مِنْهُمْ,minohumo,min,,mino|P|STEM|POS:P|LEM:min,قَوْمِهِ. لِلَّذِينَ ٱسْتُضْعِفُوا@ لِمَنْ ءَامَنَ مِنْهُمْ أَتَعْلَمُونَ أَنَّ صَٰلِحًا
7,76,6,7:76:6,ءَامَنتُم,'aAmantum,bi,بِهِ.,bihi.,,,bi|P|PREFIX|bi+,ٱلَّذِينَ ٱسْتَكْبَرُو^ا@ إِنَّا بِٱلَّذِى^ ءَامَنتُم بِهِ. كَٰفِرُونَ
7,86,11,7:86:11,ءَامَنَ,'aAmana,bi,بِهِ.,bihi.,,,bi|P|PREFIX|bi+,عَن سَبِيلِ ٱللَّهِ مَنْ ءَامَنَ بِهِ. وَتَبْغُونَهَا عِوَجًا وَٱذْكُرُو^ا@
7,87,5,7:87:5,ءَامَنُوا@,'aAmanuwA@,bi,بِٱلَّذِى^,bi{l~a*iY^,{l~a*iY,,bi|P|PREFIX|bi+,وَإِن كَانَ طَا^ئِفَةٌ مِّنكُمْ ءَامَنُوا@ بِٱلَّذِى^ أُرْسِلْتُ بِهِ. وَطَا^ئِفَةٌ
7,87,11,7:87:11,يُؤْمِنُوا@,yu&ominuwA@,bare_or_other,فَٱصْبِرُوا@,fa{SobiruwA@,Sabara,Sbr,,أُرْسِلْتُ بِهِ. وَطَا^ئِفَةٌ لَّمْ يُؤْمِنُوا@ فَٱصْبِرُوا@ حَتَّىٰ يَحْكُمَ ٱللَّهُ
7,88,10,7:88:10,ءَامَنُوا@,'aAmanuwA@,bare_or_other,مَعَكَ,maEaka,maE,,,قَوْمِهِ. لَنُخْرِجَنَّكَ يَٰشُعَيْبُ وَٱلَّذِينَ ءَامَنُوا@ مَعَكَ مِن قَرْيَتِنَا^ أَوْ
7,96,5,7:96:5,ءَامَنُوا@,'aAmanuwA@,bare_or_other,وَٱتَّقَوْا@,wa{t~aqawoA@,{t~aqaY`,wqy,,وَلَوْ أَنَّ أَهْلَ ٱلْقُرَىٰ^ ءَامَنُوا@ وَٱتَّقَوْا@ لَفَتَحْنَا عَلَيْهِم بَرَكَٰتٍ
7,101,13,7:101:13,لِيُؤْمِنُوا@,liyu&ominuwA@,bi,بِمَا,bimaA,maA,,bi|P|PREFIX|bi+,رُسُلُهُم بِٱلْبَيِّنَٰتِ فَمَا كَانُوا@ لِيُؤْمِنُوا@ بِمَا كَذَّبُوا@ مِن قَبْلُ
7,121,2,7:121:2,ءَامَنَّا,'aAman~aA,bi,بِرَبِّ,birab~i,rab~,rbb,bi|P|PREFIX|bi+,قَالُو^ا@ ءَامَنَّا بِرَبِّ ٱلْعَٰلَمِينَ
7,123,3,7:123:3,ءَامَنتُم,'aAmantum,bi,بِهِ.,bihi.,,,bi|P|PREFIX|bi+,قَالَ فِرْعَوْنُ ءَامَنتُم بِهِ. قَبْلَ أَنْ ءَاذَنَ
7,126,6,7:126:6,ءَامَنَّا,'aAman~aA,bi,بِـ#َايَٰتِ,bi_#aAya`ti,'aAyap,Ayy,bi|P|PREFIX|bi+,تَنقِمُ مِنَّا^ إِلَّا^ أَنْ ءَامَنَّا بِـ#َايَٰتِ رَبِّنَا لَمَّا جَا^ءَتْنَا
7,134,17,7:134:17,لَنُؤْمِنَنَّ,lanu&ominan~a,li,لَكَ,laka,,,la|P|PREFIX|l:P+,لَئِن كَشَفْتَ عَنَّا ٱلرِّجْزَ لَنُؤْمِنَنَّ لَكَ وَلَنُرْسِلَنَّ مَعَكَ بَنِى^
7,146,15,7:146:15,يُؤْمِنُوا@,yu&ominuwA@,bi,بِهَا,bihaA,,,bi|P|PREFIX|bi+,يَرَوْا@ كُلَّ ءَايَةٍ لَّا يُؤْمِنُوا@ بِهَا وَإِن يَرَوْا@ سَبِيلَ
7,153,8,7:153:8,وَءَامَنُو^ا@,wa'aAmanuw^A@,an_clause,إِنَّ,<in~a,<in~,,,ثُمَّ تَابُوا@ مِن[ بَعْدِهَا وَءَامَنُو^ا@ إِنَّ رَبَّكَ مِن[ بَعْدِهَا
7,156,30,7:156:30,يُؤْمِنُونَ,yu&ominuwna,verse_final_or_no_next,,,,,,ٱلزَّكَوٰةَ وَٱلَّذِينَ هُم بِـ#َايَٰتِنَا يُؤْمِنُونَ
7,157,32,7:157:32,ءَامَنُوا@,'aAmanuwA@,bi,بِهِ.,bihi.,,,bi|P|PREFIX|bi+,ٱلَّتِى كَانَتْ عَلَيْهِمْ فَٱلَّذِينَ ءَامَنُوا@ بِهِ. وَعَزَّرُوهُ وَنَصَرُوهُ وَٱتَّبَعُوا@
7,158,20,7:158:20,فَـ#َامِنُوا@,fa_#aAminuwA@,bi,بِٱللَّهِ,bi{ll~ahi,{ll~ah,Alh,bi|P|PREFIX|bi+,إِلَّا هُوَ يُحْىِ. وَيُمِيتُ فَـ#َامِنُوا@ بِٱللَّهِ وَرَسُولِهِ ٱلنَّبِىِّ ٱلْأُمِّىِّ
7,158,26,7:158:26,يُؤْمِنُ,yu&ominu,bi,بِٱللَّهِ,bi{ll~ahi,{ll~ah,Alh,bi|P|PREFIX|bi+,وَرَسُولِهِ ٱلنَّبِىِّ ٱلْأُمِّىِّ ٱلَّذِى يُؤْمِنُ بِٱللَّهِ وَكَلِمَٰتِهِ. وَٱتَّبِعُوهُ لَعَلَّكُمْ
7,185,22,7:185:22,يُؤْمِنُونَ,yu&ominuwna,verse_final_or_no_next,,,,,,"أَجَلُهُمْ فَبِأَىِّ حَدِيثٍ] بَعْدَهُ, يُؤْمِنُونَ"
7,188,28,7:188:28,يُؤْمِنُونَ,yu&ominuwna,verse_final_or_no_next,,,,,,إِلَّا نَذِيرٌ وَبَشِيرٌ لِّقَوْمٍ يُؤْمِنُونَ
7,203,23,7:203:23,يُؤْمِنُونَ,yu&ominuwna,verse_final_or_no_next,,,,,,رَّبِّكُمْ وَهُدًى وَرَحْمَةٌ لِّقَوْمٍ يُؤْمِنُونَ
8,12,10,8:12:10,ءَامَنُوا@,'aAmanuwA@,bare_or_other,سَأُلْقِى,sa>uloqiY,>aloqaY`^,lqy,,أَنِّى مَعَكُمْ فَثَبِّتُوا@ ٱلَّذِينَ ءَامَنُوا@ سَأُلْقِى فِى قُلُوبِ ٱلَّذِينَ
8,15,3,8:15:3,ءَامَنُو^ا@,'aAmanuw^A@,bare_or_other,إِذَا,<i*aA,<i*aA,,,يَٰ^أَيُّهَا ٱلَّذِينَ ءَامَنُو^ا@ إِذَا لَقِيتُمُ ٱلَّذِينَ كَفَرُوا@
8,20,3,8:20:3,ءَامَنُو^ا@,'aAmanuw^A@,bare_or_other,أَطِيعُوا@,>aTiyEuwA@,>aTaAEa,TwE,,"يَٰ^أَيُّهَا ٱلَّذِينَ ءَامَنُو^ا@ أَطِيعُوا@ ٱللَّهَ وَرَسُولَهُ, وَلَا"
8,24,3,8:24:3,ءَامَنُوا@,'aAmanuwA@,bare_or_other,ٱسْتَجِيبُوا@,{sotajiybuwA@,{sotajaAba,jwb,,يَٰ^أَيُّهَا ٱلَّذِينَ ءَامَنُوا@ ٱسْتَجِيبُوا@ لِلَّهِ وَلِلرَّسُولِ إِذَا
8,27,3,8:27:3,ءَامَنُوا@,'aAmanuwA@,other_prep:lA,لَا,laA,laA,,laA|PRO|STEM|POS:PRO|LEM:laA,يَٰ^أَيُّهَا ٱلَّذِينَ ءَامَنُوا@ لَا تَخُونُوا@ ٱللَّهَ وَٱلرَّسُولَ
8,29,3,8:29:3,ءَامَنُو^ا@,'aAmanuw^A@,an_clause,إِن,<in,<in,,,يَٰ^أَيُّهَا ٱلَّذِينَ ءَامَنُو^ا@ إِن تَتَّقُوا@ ٱللَّهَ يَجْعَل
8,41,18,8:41:18,ءَامَنتُم,'aAmantum,bi,بِٱللَّهِ,bi{ll~ahi,{ll~ah,Alh,bi|P|PREFIX|bi+,وَٱبْنِ ٱلسَّبِيلِ إِن كُنتُمْ ءَامَنتُم بِٱللَّهِ وَمَا^ أَنزَلْنَا عَلَىٰ
8,45,3,8:45:3,ءَامَنُو^ا@,'aAmanuw^A@,bare_or_other,إِذَا,<i*aA,<i*aA,,,يَٰ^أَيُّهَا ٱلَّذِينَ ءَامَنُو^ا@ إِذَا لَقِيتُمْ فِئَةً فَٱثْبُتُوا@
8,55,10,8:55:10,يُؤْمِنُونَ,yu&ominuwna,verse_final_or_no_next,,,,,,ٱلَّذِينَ كَفَرُوا@ فَهُمْ لَا يُؤْمِنُونَ
8,72,3,8:72:3,ءَامَنُوا@,'aAmanuwA@,bare_or_other,وَهَاجَرُوا@,wahaAjaruwA@,haAjara,hjr,,إِنَّ ٱلَّذِينَ ءَامَنُوا@ وَهَاجَرُوا@ وَجَٰهَدُوا@ بِأَمْوَٰلِهِمْ وَأَنفُسِهِمْ
8,72,19,8:72:19,ءَامَنُوا@,'aAmanuwA@,bare_or_other,وَلَمْ,walamo,lam,,,بَعْضُهُمْ أَوْلِيَا^ءُ بَعْضٍ وَٱلَّذِينَ ءَامَنُوا@ وَلَمْ يُهَاجِرُوا@ مَا لَكُم
8,74,2,8:74:2,ءَامَنُوا@,'aAmanuwA@,bare_or_other,وَهَاجَرُوا@,wahaAjaruwA@,haAjara,hjr,,وَٱلَّذِينَ ءَامَنُوا@ وَهَاجَرُوا@ وَجَٰهَدُوا@ فِى سَبِيلِ
8,75,2,8:75:2,ءَامَنُوا@,'aAmanuwA@,other_prep:mn[,مِن[,min[,min,,min[|P|STEM|POS:P|LEM:min,وَٱلَّذِينَ ءَامَنُوا@ مِن[ بَعْدُ وَهَاجَرُوا@ وَجَٰهَدُوا@
9,18,6,9:18:6,ءَامَنَ,'aAmana,bi,بِٱللَّهِ,bi{ll~ahi,{ll~ah,Alh,bi|P|PREFIX|bi+,يَعْمُرُ مَسَٰجِدَ ٱللَّهِ مَنْ ءَامَنَ بِٱللَّهِ وَٱلْيَوْمِ ٱلْءَاخِرِ وَأَقَامَ
9,19,8,9:19:8,ءَامَنَ,'aAmana,bi,بِٱللَّهِ,bi{ll~ahi,{ll~ah,Alh,bi|P|PREFIX|bi+,وَعِمَارَةَ ٱلْمَسْجِدِ ٱلْحَرَامِ كَمَنْ ءَامَنَ بِٱللَّهِ وَٱلْيَوْمِ ٱلْءَاخِرِ وَجَٰهَدَ
9,20,2,9:20:2,ءَامَنُوا@,'aAmanuwA@,bare_or_other,وَهَاجَرُوا@,wahaAjaruwA@,haAjara,hjr,,ٱلَّذِينَ ءَامَنُوا@ وَهَاجَرُوا@ وَجَٰهَدُوا@ فِى سَبِيلِ
9,23,3,9:23:3,ءَامَنُوا@,'aAmanuwA@,other_prep:lA,لَا,laA,laA,,laA|PRO|STEM|POS:PRO|LEM:laA,يَٰ^أَيُّهَا ٱلَّذِينَ ءَامَنُوا@ لَا تَتَّخِذُو^ا@ ءَابَا^ءَكُمْ وَإِخْوَٰنَكُمْ
9,28,3,9:28:3,ءَامَنُو^ا@,'aAmanuw^A@,other_prep:mA,إِنَّمَا,<in~amaA,<in~;maA,,maA|PREV|STEM|POS:PREV|LEM:maA,يَٰ^أَيُّهَا ٱلَّذِينَ ءَامَنُو^ا@ إِنَّمَا ٱلْمُشْرِكُونَ نَجَسٌ فَلَا
9,29,4,9:29:4,يُؤْمِنُونَ,yu&ominuwna,bi,بِٱللَّهِ,bi{ll~ahi,{ll~ah,Alh,bi|P|PREFIX|bi+,قَٰتِلُوا@ ٱلَّذِينَ لَا يُؤْمِنُونَ بِٱللَّهِ وَلَا بِٱلْيَوْمِ ٱلْءَاخِرِ
9,34,3,9:34:3,ءَامَنُو^ا@,'aAmanuw^A@,an_clause,إِنَّ,<in~a,<in~,,,يَٰ^أَيُّهَا ٱلَّذِينَ ءَامَنُو^ا@ إِنَّ كَثِيرًا مِّنَ ٱلْأَحْبَارِ
9,38,3,9:38:3,ءَامَنُوا@,'aAmanuwA@,bare_or_other,مَا,maA,maA,,,يَٰ^أَيُّهَا ٱلَّذِينَ ءَامَنُوا@ مَا لَكُمْ إِذَا قِيلَ
9,44,4,9:44:4,يُؤْمِنُونَ,yu&ominuwna,bi,بِٱللَّهِ,bi{ll~ahi,{ll~ah,Alh,bi|P|PREFIX|bi+,لَا يَسْتَـ#ْذِنُكَ ٱلَّذِينَ يُؤْمِنُونَ بِٱللَّهِ وَٱلْيَوْمِ ٱلْءَاخِرِ أَن
9,45,5,9:45:5,يُؤْمِنُونَ,yu&ominuwna,bi,بِٱللَّهِ,bi{ll~ahi,{ll~ah,Alh,bi|P|PREFIX|bi+,إِنَّمَا يَسْتَـ#ْذِنُكَ ٱلَّذِينَ لَا يُؤْمِنُونَ بِٱللَّهِ وَٱلْيَوْمِ ٱلْءَاخِرِ وَٱرْتَابَتْ
9,61,12,9:61:12,يُؤْمِنُ,yu&ominu,bi,بِٱللَّهِ,bi{ll~ahi,{ll~ah,Alh,bi|P|PREFIX|bi+,قُلْ أُذُنُ خَيْرٍ لَّكُمْ يُؤْمِنُ بِٱللَّهِ وَيُؤْمِنُ لِلْمُؤْمِنِينَ وَرَحْمَةٌ
9,61,14,9:61:14,وَيُؤْمِنُ,wayu&ominu,li,لِلْمُؤْمِنِينَ,lilomu&ominiyna,mu&omin,Amn,li|P|PREFIX|l:P+,خَيْرٍ لَّكُمْ يُؤْمِنُ بِٱللَّهِ وَيُؤْمِنُ لِلْمُؤْمِنِينَ وَرَحْمَةٌ لِّلَّذِينَ ءَامَنُوا@
9,61,18,9:61:18,ءَامَنُوا@,'aAmanuwA@,other_prep:mn,مِنكُمْ,minkumo,min,,min|P|STEM|POS:P|LEM:min,وَيُؤْمِنُ لِلْمُؤْمِنِينَ وَرَحْمَةٌ لِّلَّذِينَ ءَامَنُوا@ مِنكُمْ وَٱلَّذِينَ يُؤْذُونَ رَسُولَ
9,86,5,9:86:5,ءَامِنُوا@,'aAminuwA@,bi,بِٱللَّهِ,bi{ll~ahi,{ll~ah,Alh,bi|P|PREFIX|bi+,وَإِذَا^ أُنزِلَتْ سُورَةٌ أَنْ ءَامِنُوا@ بِٱللَّهِ وَجَٰهِدُوا@ مَعَ رَسُولِهِ
9,88,4,9:88:4,ءَامَنُوا@,'aAmanuwA@,bare_or_other,"مَعَهُ,","maEahu,",maE,,,"لَٰكِنِ ٱلرَّسُولُ وَٱلَّذِينَ ءَامَنُوا@ مَعَهُ, جَٰهَدُوا@ بِأَمْوَٰلِهِمْ وَأَنفُسِهِمْ"
9,94,10,9:94:10,نُّؤْمِنَ,n~u&omina,li,لَكُمْ,lakumo,,,la|P|PREFIX|l:P+,قُل لَّا تَعْتَذِرُوا@ لَن نُّؤْمِنَ لَكُمْ قَدْ نَبَّأَنَا ٱللَّهُ
9,99,4,9:99:4,يُؤْمِنُ,yu&ominu,bi,بِٱللَّهِ,bi{ll~ahi,{ll~ah,Alh,bi|P|PREFIX|bi+,وَمِنَ ٱلْأَعْرَابِ مَن يُؤْمِنُ بِٱللَّهِ وَٱلْيَوْمِ ٱلْءَاخِرِ وَيَتَّخِذُ
9,113,5,9:113:5,ءَامَنُو^ا@,'aAmanuw^A@,an_clause,أَن,>an,>an,,,مَا كَانَ لِلنَّبِىِّ وَٱلَّذِينَ ءَامَنُو^ا@ أَن يَسْتَغْفِرُوا@ لِلْمُشْرِكِينَ وَلَوْ
9,119,3,9:119:3,ءَامَنُوا@,'aAmanuwA@,bare_or_other,ٱتَّقُوا@,{t~aquwA@,{t~aqaY`,wqy,,يَٰ^أَيُّهَا ٱلَّذِينَ ءَامَنُوا@ ٱتَّقُوا@ ٱللَّهَ وَكُونُوا@ مَعَ
9,123,3,9:123:3,ءَامَنُوا@,'aAmanuwA@,bare_or_other,قَٰتِلُوا@,qa`tiluwA@,qa`tala,qtl,,يَٰ^أَيُّهَا ٱلَّذِينَ ءَامَنُوا@ قَٰتِلُوا@ ٱلَّذِينَ يَلُونَكُم مِّنَ
9,124,14,9:124:14,ءَامَنُوا@,'aAmanuwA@,bare_or_other,فَزَادَتْهُمْ,fazaAdatohumo,zaAda,zyd,,هَٰذِهِ.^ إِيمَٰنًا فَأَمَّا ٱلَّذِينَ ءَامَنُوا@ فَزَادَتْهُمْ إِيمَٰنًا وَهُمْ يَسْتَبْشِرُونَ
10,2,14,10:2:14,ءَامَنُو^ا@,'aAmanuw^A@,an_clause,أَنَّ,>an~a,>an~,,,أَنذِرِ ٱلنَّاسَ وَبَشِّرِ ٱلَّذِينَ ءَامَنُو^ا@ أَنَّ لَهُمْ قَدَمَ صِدْقٍ
10,4,14,10:4:14,ءَامَنُوا@,'aAmanuwA@,bare_or_other,وَعَمِلُوا@,waEamiluwA@,Eamila,Eml,,"ثُمَّ يُعِيدُهُ, لِيَجْزِىَ ٱلَّذِينَ ءَامَنُوا@ وَعَمِلُوا@ ٱلصَّٰلِحَٰتِ بِٱلْقِسْطِ وَٱلَّذِينَ"
10,9,3,10:9:3,ءَامَنُوا@,'aAmanuwA@,bare_or_other,وَعَمِلُوا@,waEamiluwA@,Eamila,Eml,,إِنَّ ٱلَّذِينَ ءَامَنُوا@ وَعَمِلُوا@ ٱلصَّٰلِحَٰتِ يَهْدِيهِمْ رَبُّهُم
10,13,13,10:13:13,لِيُؤْمِنُوا@,liyu&ominuwA@,other_prep:k,كَذَٰلِكَ,ka*a`lika,*a`lik,,ka|P|PREFIX|ka+,رُسُلُهُم بِٱلْبَيِّنَٰتِ وَمَا كَانُوا@ لِيُؤْمِنُوا@ كَذَٰلِكَ نَجْزِى ٱلْقَوْمَ ٱلْمُجْرِمِينَ
10,33,10,10:33:10,يُؤْمِنُونَ,yu&ominuwna,verse_final_or_no_next,,,,,,ٱلَّذِينَ فَسَقُو^ا@ أَنَّهُمْ لَا يُؤْمِنُونَ
10,40,3,10:40:3,يُؤْمِنُ,yu&ominu,bi,بِهِ.,bihi.,,,bi|P|PREFIX|bi+,وَمِنْهُم مَّن يُؤْمِنُ بِهِ. وَمِنْهُم مَّن لَّا
10,40,8,10:40:8,يُؤْمِنُ,yu&ominu,bi,بِهِ.,bihi.,,,bi|P|PREFIX|bi+,بِهِ. وَمِنْهُم مَّن لَّا يُؤْمِنُ بِهِ. وَرَبُّكَ أَعْلَمُ بِٱلْمُفْسِدِينَ
10,51,5,10:51:5,ءَامَنتُم,'aAmantum,bi,بِهِ.^,bihi.^,,,bi|P|PREFIX|bi+,أَثُمَّ إِذَا مَا وَقَعَ ءَامَنتُم بِهِ.^ ءَا^لْـ#َٰنَ وَقَدْ كُنتُم
10,63,2,10:63:2,ءَامَنُوا@,'aAmanuwA@,bare_or_other,وَكَانُوا@,wakaAnuwA@,kaAna,kwn,,ٱلَّذِينَ ءَامَنُوا@ وَكَانُوا@ يَتَّقُونَ
10,74,12,10:74:12,لِيُؤْمِنُوا@,liyu&ominuwA@,bi,بِمَا,bimaA,maA,,bi|P|PREFIX|bi+,فَجَا^ءُوهُم بِٱلْبَيِّنَٰتِ فَمَا كَانُوا@ لِيُؤْمِنُوا@ بِمَا كَذَّبُوا@ بِهِ. مِن
10,83,2,10:83:2,ءَامَنَ,'aAmana,li,لِمُوسَىٰ^,limuwsaY`^,muwsaY`,,li|P|PREFIX|l:P+,فَمَا^ ءَامَنَ لِمُوسَىٰ^ إِلَّا ذُرِّيَّةٌ مِّن
10,84,6,10:84:6,ءَامَنتُم,'aAmantum,bi,بِٱللَّهِ,bi{ll~ahi,{ll~ah,Alh,bi|P|PREFIX|bi+,مُوسَىٰ يَٰقَوْمِ إِن كُنتُمْ ءَامَنتُم بِٱللَّهِ فَعَلَيْهِ تَوَكَّلُو^ا@ إِن
10,88,25,10:88:25,يُؤْمِنُوا@,yu&ominuwA@,other_prep:HtY,حَتَّىٰ,Hat~aY`,Hat~aY`,,Hat~aY`|P|STEM|POS:P|LEM:Hat~aY`,وَٱشْدُدْ عَلَىٰ قُلُوبِهِمْ فَلَا يُؤْمِنُوا@ حَتَّىٰ يَرَوُا@ ٱلْعَذَابَ ٱلْأَلِيمَ
10,90,15,10:90:15,ءَامَنتُ,'aAmantu,an_clause,"أَنَّهُ,",">an~ahu,",>an~,,,"إِذَا^ أَدْرَكَهُ ٱلْغَرَقُ قَالَ ءَامَنتُ أَنَّهُ, لَا^ إِلَٰهَ إِلَّا"
10,90,21,10:90:21,ءَامَنَتْ,'aAmanato,bi,بِهِ.,bihi.,,,bi|P|PREFIX|bi+,"لَا^ إِلَٰهَ إِلَّا ٱلَّذِى^ ءَامَنَتْ بِهِ. بَنُو^ا@ إِسْرَٰ^ءِيلَ وَأَنَا"""
10,96,8,10:96:8,يُؤْمِنُونَ,yu&ominuwna,verse_final_or_no_next,,,,,,عَلَيْهِمْ كَلِمَتُ رَبِّكَ لَا يُؤْمِنُونَ
10,98,4,10:98:4,ءَامَنَتْ,'aAmanato,bare_or_other,فَنَفَعَهَا^,fanafaEahaA^,nafaEa,nfE,,فَلَوْلَا كَانَتْ قَرْيَةٌ ءَامَنَتْ فَنَفَعَهَا^ إِيمَٰنُهَا^ إِلَّا قَوْمَ
10,98,11,10:98:11,ءَامَنُوا@,'aAmanuwA@,bare_or_other,كَشَفْنَا,ka$afonaA,ka$afa,k$f,,إِلَّا قَوْمَ يُونُسَ لَمَّا^ ءَامَنُوا@ كَشَفْنَا عَنْهُمْ عَذَابَ ٱلْخِزْىِ
10,99,4,10:99:4,لَءَامَنَ,la'aAmana,bare_or_other,مَن,man,man,,,وَلَوْ شَا^ءَ رَبُّكَ لَءَامَنَ مَن فِى ٱلْأَرْضِ كُلُّهُمْ
10,100,5,10:100:5,تُؤْمِنَ,tu&omina,bare_or_other,إِلَّا,<il~aA,<il~aA,,,وَمَا كَانَ لِنَفْسٍ أَن تُؤْمِنَ إِلَّا بِإِذْنِ ٱللَّهِ وَيَجْعَلُ
10,101,14,10:101:14,يُؤْمِنُونَ,yu&ominuwna,verse_final_or_no_next,,,,,,وَٱلنُّذُرُ عَن قَوْمٍ لَّا يُؤْمِنُونَ
10,103,5,10:103:5,ءَامَنُوا@,'aAmanuwA@,other_prep:k,كَذَٰلِكَ,ka*a`lika,*a`lik,,ka|P|PREFIX|ka+,ثُمَّ نُنَجِّى رُسُلَنَا وَٱلَّذِينَ ءَامَنُوا@ كَذَٰلِكَ حَقًّا عَلَيْنَا نُنجِ
11,17,17,11:17:17,يُؤْمِنُونَ,yu&ominuwna,bi,بِهِ.,bihi.,,,bi|P|PREFIX|bi+,مُوسَىٰ^ إِمَامًا وَرَحْمَةً أُو@لَٰ^ئِكَ يُؤْمِنُونَ بِهِ. وَمَن يَكْفُرْ بِهِ.
11,17,39,11:17:39,يُؤْمِنُونَ,yu&ominuwna,verse_final_or_no_next,,,,,,وَلَٰكِنَّ أَكْثَرَ ٱلنَّاسِ لَا يُؤْمِنُونَ
11,23,3,11:23:3,ءَامَنُوا@,'aAmanuwA@,bare_or_other,وَعَمِلُوا@,waEamiluwA@,Eamila,Eml,,إِنَّ ٱلَّذِينَ ءَامَنُوا@ وَعَمِلُوا@ ٱلصَّٰلِحَٰتِ وَأَخْبَتُو^ا@ إِلَىٰ
11,29,15,11:29:15,ءَامَنُو^ا@,'aAmanuw^A@,an_clause,إِنَّهُم,<in~ahum,<in~,,,"وَمَا^ أَنَا"" بِطَارِدِ ٱلَّذِينَ ءَامَنُو^ا@ إِنَّهُم مُّلَٰقُوا@ رَبِّهِمْ وَلَٰكِنِّى^"
11,36,6,11:36:6,يُؤْمِنَ,yu&omina,other_prep:mn,مِن,min,min,,min|P|STEM|POS:P|LEM:min,"إِلَىٰ نُوحٍ أَنَّهُ, لَن يُؤْمِنَ مِن قَوْمِكَ إِلَّا مَن"
11,36,12,11:36:12,ءَامَنَ,'aAmana,bare_or_other,فَلَا,falaA,laA,,,قَوْمِكَ إِلَّا مَن قَدْ ءَامَنَ فَلَا تَبْتَئِسْ بِمَا كَانُوا@
11,40,21,11:40:21,ءَامَنَ,'aAmana,bare_or_other,وَمَا^,wamaA^,maA,,,"سَبَقَ عَلَيْهِ ٱلْقَوْلُ وَمَنْ ءَامَنَ وَمَا^ ءَامَنَ مَعَهُ,^ إِلَّا"
11,40,23,11:40:23,ءَامَنَ,'aAmana,bare_or_other,"مَعَهُ,^","maEahu,^",maE,,,"ٱلْقَوْلُ وَمَنْ ءَامَنَ وَمَا^ ءَامَنَ مَعَهُ,^ إِلَّا قَلِيلٌ"
11,58,7,11:58:7,ءَامَنُوا@,'aAmanuwA@,bare_or_other,"مَعَهُ,","maEahu,",maE,,,"أَمْرُنَا نَجَّيْنَا هُودًا وَٱلَّذِينَ ءَامَنُوا@ مَعَهُ, بِرَحْمَةٍ مِّنَّا وَنَجَّيْنَٰهُم"
11,66,7,11:66:7,ءَامَنُوا@,'aAmanuwA@,bare_or_other,"مَعَهُ,","maEahu,",maE,,,"أَمْرُنَا نَجَّيْنَا صَٰلِحًا وَٱلَّذِينَ ءَامَنُوا@ مَعَهُ, بِرَحْمَةٍ مِّنَّا وَمِنْ"
11,94,7,11:94:7,ءَامَنُوا@,'aAmanuwA@,bare_or_other,"مَعَهُ,","maEahu,",maE,,,"أَمْرُنَا نَجَّيْنَا شُعَيْبًا وَٱلَّذِينَ ءَامَنُوا@ مَعَهُ, بِرَحْمَةٍ مِّنَّا وَأَخَذَتِ"
11,121,4,11:121:4,يُؤْمِنُونَ,yu&ominuwna,bare_or_other,ٱعْمَلُوا@,{EomaluwA@,Eamila,Eml,,وَقُل لِّلَّذِينَ لَا يُؤْمِنُونَ ٱعْمَلُوا@ عَلَىٰ مَكَانَتِكُمْ إِنَّا
12,37,21,12:37:21,يُؤْمِنُونَ,yu&ominuwna,bi,بِٱللَّهِ,bi{ll~ahi,{ll~ah,Alh,bi|P|PREFIX|bi+,تَرَكْتُ مِلَّةَ قَوْمٍ لَّا يُؤْمِنُونَ بِٱللَّهِ وَهُم بِٱلْءَاخِرَةِ هُمْ
12,57,5,12:57:5,ءَامَنُوا@,'aAmanuwA@,bare_or_other,وَكَانُوا@,wakaAnuwA@,kaAna,kwn,,وَلَأَجْرُ ٱلْءَاخِرَةِ خَيْرٌ لِّلَّذِينَ ءَامَنُوا@ وَكَانُوا@ يَتَّقُونَ
12,106,2,12:106:2,يُؤْمِنُ,yu&ominu,bare_or_other,أَكْثَرُهُم,>akovaruhum,>akovar,kvr,,وَمَا يُؤْمِنُ أَكْثَرُهُم بِٱللَّهِ إِلَّا وَهُم
12,111,23,12:111:23,يُؤْمِنُونَ,yu&ominuwna,verse_final_or_no_next,,,,,,شَىْءٍ وَهُدًى وَرَحْمَةً لِّقَوْمٍ يُؤْمِنُونَ
13,1,15,13:1:15,يُؤْمِنُونَ,yu&ominuwna,verse_final_or_no_next,,,,,,وَلَٰكِنَّ أَكْثَرَ ٱلنَّاسِ لَا يُؤْمِنُونَ
13,28,2,13:28:2,ءَامَنُوا@,'aAmanuwA@,bare_or_other,وَتَطْمَئِنُّ,wataToma}in~u,{Toma>an~a,Tmn,,ٱلَّذِينَ ءَامَنُوا@ وَتَطْمَئِنُّ قُلُوبُهُم بِذِكْرِ ٱللَّهِ
13,29,2,13:29:2,ءَامَنُوا@,'aAmanuwA@,bare_or_other,وَعَمِلُوا@,waEamiluwA@,Eamila,Eml,,ٱلَّذِينَ ءَامَنُوا@ وَعَمِلُوا@ ٱلصَّٰلِحَٰتِ طُوبَىٰ لَهُمْ
13,31,22,13:31:22,ءَامَنُو^ا@,'aAmanuw^A@,an_clause,أَن,>an,>an,,,جَمِيعًا أَفَلَمْ يَا@يْـ#َسِ ٱلَّذِينَ ءَامَنُو^ا@ أَن لَّوْ يَشَا^ءُ ٱللَّهُ
14,23,3,14:23:3,ءَامَنُوا@,'aAmanuwA@,bare_or_other,وَعَمِلُوا@,waEamiluwA@,Eamila,Eml,,وَأُدْخِلَ ٱلَّذِينَ ءَامَنُوا@ وَعَمِلُوا@ ٱلصَّٰلِحَٰتِ جَنَّٰتٍ تَجْرِى
14,27,4,14:27:4,ءَامَنُوا@,'aAmanuwA@,bi,بِٱلْقَوْلِ,bi{loqawoli,qawol,qwl,bi|P|PREFIX|bi+,يُثَبِّتُ ٱللَّهُ ٱلَّذِينَ ءَامَنُوا@ بِٱلْقَوْلِ ٱلثَّابِتِ فِى ٱلْحَيَوٰةِ
14,31,4,14:31:4,ءَامَنُوا@,'aAmanuwA@,bare_or_other,يُقِيمُوا@,yuqiymuwA@,>aqaAma,qwm,,قُل لِّعِبَادِىَ ٱلَّذِينَ ءَامَنُوا@ يُقِيمُوا@ ٱلصَّلَوٰةَ وَيُنفِقُوا@ مِمَّا
15,13,2,15:13:2,يُؤْمِنُونَ,yu&ominuwna,bi,بِهِ.,bihi.,,,bi|P|PREFIX|bi+,لَا يُؤْمِنُونَ بِهِ. وَقَدْ خَلَتْ سُنَّةُ
16,22,6,16:22:6,يُؤْمِنُونَ,yu&ominuwna,bi,بِٱلْءَاخِرَةِ,bi{lo'aAxirapi,A^xir,Axr,bi|P|PREFIX|bi+,إِلَٰهٌ وَٰحِدٌ فَٱلَّذِينَ لَا يُؤْمِنُونَ بِٱلْءَاخِرَةِ قُلُوبُهُم مُّنكِرَةٌ وَهُم
16,60,3,16:60:3,يُؤْمِنُونَ,yu&ominuwna,bi,بِٱلْءَاخِرَةِ,bi{lo'aAxirapi,A^xir,Axr,bi|P|PREFIX|bi+,لِلَّذِينَ لَا يُؤْمِنُونَ بِٱلْءَاخِرَةِ مَثَلُ ٱلسَّوْءِ وَلِلَّهِ
16,64,14,16:64:14,يُؤْمِنُونَ,yu&ominuwna,verse_final_or_no_next,,,,,,فِيهِ وَهُدًى وَرَحْمَةً لِّقَوْمٍ يُؤْمِنُونَ
16,72,17,16:72:17,يُؤْمِنُونَ,yu&ominuwna,bi,وَبِنِعْمَتِ,wabiniEomati,niEomap,nEm,bi|P|PREFIX|bi+,وَرَزَقَكُم مِّنَ ٱلطَّيِّبَٰتِ أَفَبِٱلْبَٰطِلِ يُؤْمِنُونَ وَبِنِعْمَتِ ٱللَّهِ هُمْ يَكْفُرُونَ
16,79,18,16:79:18,يُؤْمِنُونَ,yu&ominuwna,verse_final_or_no_next,,,,,,فِى ذَٰلِكَ لَءَايَٰتٍ لِّقَوْمٍ يُؤْمِنُونَ
16,99,7,16:99:7,ءَامَنُوا@,'aAmanuwA@,other_prep:ElY,وَعَلَىٰ,waEalaY`,EalaY`,,EalaY`|P|STEM|POS:P|LEM:EalaY`,"لَهُ, سُلْطَٰنٌ عَلَى ٱلَّذِينَ ءَامَنُوا@ وَعَلَىٰ رَبِّهِمْ يَتَوَكَّلُونَ"
16,102,10,16:102:10,ءَامَنُوا@,'aAmanuwA@,bare_or_other,وَهُدًى,wahudFY,hudFY,hdy,,رَّبِّكَ بِٱلْحَقِّ لِيُثَبِّتَ ٱلَّذِينَ ءَامَنُوا@ وَهُدًى وَبُشْرَىٰ لِلْمُسْلِمِينَ
16,104,4,16:104:4,يُؤْمِنُونَ,yu&ominuwna,bi,بِـ#َايَٰتِ,bi_#aAya`ti,'aAyap,Ayy,bi|P|PREFIX|bi+,إِنَّ ٱلَّذِينَ لَا يُؤْمِنُونَ بِـ#َايَٰتِ ٱللَّهِ لَا يَهْدِيهِمُ
16,105,6,16:105:6,يُؤْمِنُونَ,yu&ominuwna,bi,بِـ#َايَٰتِ,bi_#aAya`ti,'aAyap,Ayy,bi|P|PREFIX|bi+,يَفْتَرِى ٱلْكَذِبَ ٱلَّذِينَ لَا يُؤْمِنُونَ بِـ#َايَٰتِ ٱللَّهِ وَأُو@لَٰ^ئِكَ هُمُ
17,10,4,17:10:4,يُؤْمِنُونَ,yu&ominuwna,bi,بِٱلْءَاخِرَةِ,bi{lo'aAxirapi,A^xir,Axr,bi|P|PREFIX|bi+,وَأَنَّ ٱلَّذِينَ لَا يُؤْمِنُونَ بِٱلْءَاخِرَةِ أَعْتَدْنَا لَهُمْ عَذَابًا
17,45,9,17:45:9,يُؤْمِنُونَ,yu&ominuwna,bi,بِٱلْءَاخِرَةِ,bi{lo'aAxirapi,A^xir,Axr,bi|P|PREFIX|bi+,بَيْنَكَ وَبَيْنَ ٱلَّذِينَ لَا يُؤْمِنُونَ بِٱلْءَاخِرَةِ حِجَابًا مَّسْتُورًا
17,90,3,17:90:3,نُّؤْمِنَ,n~u&omina,li,لَكَ,laka,,,la|P|PREFIX|l:P+,وَقَالُوا@ لَن نُّؤْمِنَ لَكَ حَتَّىٰ تَفْجُرَ لَنَا
17,93,12,17:93:12,نُّؤْمِنَ,n~u&omina,li,لِرُقِيِّكَ,liruqiy~ika,ruqiy~,rqy,li|P|PREFIX|l:P+,تَرْقَىٰ فِى ٱلسَّمَا^ءِ وَلَن نُّؤْمِنَ لِرُقِيِّكَ حَتَّىٰ تُنَزِّلَ عَلَيْنَا
17,94,5,17:94:5,يُؤْمِنُو^ا@,yu&ominuw^A@,bare_or_other,إِذْ,<i*o,<i*,,,وَمَا مَنَعَ ٱلنَّاسَ أَن يُؤْمِنُو^ا@ إِذْ جَا^ءَهُمُ ٱلْهُدَىٰ^ إِلَّا^
17,107,2,17:107:2,ءَامِنُوا@,'aAminuwA@,bi,بِهِ.^,bihi.^,,,bi|P|PREFIX|bi+,قُلْ ءَامِنُوا@ بِهِ.^ أَوْ لَا تُؤْمِنُو^ا@
17,107,6,17:107:6,تُؤْمِنُو^ا@,tu&ominuw^A@,an_clause,إِنَّ,<in~a,<in~,,,ءَامِنُوا@ بِهِ.^ أَوْ لَا تُؤْمِنُو^ا@ إِنَّ ٱلَّذِينَ أُوتُوا@ ٱلْعِلْمَ
18,6,8,18:6:8,يُؤْمِنُوا@,yu&ominuwA@,bi,بِهَٰذَا,biha`*aA,ha`*aA,,bi|P|PREFIX|bi+,عَلَىٰ^ ءَاثَٰرِهِمْ إِن لَّمْ يُؤْمِنُوا@ بِهَٰذَا ٱلْحَدِيثِ أَسَفًا
18,13,8,18:13:8,ءَامَنُوا@,'aAmanuwA@,bi,بِرَبِّهِمْ,birab~ihimo,rab~,rbb,bi|P|PREFIX|bi+,نَبَأَهُم بِٱلْحَقِّ إِنَّهُمْ فِتْيَةٌ ءَامَنُوا@ بِرَبِّهِمْ وَزِدْنَٰهُمْ هُدًى
18,29,7,18:29:7,فَلْيُؤْمِن,faloyu&omin,bare_or_other,وَمَن,waman,man,,,مِن رَّبِّكُمْ فَمَن شَا^ءَ فَلْيُؤْمِن وَمَن شَا^ءَ فَلْيَكْفُرْ إِنَّا^
18,30,3,18:30:3,ءَامَنُوا@,'aAmanuwA@,bare_or_other,وَعَمِلُوا@,waEamiluwA@,Eamila,Eml,,إِنَّ ٱلَّذِينَ ءَامَنُوا@ وَعَمِلُوا@ ٱلصَّٰلِحَٰتِ إِنَّا لَا
18,55,5,18:55:5,يُؤْمِنُو^ا@,yu&ominuw^A@,bare_or_other,إِذْ,<i*o,<i*,,,وَمَا مَنَعَ ٱلنَّاسَ أَن يُؤْمِنُو^ا@ إِذْ جَا^ءَهُمُ ٱلْهُدَىٰ وَيَسْتَغْفِرُوا@
18,88,3,18:88:3,ءَامَنَ,'aAmana,bare_or_other,وَعَمِلَ,waEamila,Eamila,Eml,,"وَأَمَّا مَنْ ءَامَنَ وَعَمِلَ صَٰلِحًا فَلَهُ, جَزَا^ءً"
18,107,3,18:107:3,ءَامَنُوا@,'aAmanuwA@,bare_or_other,وَعَمِلُوا@,waEamiluwA@,Eamila,Eml,,إِنَّ ٱلَّذِينَ ءَامَنُوا@ وَعَمِلُوا@ ٱلصَّٰلِحَٰتِ كَانَتْ لَهُمْ
19,39,12,19:39:12,يُؤْمِنُونَ,yu&ominuwna,verse_final_or_no_next,,,,,,فِى غَفْلَةٍ وَهُمْ لَا يُؤْمِنُونَ
19,60,4,19:60:4,وَءَامَنَ,wa'aAmana,bare_or_other,وَعَمِلَ,waEamila,Eamila,Eml,,إِلَّا مَن تَابَ وَءَامَنَ وَعَمِلَ صَٰلِحًا فَأُو@لَٰ^ئِكَ يَدْخُلُونَ
19,73,10,19:73:10,ءَامَنُو^ا@,'aAmanuw^A@,bare_or_other,أَىُّ,>aY~u,>aY~,,,قَالَ ٱلَّذِينَ كَفَرُوا@ لِلَّذِينَ ءَامَنُو^ا@ أَىُّ ٱلْفَرِيقَيْنِ خَيْرٌ مَّقَامًا
19,96,3,19:96:3,ءَامَنُوا@,'aAmanuwA@,bare_or_other,وَعَمِلُوا@,waEamiluwA@,Eamila,Eml,,إِنَّ ٱلَّذِينَ ءَامَنُوا@ وَعَمِلُوا@ ٱلصَّٰلِحَٰتِ سَيَجْعَلُ لَهُمُ
20,16,6,20:16:6,يُؤْمِنُ,yu&ominu,bi,بِهَا,bihaA,,,bi|P|PREFIX|bi+,يَصُدَّنَّكَ عَنْهَا مَن لَّا يُؤْمِنُ بِهَا وَٱتَّبَعَ هَوَىٰهُ فَتَرْدَىٰ
20,70,5,20:70:5,ءَامَنَّا,'aAman~aA,bi,بِرَبِّ,birab~i,rab~,rbb,bi|P|PREFIX|bi+,فَأُلْقِىَ ٱلسَّحَرَةُ سُجَّدًا قَالُو^ا@ ءَامَنَّا بِرَبِّ هَٰرُونَ وَمُوسَىٰ
20,71,2,20:71:2,ءَامَنتُمْ,'aAmantumo,li,"لَهُ,","lahu,",,,la|P|PREFIX|l:P+,"قَالَ ءَامَنتُمْ لَهُ, قَبْلَ أَنْ ءَاذَنَ"
20,73,2,20:73:2,ءَامَنَّا,'aAman~aA,bi,بِرَبِّنَا,birab~inaA,rab~,rbb,bi|P|PREFIX|bi+,إِنَّا^ ءَامَنَّا بِرَبِّنَا لِيَغْفِرَ لَنَا خَطَٰيَٰنَا
20,82,5,20:82:5,وَءَامَنَ,wa'aAmana,bare_or_other,وَعَمِلَ,waEamila,Eamila,Eml,,وَإِنِّى لَغَفَّارٌ لِّمَن تَابَ وَءَامَنَ وَعَمِلَ صَٰلِحًا ثُمَّ ٱهْتَدَىٰ
20,127,6,20:127:6,يُؤْمِن[,yu&omin[,bi,بِـ#َايَٰتِ,bi_#aAya`ti,'aAyap,Ayy,bi|P|PREFIX|bi+,نَجْزِى مَنْ أَسْرَفَ وَلَمْ يُؤْمِن[ بِـ#َايَٰتِ رَبِّهِ. وَلَعَذَابُ ٱلْءَاخِرَةِ
21,6,2,21:6:2,ءَامَنَتْ,'aAmanato,bare_or_other,قَبْلَهُم,qabolahum,qabol,qbl,,مَا^ ءَامَنَتْ قَبْلَهُم مِّن قَرْيَةٍ أَهْلَكْنَٰهَا^
21,6,8,21:6:8,يُؤْمِنُونَ,yu&ominuwna,verse_final_or_no_next,,,,,,مِّن قَرْيَةٍ أَهْلَكْنَٰهَا^ أَفَهُمْ يُؤْمِنُونَ
21,30,18,21:30:18,يُؤْمِنُونَ,yu&ominuwna,verse_final_or_no_next,,,,,,كُلَّ شَىْءٍ حَىٍّ أَفَلَا يُؤْمِنُونَ
22,14,5,22:14:5,ءَامَنُوا@,'aAmanuwA@,bare_or_other,وَعَمِلُوا@,waEamiluwA@,Eamila,Eml,,إِنَّ ٱللَّهَ يُدْخِلُ ٱلَّذِينَ ءَامَنُوا@ وَعَمِلُوا@ ٱلصَّٰلِحَٰتِ جَنَّٰتٍ تَجْرِى
22,17,3,22:17:3,ءَامَنُوا@,'aAmanuwA@,bare_or_other,وَٱلَّذِينَ,wa{l~a*iyna,{l~a*iY,,,إِنَّ ٱلَّذِينَ ءَامَنُوا@ وَٱلَّذِينَ هَادُوا@ وَٱلصَّٰبِـ#ِينَ وَٱلنَّصَٰرَىٰ
22,23,5,22:23:5,ءَامَنُوا@,'aAmanuwA@,bare_or_other,وَعَمِلُوا@,waEamiluwA@,Eamila,Eml,,إِنَّ ٱللَّهَ يُدْخِلُ ٱلَّذِينَ ءَامَنُوا@ وَعَمِلُوا@ ٱلصَّٰلِحَٰتِ جَنَّٰتٍ تَجْرِى
22,38,6,22:38:6,ءَامَنُو^ا@,'aAmanuw^A@,an_clause,إِنَّ,<in~a,<in~,,,ٱللَّهَ يُدَٰفِعُ عَنِ ٱلَّذِينَ ءَامَنُو^ا@ إِنَّ ٱللَّهَ لَا يُحِبُّ
22,50,2,22:50:2,ءَامَنُوا@,'aAmanuwA@,bare_or_other,وَعَمِلُوا@,waEamiluwA@,Eamila,Eml,,فَٱلَّذِينَ ءَامَنُوا@ وَعَمِلُوا@ ٱلصَّٰلِحَٰتِ لَهُم مَّغْفِرَةٌ
22,54,9,22:54:9,فَيُؤْمِنُوا@,fayu&ominuwA@,bi,بِهِ.,bihi.,,,bi|P|PREFIX|bi+,"أَنَّهُ ٱلْحَقُّ مِن رَّبِّكَ فَيُؤْمِنُوا@ بِهِ. فَتُخْبِتَ لَهُ, قُلُوبُهُمْ"
22,54,18,22:54:18,ءَامَنُو^ا@,'aAmanuw^A@,other_prep:<lY,إِلَىٰ,<ilaY`,<ilaY`,,<ilaY`|P|STEM|POS:P|LEM:<ilaY`,وَإِنَّ ٱللَّهَ لَهَادِ ٱلَّذِينَ ءَامَنُو^ا@ إِلَىٰ صِرَٰطٍ مُّسْتَقِيمٍ
22,56,7,22:56:7,ءَامَنُوا@,'aAmanuwA@,bare_or_other,وَعَمِلُوا@,waEamiluwA@,Eamila,Eml,,لِّلَّهِ يَحْكُمُ بَيْنَهُمْ فَٱلَّذِينَ ءَامَنُوا@ وَعَمِلُوا@ ٱلصَّٰلِحَٰتِ فِى جَنَّٰتِ
22,77,3,22:77:3,ءَامَنُوا@,'aAmanuwA@,bare_or_other,ٱرْكَعُوا@,{rokaEuwA@,yarokaEu,rkE,,يَٰ^أَيُّهَا ٱلَّذِينَ ءَامَنُوا@ ٱرْكَعُوا@ وَٱسْجُدُوا@ وَٱعْبُدُوا@ رَبَّكُمْ
23,44,19,23:44:19,يُؤْمِنُونَ,yu&ominuwna,verse_final_or_no_next,,,,,,أَحَادِيثَ فَبُعْدًا لِّقَوْمٍ لَّا يُؤْمِنُونَ
23,47,2,23:47:2,أَنُؤْمِنُ,>anu&ominu,li,لِبَشَرَيْنِ,liba$arayoni,ba$ar,b$r,li|P|PREFIX|l:P+,فَقَالُو^ا@ أَنُؤْمِنُ لِبَشَرَيْنِ مِثْلِنَا وَقَوْمُهُمَا لَنَا
23,58,5,23:58:5,يُؤْمِنُونَ,yu&ominuwna,verse_final_or_no_next,,,,,,وَٱلَّذِينَ هُم بِـ#َايَٰتِ رَبِّهِمْ يُؤْمِنُونَ
23,74,4,23:74:4,يُؤْمِنُونَ,yu&ominuwna,bi,بِٱلْءَاخِرَةِ,bi{lo'aAxirapi,A^xir,Axr,bi|P|PREFIX|bi+,وَإِنَّ ٱلَّذِينَ لَا يُؤْمِنُونَ بِٱلْءَاخِرَةِ عَنِ ٱلصِّرَٰطِ لَنَٰكِبُونَ
23,109,8,23:109:8,ءَامَنَّا,'aAman~aA,bare_or_other,فَٱغْفِرْ,fa{gofiro,gafara,gfr,,مِّنْ عِبَادِى يَقُولُونَ رَبَّنَا^ ءَامَنَّا فَٱغْفِرْ لَنَا وَٱرْحَمْنَا وَأَنتَ
24,2,18,24:2:18,تُؤْمِنُونَ,tu&ominuwna,bi,بِٱللَّهِ,bi{ll~ahi,{ll~ah,Alh,bi|P|PREFIX|bi+,دِينِ ٱللَّهِ إِن كُنتُمْ تُؤْمِنُونَ بِٱللَّهِ وَٱلْيَوْمِ ٱلْءَاخِرِ وَلْيَشْهَدْ
24,19,9,24:19:9,ءَامَنُوا@,'aAmanuwA@,li,لَهُمْ,lahumo,,,la|P|PREFIX|l:P+,تَشِيعَ ٱلْفَٰحِشَةُ فِى ٱلَّذِينَ ءَامَنُوا@ لَهُمْ عَذَابٌ أَلِيمٌ فِى
24,21,3,24:21:3,ءَامَنُوا@,'aAmanuwA@,other_prep:lA,لَا,laA,laA,,laA|PRO|STEM|POS:PRO|LEM:laA,يَٰ^أَيُّهَا ٱلَّذِينَ ءَامَنُوا@ لَا تَتَّبِعُوا@ خُطُوَٰتِ ٱلشَّيْطَٰنِ
24,27,3,24:27:3,ءَامَنُوا@,'aAmanuwA@,other_prep:lA,لَا,laA,laA,,laA|PRO|STEM|POS:PRO|LEM:laA,يَٰ^أَيُّهَا ٱلَّذِينَ ءَامَنُوا@ لَا تَدْخُلُوا@ بُيُوتًا غَيْرَ
24,47,2,24:47:2,ءَامَنَّا,'aAman~aA,bi,بِٱللَّهِ,bi{ll~ahi,{ll~ah,Alh,bi|P|PREFIX|bi+,وَيَقُولُونَ ءَامَنَّا بِٱللَّهِ وَبِٱلرَّسُولِ وَأَطَعْنَا ثُمَّ
24,55,4,24:55:4,ءَامَنُوا@,'aAmanuwA@,other_prep:mn,مِنكُمْ,minkumo,min,,min|P|STEM|POS:P|LEM:min,وَعَدَ ٱللَّهُ ٱلَّذِينَ ءَامَنُوا@ مِنكُمْ وَعَمِلُوا@ ٱلصَّٰلِحَٰتِ لَيَسْتَخْلِفَنَّهُمْ
24,58,3,24:58:3,ءَامَنُوا@,'aAmanuwA@,bare_or_other,لِيَسْتَـ#ْذِنكُمُ,liyasota_#o*inkumu,{sota_#o*ana,A*n,,يَٰ^أَيُّهَا ٱلَّذِينَ ءَامَنُوا@ لِيَسْتَـ#ْذِنكُمُ ٱلَّذِينَ مَلَكَتْ أَيْمَٰنُكُمْ
24,62,4,24:62:4,ءَامَنُوا@,'aAmanuwA@,bi,بِٱللَّهِ,bi{ll~ahi,{ll~ah,Alh,bi|P|PREFIX|bi+,إِنَّمَا ٱلْمُؤْمِنُونَ ٱلَّذِينَ ءَامَنُوا@ بِٱللَّهِ وَرَسُولِهِ. وَإِذَا كَانُوا@
24,62,22,24:62:22,يُؤْمِنُونَ,yu&ominuwna,bi,بِٱللَّهِ,bi{ll~ahi,{ll~ah,Alh,bi|P|PREFIX|bi+,ٱلَّذِينَ يَسْتَـ#ْذِنُونَكَ أُو@لَٰ^ئِكَ ٱلَّذِينَ يُؤْمِنُونَ بِٱللَّهِ وَرَسُولِهِ. فَإِذَا ٱسْتَـ#ْذَنُوكَ
25,70,4,25:70:4,وَءَامَنَ,wa'aAmana,bare_or_other,وَعَمِلَ,waEamila,Eamila,Eml,,إِلَّا مَن تَابَ وَءَامَنَ وَعَمِلَ عَمَلًا صَٰلِحًا فَأُو@لَٰ^ئِكَ
26,47,2,26:47:2,ءَامَنَّا,'aAman~aA,bi,بِرَبِّ,birab~i,rab~,rbb,bi|P|PREFIX|bi+,قَالُو^ا@ ءَامَنَّا بِرَبِّ ٱلْعَٰلَمِينَ
26,49,2,26:49:2,ءَامَنتُمْ,'aAmantumo,li,"لَهُ,","lahu,",,,la|P|PREFIX|l:P+,"قَالَ ءَامَنتُمْ لَهُ, قَبْلَ أَنْ ءَاذَنَ"
26,111,2,26:111:2,أَنُؤْمِنُ,>anu&ominu,li,لَكَ,laka,,,la|P|PREFIX|l:P+,قَالُو^ا@ أَنُؤْمِنُ لَكَ وَٱتَّبَعَكَ ٱلْأَرْذَلُونَ
26,201,2,26:201:2,يُؤْمِنُونَ,yu&ominuwna,bi,بِهِ.,bihi.,,,bi|P|PREFIX|bi+,لَا يُؤْمِنُونَ بِهِ. حَتَّىٰ يَرَوُا@ ٱلْعَذَابَ
26,227,3,26:227:3,ءَامَنُوا@,'aAmanuwA@,bare_or_other,وَعَمِلُوا@,waEamiluwA@,Eamila,Eml,,إِلَّا ٱلَّذِينَ ءَامَنُوا@ وَعَمِلُوا@ ٱلصَّٰلِحَٰتِ وَذَكَرُوا@ ٱللَّهَ
27,4,4,27:4:4,يُؤْمِنُونَ,yu&ominuwna,bi,بِٱلْءَاخِرَةِ,bi{lo'aAxirapi,A^xir,Axr,bi|P|PREFIX|bi+,إِنَّ ٱلَّذِينَ لَا يُؤْمِنُونَ بِٱلْءَاخِرَةِ زَيَّنَّا لَهُمْ أَعْمَٰلَهُمْ
27,53,3,27:53:3,ءَامَنُوا@,'aAmanuwA@,bare_or_other,وَكَانُوا@,wakaAnuwA@,kaAna,kwn,,وَأَنجَيْنَا ٱلَّذِينَ ءَامَنُوا@ وَكَانُوا@ يَتَّقُونَ
27,81,11,27:81:11,يُؤْمِنُ,yu&ominu,bi,بِـ#َايَٰتِنَا,bi_#aAya`tinaA,'aAyap,Ayy,bi|P|PREFIX|bi+,إِن تُسْمِعُ إِلَّا مَن يُؤْمِنُ بِـ#َايَٰتِنَا فَهُم مُّسْلِمُونَ
27,86,15,27:86:15,يُؤْمِنُونَ,yu&ominuwna,verse_final_or_no_next,,,,,,فِى ذَٰلِكَ لَءَايَٰتٍ لِّقَوْمٍ يُؤْمِنُونَ
28,3,9,28:3:9,يُؤْمِنُونَ,yu&ominuwna,verse_final_or_no_next,,,,,,مُوسَىٰ وَفِرْعَوْنَ بِٱلْحَقِّ لِقَوْمٍ يُؤْمِنُونَ
28,52,8,28:52:8,يُؤْمِنُونَ,yu&ominuwna,verse_final_or_no_next,,,,,,مِن قَبْلِهِ. هُم بِهِ. يُؤْمِنُونَ
28,53,5,28:53:5,ءَامَنَّا,'aAman~aA,bi,بِهِ.^,bihi.^,,,bi|P|PREFIX|bi+,وَإِذَا يُتْلَىٰ عَلَيْهِمْ قَالُو^ا@ ءَامَنَّا بِهِ.^ إِنَّهُ ٱلْحَقُّ مِن
28,67,4,28:67:4,وَءَامَنَ,wa'aAmana,bare_or_other,وَعَمِلَ,waEamila,Eamila,Eml,,فَأَمَّا مَن تَابَ وَءَامَنَ وَعَمِلَ صَٰلِحًا فَعَسَىٰ^ أَن
28,80,10,28:80:10,ءَامَنَ,'aAmana,bare_or_other,وَعَمِلَ,waEamila,Eamila,Eml,,ثَوَابُ ٱللَّهِ خَيْرٌ لِّمَنْ ءَامَنَ وَعَمِلَ صَٰلِحًا وَلَا يُلَقَّىٰهَا^
29,2,7,29:2:7,ءَامَنَّا,'aAman~aA,other_prep:hm,وَهُمْ,wahumo,,,humo|PRON|STEM|POS:PRON|3MP,أَن يُتْرَكُو^ا@ أَن يَقُولُو^ا@ ءَامَنَّا وَهُمْ لَا يُفْتَنُونَ
29,7,2,29:7:2,ءَامَنُوا@,'aAmanuwA@,bare_or_other,وَعَمِلُوا@,waEamiluwA@,Eamila,Eml,,وَٱلَّذِينَ ءَامَنُوا@ وَعَمِلُوا@ ٱلصَّٰلِحَٰتِ لَنُكَفِّرَنَّ عَنْهُمْ
29,9,2,29:9:2,ءَامَنُوا@,'aAmanuwA@,bare_or_other,وَعَمِلُوا@,waEamiluwA@,Eamila,Eml,,وَٱلَّذِينَ ءَامَنُوا@ وَعَمِلُوا@ ٱلصَّٰلِحَٰتِ لَنُدْخِلَنَّهُمْ فِى
29,10,5,29:10:5,ءَامَنَّا,'aAman~aA,bi,بِٱللَّهِ,bi{ll~ahi,{ll~ah,Alh,bi|P|PREFIX|bi+,وَمِنَ ٱلنَّاسِ مَن يَقُولُ ءَامَنَّا بِٱللَّهِ فَإِذَا^ أُوذِىَ فِى
29,11,4,29:11:4,ءَامَنُوا@,'aAmanuwA@,bare_or_other,وَلَيَعْلَمَنَّ,walayaEolaman~a,Ealima,Elm,,وَلَيَعْلَمَنَّ ٱللَّهُ ٱلَّذِينَ ءَامَنُوا@ وَلَيَعْلَمَنَّ ٱلْمُنَٰفِقِينَ
29,12,5,29:12:5,ءَامَنُوا@,'aAmanuwA@,bare_or_other,ٱتَّبِعُوا@,{t~abiEuwA@,{t~abaEa,tbE,,وَقَالَ ٱلَّذِينَ كَفَرُوا@ لِلَّذِينَ ءَامَنُوا@ ٱتَّبِعُوا@ سَبِيلَنَا وَلْنَحْمِلْ خَطَٰيَٰكُمْ
29,24,20,29:24:20,يُؤْمِنُونَ,yu&ominuwna,verse_final_or_no_next,,,,,,فِى ذَٰلِكَ لَءَايَٰتٍ لِّقَوْمٍ يُؤْمِنُونَ
29,26,1,29:26:1,فَـ#َامَنَ,fa_#aAmana,li,"لَهُ,","lahu,",,,la|P|PREFIX|l:P+,"فَـ#َامَنَ لَهُ, لُوطٌ وَقَالَ إِنِّى"
29,46,14,29:46:14,ءَامَنَّا,'aAman~aA,bi,بِٱلَّذِى^,bi{l~a*iY^,{l~a*iY,,bi|P|PREFIX|bi+,ٱلَّذِينَ ظَلَمُوا@ مِنْهُمْ وَقُولُو^ا@ ءَامَنَّا بِٱلَّذِى^ أُنزِلَ إِلَيْنَا وَأُنزِلَ
29,47,8,29:47:8,يُؤْمِنُونَ,yu&ominuwna,bi,بِهِ.,bihi.,,,bi|P|PREFIX|bi+,ٱلْكِتَٰبَ فَٱلَّذِينَ ءَاتَيْنَٰهُمُ ٱلْكِتَٰبَ يُؤْمِنُونَ بِهِ. وَمِنْ هَٰ^ؤُلَا^ءِ مَن
29,47,13,29:47:13,يُؤْمِنُ,yu&ominu,bi,بِهِ.,bihi.,,,bi|P|PREFIX|bi+,بِهِ. وَمِنْ هَٰ^ؤُلَا^ءِ مَن يُؤْمِنُ بِهِ. وَمَا يَجْحَدُ بِـ#َايَٰتِنَا^
29,51,15,29:51:15,يُؤْمِنُونَ,yu&ominuwna,verse_final_or_no_next,,,,,,ذَٰلِكَ لَرَحْمَةً وَذِكْرَىٰ لِقَوْمٍ يُؤْمِنُونَ
29,52,13,29:52:13,ءَامَنُوا@,'aAmanuwA@,bi,بِٱلْبَٰطِلِ,bi{loba`Tili,ba`Til,bTl,bi|P|PREFIX|bi+,فِى ٱلسَّمَٰوَٰتِ وَٱلْأَرْضِ وَٱلَّذِينَ ءَامَنُوا@ بِٱلْبَٰطِلِ وَكَفَرُوا@ بِٱللَّهِ أُو@لَٰ^ئِكَ
29,56,3,29:56:3,ءَامَنُو^ا@,'aAmanuw^A@,an_clause,إِنَّ,<in~a,<in~,,,يَٰعِبَادِىَ ٱلَّذِينَ ءَامَنُو^ا@ إِنَّ أَرْضِى وَٰسِعَةٌ فَإِيَّٰىَ
29,58,2,29:58:2,ءَامَنُوا@,'aAmanuwA@,bare_or_other,وَعَمِلُوا@,waEamiluwA@,Eamila,Eml,,وَٱلَّذِينَ ءَامَنُوا@ وَعَمِلُوا@ ٱلصَّٰلِحَٰتِ لَنُبَوِّئَنَّهُم مِّنَ
29,67,12,29:67:12,يُؤْمِنُونَ,yu&ominuwna,bi,وَبِنِعْمَةِ,wabiniEomapi,niEomap,nEm,bi|P|PREFIX|bi+,ٱلنَّاسُ مِنْ حَوْلِهِمْ أَفَبِٱلْبَٰطِلِ يُؤْمِنُونَ وَبِنِعْمَةِ ٱللَّهِ يَكْفُرُونَ
30,15,3,30:15:3,ءَامَنُوا@,'aAmanuwA@,bare_or_other,وَعَمِلُوا@,waEamiluwA@,Eamila,Eml,,فَأَمَّا ٱلَّذِينَ ءَامَنُوا@ وَعَمِلُوا@ ٱلصَّٰلِحَٰتِ فَهُمْ فِى
30,37,15,30:37:15,يُؤْمِنُونَ,yu&ominuwna,verse_final_or_no_next,,,,,,فِى ذَٰلِكَ لَءَايَٰتٍ لِّقَوْمٍ يُؤْمِنُونَ
30,45,3,30:45:3,ءَامَنُوا@,'aAmanuwA@,bare_or_other,وَعَمِلُوا@,waEamiluwA@,Eamila,Eml,,لِيَجْزِىَ ٱلَّذِينَ ءَامَنُوا@ وَعَمِلُوا@ ٱلصَّٰلِحَٰتِ مِن فَضْلِهِ.^
30,53,11,30:53:11,يُؤْمِنُ,yu&ominu,bi,بِـ#َايَٰتِنَا,bi_#aAya`tinaA,'aAyap,Ayy,bi|P|PREFIX|bi+,إِن تُسْمِعُ إِلَّا مَن يُؤْمِنُ بِـ#َايَٰتِنَا فَهُم مُّسْلِمُونَ
31,8,3,31:8:3,ءَامَنُوا@,'aAmanuwA@,bare_or_other,وَعَمِلُوا@,waEamiluwA@,Eamila,Eml,,إِنَّ ٱلَّذِينَ ءَامَنُوا@ وَعَمِلُوا@ ٱلصَّٰلِحَٰتِ لَهُمْ جَنَّٰتُ
32,15,2,32:15:2,يُؤْمِنُ,yu&ominu,bi,بِـ#َايَٰتِنَا,bi_#aAya`tinaA,'aAyap,Ayy,bi|P|PREFIX|bi+,إِنَّمَا يُؤْمِنُ بِـ#َايَٰتِنَا ٱلَّذِينَ إِذَا ذُكِّرُوا@
32,19,3,32:19:3,ءَامَنُوا@,'aAmanuwA@,bare_or_other,وَعَمِلُوا@,waEamiluwA@,Eamila,Eml,,أَمَّا ٱلَّذِينَ ءَامَنُوا@ وَعَمِلُوا@ ٱلصَّٰلِحَٰتِ فَلَهُمْ جَنَّٰتُ
33,9,3,33:9:3,ءَامَنُوا@,'aAmanuwA@,bare_or_other,ٱذْكُرُوا@,{*okuruwA@,*akara,*kr,,يَٰ^أَيُّهَا ٱلَّذِينَ ءَامَنُوا@ ٱذْكُرُوا@ نِعْمَةَ ٱللَّهِ عَلَيْكُمْ
33,19,27,33:19:27,يُؤْمِنُوا@,yu&ominuwA@,bare_or_other,فَأَحْبَطَ,fa>aHobaTa,>aHobaTa,HbT,,عَلَى ٱلْخَيْرِ أُو@لَٰ^ئِكَ لَمْ يُؤْمِنُوا@ فَأَحْبَطَ ٱللَّهُ أَعْمَٰلَهُمْ وَكَانَ
33,41,3,33:41:3,ءَامَنُوا@,'aAmanuwA@,bare_or_other,ٱذْكُرُوا@,{*okuruwA@,*akara,*kr,,يَٰ^أَيُّهَا ٱلَّذِينَ ءَامَنُوا@ ٱذْكُرُوا@ ٱللَّهَ ذِكْرًا كَثِيرًا
33,49,3,33:49:3,ءَامَنُو^ا@,'aAmanuw^A@,bare_or_other,إِذَا,<i*aA,<i*aA,,,يَٰ^أَيُّهَا ٱلَّذِينَ ءَامَنُو^ا@ إِذَا نَكَحْتُمُ ٱلْمُؤْمِنَٰتِ ثُمَّ
33,53,3,33:53:3,ءَامَنُوا@,'aAmanuwA@,other_prep:lA,لَا,laA,laA,,laA|PRO|STEM|POS:PRO|LEM:laA,يَٰ^أَيُّهَا ٱلَّذِينَ ءَامَنُوا@ لَا تَدْخُلُوا@ بُيُوتَ ٱلنَّبِىِّ
33,56,9,33:56:9,ءَامَنُوا@,'aAmanuwA@,bare_or_other,صَلُّوا@,Sal~uwA@,Sal~aY`,Slw,,عَلَى ٱلنَّبِىِّ يَٰ^أَيُّهَا ٱلَّذِينَ ءَامَنُوا@ صَلُّوا@ عَلَيْهِ وَسَلِّمُوا@ تَسْلِيمًا
33,69,3,33:69:3,ءَامَنُوا@,'aAmanuwA@,other_prep:lA,لَا,laA,laA,,laA|PRO|STEM|POS:PRO|LEM:laA,يَٰ^أَيُّهَا ٱلَّذِينَ ءَامَنُوا@ لَا تَكُونُوا@ كَٱلَّذِينَ ءَاذَوْا@
33,70,3,33:70:3,ءَامَنُوا@,'aAmanuwA@,bare_or_other,ٱتَّقُوا@,{t~aquwA@,{t~aqaY`,wqy,,يَٰ^أَيُّهَا ٱلَّذِينَ ءَامَنُوا@ ٱتَّقُوا@ ٱللَّهَ وَقُولُوا@ قَوْلًا
34,4,3,34:4:3,ءَامَنُوا@,'aAmanuwA@,bare_or_other,وَعَمِلُوا@,waEamiluwA@,Eamila,Eml,,لِّيَجْزِىَ ٱلَّذِينَ ءَامَنُوا@ وَعَمِلُوا@ ٱلصَّٰلِحَٰتِ أُو@لَٰ^ئِكَ لَهُم
34,8,11,34:8:11,يُؤْمِنُونَ,yu&ominuwna,bi,بِٱلْءَاخِرَةِ,bi{lo'aAxirapi,A^xir,Axr,bi|P|PREFIX|bi+,جِنَّةٌ[ بَلِ ٱلَّذِينَ لَا يُؤْمِنُونَ بِٱلْءَاخِرَةِ فِى ٱلْعَذَابِ وَٱلضَّلَٰلِ
34,21,10,34:21:10,يُؤْمِنُ,yu&ominu,bi,بِٱلْءَاخِرَةِ,bi{lo'aAxirapi,A^xir,Axr,bi|P|PREFIX|bi+,سُلْطَٰنٍ إِلَّا لِنَعْلَمَ مَن يُؤْمِنُ بِٱلْءَاخِرَةِ مِمَّنْ هُوَ مِنْهَا
34,31,5,34:31:5,نُّؤْمِنَ,n~u&omina,bi,بِهَٰذَا,biha`*aA,ha`*aA,,bi|P|PREFIX|bi+,وَقَالَ ٱلَّذِينَ كَفَرُوا@ لَن نُّؤْمِنَ بِهَٰذَا ٱلْقُرْءَانِ وَلَا بِٱلَّذِى
34,37,11,34:37:11,ءَامَنَ,'aAmana,bare_or_other,وَعَمِلَ,waEamila,Eamila,Eml,,عِندَنَا زُلْفَىٰ^ إِلَّا مَنْ ءَامَنَ وَعَمِلَ صَٰلِحًا فَأُو@لَٰ^ئِكَ لَهُمْ
34,52,2,34:52:2,ءَامَنَّا,'aAman~aA,bi,بِهِ.,bihi.,,,bi|P|PREFIX|bi+,وَقَالُو^ا@ ءَامَنَّا بِهِ. وَأَنَّىٰ لَهُمُ ٱلتَّنَاوُشُ
35,7,7,35:7:7,ءَامَنُوا@,'aAmanuwA@,bare_or_other,وَعَمِلُوا@,waEamiluwA@,Eamila,Eml,,لَهُمْ عَذَابٌ شَدِيدٌ وَٱلَّذِينَ ءَامَنُوا@ وَعَمِلُوا@ ٱلصَّٰلِحَٰتِ لَهُم مَّغْفِرَةٌ
36,7,8,36:7:8,يُؤْمِنُونَ,yu&ominuwna,verse_final_or_no_next,,,,,,عَلَىٰ^ أَكْثَرِهِمْ فَهُمْ لَا يُؤْمِنُونَ
36,10,8,36:10:8,يُؤْمِنُونَ,yu&ominuwna,verse_final_or_no_next,,,,,,أَمْ لَمْ تُنذِرْهُمْ لَا يُؤْمِنُونَ
36,25,2,36:25:2,ءَامَنتُ,'aAmantu,bi,بِرَبِّكُمْ,birab~ikumo,rab~,rbb,bi|P|PREFIX|bi+,إِنِّى^ ءَامَنتُ بِرَبِّكُمْ فَٱسْمَعُونِ
36,47,12,36:47:12,ءَامَنُو^ا@,'aAmanuw^A@,bare_or_other,أَنُطْعِمُ,>anuToEimu,>aToEama,TEm,,قَالَ ٱلَّذِينَ كَفَرُوا@ لِلَّذِينَ ءَامَنُو^ا@ أَنُطْعِمُ مَن لَّوْ يَشَا^ءُ
37,148,1,37:148:1,فَـ#َامَنُوا@,fa_#aAmanuwA@,bare_or_other,فَمَتَّعْنَٰهُمْ,famat~aEona`humo,m~at~aEo,mtE,,فَـ#َامَنُوا@ فَمَتَّعْنَٰهُمْ إِلَىٰ حِينٍ
38,24,18,38:24:18,ءَامَنُوا@,'aAmanuwA@,bare_or_other,وَعَمِلُوا@,waEamiluwA@,Eamila,Eml,,عَلَىٰ بَعْضٍ إِلَّا ٱلَّذِينَ ءَامَنُوا@ وَعَمِلُوا@ ٱلصَّٰلِحَٰتِ وَقَلِيلٌ مَّا
38,28,4,38:28:4,ءَامَنُوا@,'aAmanuwA@,bare_or_other,وَعَمِلُوا@,waEamiluwA@,Eamila,Eml,,أَمْ نَجْعَلُ ٱلَّذِينَ ءَامَنُوا@ وَعَمِلُوا@ ٱلصَّٰلِحَٰتِ كَٱلْمُفْسِدِينَ فِى
39,10,4,39:10:4,ءَامَنُوا@,'aAmanuwA@,bare_or_other,ٱتَّقُوا@,{t~aquwA@,{t~aqaY`,wqy,,قُلْ يَٰعِبَادِ ٱلَّذِينَ ءَامَنُوا@ ٱتَّقُوا@ رَبَّكُمْ لِلَّذِينَ أَحْسَنُوا@
39,45,9,39:45:9,يُؤْمِنُونَ,yu&ominuwna,bi,بِٱلْءَاخِرَةِ,bi{lo'aAxirapi,A^xir,Axr,bi|P|PREFIX|bi+,ٱشْمَأَزَّتْ قُلُوبُ ٱلَّذِينَ لَا يُؤْمِنُونَ بِٱلْءَاخِرَةِ وَإِذَا ذُكِرَ ٱلَّذِينَ
39,52,15,39:52:15,يُؤْمِنُونَ,yu&ominuwna,verse_final_or_no_next,,,,,,فِى ذَٰلِكَ لَءَايَٰتٍ لِّقَوْمٍ يُؤْمِنُونَ
40,7,9,40:7:9,وَيُؤْمِنُونَ,wayu&ominuwna,bi,بِهِ.,bihi.,,,bi|P|PREFIX|bi+,"حَوْلَهُ, يُسَبِّحُونَ بِحَمْدِ رَبِّهِمْ وَيُؤْمِنُونَ بِهِ. وَيَسْتَغْفِرُونَ لِلَّذِينَ ءَامَنُوا@"
40,7,13,40:7:13,ءَامَنُوا@,'aAmanuwA@,bare_or_other,رَبَّنَا,rab~anaA,rab~,rbb,,وَيُؤْمِنُونَ بِهِ. وَيَسْتَغْفِرُونَ لِلَّذِينَ ءَامَنُوا@ رَبَّنَا وَسِعْتَ كُلَّ شَىْءٍ
40,12,11,40:12:11,تُؤْمِنُوا@,tu&ominuwA@,bare_or_other,فَٱلْحُكْمُ,fa{loHukomu,Hukom,Hkm,,كَفَرْتُمْ وَإِن يُشْرَكْ بِهِ. تُؤْمِنُوا@ فَٱلْحُكْمُ لِلَّهِ ٱلْعَلِىِّ ٱلْكَبِيرِ
40,25,10,40:25:10,ءَامَنُوا@,'aAmanuwA@,bare_or_other,"مَعَهُ,","maEahu,",maE,,,"قَالُوا@ ٱقْتُلُو^ا@ أَبْنَا^ءَ ٱلَّذِينَ ءَامَنُوا@ مَعَهُ, وَٱسْتَحْيُوا@ نِسَا^ءَهُمْ وَمَا"
40,27,11,40:27:11,يُؤْمِنُ,yu&ominu,bi,بِيَوْمِ,biyawomi,yawom,ywm,bi|P|PREFIX|bi+,مِّن كُلِّ مُتَكَبِّرٍ لَّا يُؤْمِنُ بِيَوْمِ ٱلْحِسَابِ
40,30,3,40:30:3,ءَامَنَ,'aAmana,bare_or_other,يَٰقَوْمِ,ya`qawomi,qawom,qwm,,وَقَالَ ٱلَّذِى^ ءَامَنَ يَٰقَوْمِ إِنِّى^ أَخَافُ عَلَيْكُم
40,35,15,40:35:15,ءَامَنُوا@,'aAmanuwA@,other_prep:k,كَذَٰلِكَ,ka*a`lika,*a`lik,,ka|P|PREFIX|ka+,عِندَ ٱللَّهِ وَعِندَ ٱلَّذِينَ ءَامَنُوا@ كَذَٰلِكَ يَطْبَعُ ٱللَّهُ عَلَىٰ
40,38,3,40:38:3,ءَامَنَ,'aAmana,bare_or_other,يَٰقَوْمِ,ya`qawomi,qawom,qwm,,وَقَالَ ٱلَّذِى^ ءَامَنَ يَٰقَوْمِ ٱتَّبِعُونِ أَهْدِكُمْ سَبِيلَ
40,51,5,40:51:5,ءَامَنُوا@,'aAmanuwA@,other_prep:fY,فِى,fiY,fiY,,fiY|P|STEM|POS:P|LEM:fiY,إِنَّا لَنَنصُرُ رُسُلَنَا وَٱلَّذِينَ ءَامَنُوا@ فِى ٱلْحَيَوٰةِ ٱلدُّنْيَا وَيَوْمَ
40,58,6,40:58:6,ءَامَنُوا@,'aAmanuwA@,bare_or_other,وَعَمِلُوا@,waEamiluwA@,Eamila,Eml,,يَسْتَوِى ٱلْأَعْمَىٰ وَٱلْبَصِيرُ وَٱلَّذِينَ ءَامَنُوا@ وَعَمِلُوا@ ٱلصَّٰلِحَٰتِ وَلَا ٱلْمُسِى^ءُ
40,59,11,40:59:11,يُؤْمِنُونَ,yu&ominuwna,verse_final_or_no_next,,,,,,وَلَٰكِنَّ أَكْثَرَ ٱلنَّاسِ لَا يُؤْمِنُونَ
40,84,5,40:84:5,ءَامَنَّا,'aAman~aA,bi,بِٱللَّهِ,bi{ll~ahi,{ll~ah,Alh,bi|P|PREFIX|bi+,"فَلَمَّا رَأَوْا@ بَأْسَنَا قَالُو^ا@ ءَامَنَّا بِٱللَّهِ وَحْدَهُ, وَكَفَرْنَا بِمَا"
41,8,3,41:8:3,ءَامَنُوا@,'aAmanuwA@,bare_or_other,وَعَمِلُوا@,waEamiluwA@,Eamila,Eml,,إِنَّ ٱلَّذِينَ ءَامَنُوا@ وَعَمِلُوا@ ٱلصَّٰلِحَٰتِ لَهُمْ أَجْرٌ
41,18,3,41:18:3,ءَامَنُوا@,'aAmanuwA@,bare_or_other,وَكَانُوا@,wakaAnuwA@,kaAna,kwn,,وَنَجَّيْنَا ٱلَّذِينَ ءَامَنُوا@ وَكَانُوا@ يَتَّقُونَ
41,44,14,41:44:14,ءَامَنُوا@,'aAmanuwA@,bare_or_other,هُدًى,hudFY,hudFY,hdy,,وَعَرَبِىٌّ قُلْ هُوَ لِلَّذِينَ ءَامَنُوا@ هُدًى وَشِفَا^ءٌ وَٱلَّذِينَ لَا
41,44,19,41:44:19,يُؤْمِنُونَ,yu&ominuwna,other_prep:fY^,فِى^,fiY^,fiY,,fiY^|P|STEM|POS:P|LEM:fiY,هُدًى وَشِفَا^ءٌ وَٱلَّذِينَ لَا يُؤْمِنُونَ فِى^ ءَاذَانِهِمْ وَقْرٌ وَهُوَ
42,15,10,42:15:10,ءَامَنتُ,'aAmantu,bi,بِمَا^,bimaA^,maA,,bi|P|PREFIX|bi+,وَلَا تَتَّبِعْ أَهْوَا^ءَهُمْ وَقُلْ ءَامَنتُ بِمَا^ أَنزَلَ ٱللَّهُ مِن
42,18,5,42:18:5,يُؤْمِنُونَ,yu&ominuwna,bi,بِهَا,bihaA,,,bi|P|PREFIX|bi+,يَسْتَعْجِلُ بِهَا ٱلَّذِينَ لَا يُؤْمِنُونَ بِهَا وَٱلَّذِينَ ءَامَنُوا@ مُشْفِقُونَ
42,18,8,42:18:8,ءَامَنُوا@,'aAmanuwA@,bare_or_other,مُشْفِقُونَ,mu$ofiquwna,mu$ofiquwn,$fq,,لَا يُؤْمِنُونَ بِهَا وَٱلَّذِينَ ءَامَنُوا@ مُشْفِقُونَ مِنْهَا وَيَعْلَمُونَ أَنَّهَا
42,22,10,42:22:10,ءَامَنُوا@,'aAmanuwA@,bare_or_other,وَعَمِلُوا@,waEamiluwA@,Eamila,Eml,,وَهُوَ وَاقِعٌ[ بِهِمْ وَٱلَّذِينَ ءَامَنُوا@ وَعَمِلُوا@ ٱلصَّٰلِحَٰتِ فِى رَوْضَاتِ
42,23,7,42:23:7,ءَامَنُوا@,'aAmanuwA@,bare_or_other,وَعَمِلُوا@,waEamiluwA@,Eamila,Eml,,يُبَشِّرُ ٱللَّهُ عِبَادَهُ ٱلَّذِينَ ءَامَنُوا@ وَعَمِلُوا@ ٱلصَّٰلِحَٰتِ قُل لَّا^
42,26,3,42:26:3,ءَامَنُوا@,'aAmanuwA@,bare_or_other,وَعَمِلُوا@,waEamiluwA@,Eamila,Eml,,وَيَسْتَجِيبُ ٱلَّذِينَ ءَامَنُوا@ وَعَمِلُوا@ ٱلصَّٰلِحَٰتِ وَيَزِيدُهُم مِّن
42,36,14,42:36:14,ءَامَنُوا@,'aAmanuwA@,other_prep:ElY,وَعَلَىٰ,waEalaY`,EalaY`,,EalaY`|P|STEM|POS:P|LEM:EalaY`,ٱللَّهِ خَيْرٌ وَأَبْقَىٰ لِلَّذِينَ ءَامَنُوا@ وَعَلَىٰ رَبِّهِمْ يَتَوَكَّلُونَ
42,45,13,42:45:13,ءَامَنُو^ا@,'aAmanuw^A@,an_clause,إِنَّ,<in~a,<in~,,,طَرْفٍ خَفِىٍّ وَقَالَ ٱلَّذِينَ ءَامَنُو^ا@ إِنَّ ٱلْخَٰسِرِينَ ٱلَّذِينَ خَسِرُو^ا@
43,69,2,43:69:2,ءَامَنُوا@,'aAmanuwA@,bi,بِـ#َايَٰتِنَا,bi_#aAya`tinaA,'aAyap,Ayy,bi|P|PREFIX|bi+,ٱلَّذِينَ ءَامَنُوا@ بِـ#َايَٰتِنَا وَكَانُوا@ مُسْلِمِينَ
43,88,7,43:88:7,يُؤْمِنُونَ,yu&ominuwna,verse_final_or_no_next,,,,,,إِنَّ هَٰ^ؤُلَا^ءِ قَوْمٌ لَّا يُؤْمِنُونَ
44,21,3,44:21:3,تُؤْمِنُوا@,tu&ominuwA@,li,لِى,liY,,,li|P|PREFIX|l:P+,وَإِن لَّمْ تُؤْمِنُوا@ لِى فَٱعْتَزِلُونِ
45,6,12,45:6:12,يُؤْمِنُونَ,yu&ominuwna,verse_final_or_no_next,,,,,,حَدِيثٍ] بَعْدَ ٱللَّهِ وَءَايَٰتِهِ. يُؤْمِنُونَ
45,14,3,45:14:3,ءَامَنُوا@,'aAmanuwA@,bare_or_other,يَغْفِرُوا@,yagofiruwA@,gafara,gfr,,قُل لِّلَّذِينَ ءَامَنُوا@ يَغْفِرُوا@ لِلَّذِينَ لَا يَرْجُونَ
45,21,9,45:21:9,ءَامَنُوا@,'aAmanuwA@,bare_or_other,وَعَمِلُوا@,waEamiluwA@,Eamila,Eml,,ٱلسَّيِّـ#َاتِ أَن نَّجْعَلَهُمْ كَٱلَّذِينَ ءَامَنُوا@ وَعَمِلُوا@ ٱلصَّٰلِحَٰتِ سَوَا^ءً مَّحْيَاهُمْ
45,30,3,45:30:3,ءَامَنُوا@,'aAmanuwA@,bare_or_other,وَعَمِلُوا@,waEamiluwA@,Eamila,Eml,,فَأَمَّا ٱلَّذِينَ ءَامَنُوا@ وَعَمِلُوا@ ٱلصَّٰلِحَٰتِ فَيُدْخِلُهُمْ رَبُّهُمْ
46,10,17,46:10:17,فَـ#َامَنَ,fa_#aAmana,bare_or_other,وَٱسْتَكْبَرْتُمْ,wa{sotakobarotumo,{sotakobara,kbr,,بَنِى^ إِسْرَٰ^ءِيلَ عَلَىٰ مِثْلِهِ. فَـ#َامَنَ وَٱسْتَكْبَرْتُمْ إِنَّ ٱللَّهَ لَا
46,11,5,46:11:5,ءَامَنُوا@,'aAmanuwA@,bare_or_other,لَوْ,lawo,law,,,وَقَالَ ٱلَّذِينَ كَفَرُوا@ لِلَّذِينَ ءَامَنُوا@ لَوْ كَانَ خَيْرًا مَّا
46,17,18,46:17:18,ءَامِنْ,'aAmino,an_clause,إِنَّ,<in~a,<in~,,,وَهُمَا يَسْتَغِيثَانِ ٱللَّهَ وَيْلَكَ ءَامِنْ إِنَّ وَعْدَ ٱللَّهِ حَقٌّ
46,31,5,46:31:5,وَءَامِنُوا@,wa'aAminuwA@,bi,بِهِ.,bihi.,,,bi|P|PREFIX|bi+,يَٰقَوْمَنَا^ أَجِيبُوا@ دَاعِىَ ٱللَّهِ وَءَامِنُوا@ بِهِ. يَغْفِرْ لَكُم مِّن
47,2,2,47:2:2,ءَامَنُوا@,'aAmanuwA@,bare_or_other,وَعَمِلُوا@,waEamiluwA@,Eamila,Eml,,وَٱلَّذِينَ ءَامَنُوا@ وَعَمِلُوا@ ٱلصَّٰلِحَٰتِ وَءَامَنُوا@ بِمَا
47,2,5,47:2:5,وَءَامَنُوا@,wa'aAmanuwA@,bi,بِمَا,bimaA,maA,,bi|P|PREFIX|bi+,وَٱلَّذِينَ ءَامَنُوا@ وَعَمِلُوا@ ٱلصَّٰلِحَٰتِ وَءَامَنُوا@ بِمَا نُزِّلَ عَلَىٰ مُحَمَّدٍ
47,3,9,47:3:9,ءَامَنُوا@,'aAmanuwA@,bare_or_other,ٱتَّبَعُوا@,{t~abaEuwA@,{t~abaEa,tbE,,ٱتَّبَعُوا@ ٱلْبَٰطِلَ وَأَنَّ ٱلَّذِينَ ءَامَنُوا@ ٱتَّبَعُوا@ ٱلْحَقَّ مِن رَّبِّهِمْ
47,7,3,47:7:3,ءَامَنُو^ا@,'aAmanuw^A@,an_clause,إِن,<in,<in,,,يَٰ^أَيُّهَا ٱلَّذِينَ ءَامَنُو^ا@ إِن تَنصُرُوا@ ٱللَّهَ يَنصُرْكُمْ
47,11,6,47:11:6,ءَامَنُوا@,'aAmanuwA@,an_clause,وَأَنَّ,wa>an~a,>an~,,,بِأَنَّ ٱللَّهَ مَوْلَى ٱلَّذِينَ ءَامَنُوا@ وَأَنَّ ٱلْكَٰفِرِينَ لَا مَوْلَىٰ
47,12,5,47:12:5,ءَامَنُوا@,'aAmanuwA@,bare_or_other,وَعَمِلُوا@,waEamiluwA@,Eamila,Eml,,إِنَّ ٱللَّهَ يُدْخِلُ ٱلَّذِينَ ءَامَنُوا@ وَعَمِلُوا@ ٱلصَّٰلِحَٰتِ جَنَّٰتٍ تَجْرِى
47,20,3,47:20:3,ءَامَنُوا@,'aAmanuwA@,bare_or_other,لَوْلَا,lawolaA,lawolaA^,,,وَيَقُولُ ٱلَّذِينَ ءَامَنُوا@ لَوْلَا نُزِّلَتْ سُورَةٌ فَإِذَا^
47,33,3,47:33:3,ءَامَنُو^ا@,'aAmanuw^A@,bare_or_other,أَطِيعُوا@,>aTiyEuwA@,>aTaAEa,TwE,,يَٰ^أَيُّهَا ٱلَّذِينَ ءَامَنُو^ا@ أَطِيعُوا@ ٱللَّهَ وَأَطِيعُوا@ ٱلرَّسُولَ
47,36,7,47:36:7,تُؤْمِنُوا@,tu&ominuwA@,bare_or_other,وَتَتَّقُوا@,watat~aquwA@,{t~aqaY`,wqy,,ٱلدُّنْيَا لَعِبٌ وَلَهْوٌ وَإِن تُؤْمِنُوا@ وَتَتَّقُوا@ يُؤْتِكُمْ أُجُورَكُمْ وَلَا
48,9,1,48:9:1,لِّتُؤْمِنُوا@,l~itu&ominuwA@,bi,بِٱللَّهِ,bi{ll~ahi,{ll~ah,Alh,bi|P|PREFIX|bi+,لِّتُؤْمِنُوا@ بِٱللَّهِ وَرَسُولِهِ. وَتُعَزِّرُوهُ وَتُوَقِّرُوهُ
48,13,3,48:13:3,يُؤْمِن[,yu&omin[,bi,بِٱللَّهِ,bi{ll~ahi,{ll~ah,Alh,bi|P|PREFIX|bi+,وَمَن لَّمْ يُؤْمِن[ بِٱللَّهِ وَرَسُولِهِ. فَإِنَّا^ أَعْتَدْنَا
48,29,48,48:29:48,ءَامَنُوا@,'aAmanuwA@,bare_or_other,وَعَمِلُوا@,waEamiluwA@,Eamila,Eml,,ٱلْكُفَّارَ وَعَدَ ٱللَّهُ ٱلَّذِينَ ءَامَنُوا@ وَعَمِلُوا@ ٱلصَّٰلِحَٰتِ مِنْهُم مَّغْفِرَةً
49,1,3,49:1:3,ءَامَنُوا@,'aAmanuwA@,other_prep:lA,لَا,laA,laA,,laA|PRO|STEM|POS:PRO|LEM:laA,يَٰ^أَيُّهَا ٱلَّذِينَ ءَامَنُوا@ لَا تُقَدِّمُوا@ بَيْنَ يَدَىِ
49,2,3,49:2:3,ءَامَنُوا@,'aAmanuwA@,other_prep:lA,لَا,laA,laA,,laA|PRO|STEM|POS:PRO|LEM:laA,يَٰ^أَيُّهَا ٱلَّذِينَ ءَامَنُوا@ لَا تَرْفَعُو^ا@ أَصْوَٰتَكُمْ فَوْقَ
49,6,3,49:6:3,ءَامَنُو^ا@,'aAmanuw^A@,an_clause,إِن,<in,<in,,,يَٰ^أَيُّهَا ٱلَّذِينَ ءَامَنُو^ا@ إِن جَا^ءَكُمْ فَاسِقٌ[ بِنَبَإٍ
49,11,3,49:11:3,ءَامَنُوا@,'aAmanuwA@,other_prep:lA,لَا,laA,laA,,laA|PRO|STEM|POS:PRO|LEM:laA,يَٰ^أَيُّهَا ٱلَّذِينَ ءَامَنُوا@ لَا يَسْخَرْ قَوْمٌ مِّن
49,12,3,49:12:3,ءَامَنُوا@,'aAmanuwA@,bare_or_other,ٱجْتَنِبُوا@,{jotanibuwA@,{jotanabu,jnb,,يَٰ^أَيُّهَا ٱلَّذِينَ ءَامَنُوا@ ٱجْتَنِبُوا@ كَثِيرًا مِّنَ ٱلظَّنِّ
49,14,3,49:14:3,ءَامَنَّا,'aAman~aA,bare_or_other,قُل,qul,qaAla,qwl,,قَالَتِ ٱلْأَعْرَابُ ءَامَنَّا قُل لَّمْ تُؤْمِنُوا@ وَلَٰكِن
49,14,6,49:14:6,تُؤْمِنُوا@,tu&ominuwA@,bare_or_other,وَلَٰكِن,wala`kin,la`kin,,,ٱلْأَعْرَابُ ءَامَنَّا قُل لَّمْ تُؤْمِنُوا@ وَلَٰكِن قُولُو^ا@ أَسْلَمْنَا وَلَمَّا
49,15,4,49:15:4,ءَامَنُوا@,'aAmanuwA@,bi,بِٱللَّهِ,bi{ll~ahi,{ll~ah,Alh,bi|P|PREFIX|bi+,إِنَّمَا ٱلْمُؤْمِنُونَ ٱلَّذِينَ ءَامَنُوا@ بِٱللَّهِ وَرَسُولِهِ. ثُمَّ لَمْ
52,21,2,52:21:2,ءَامَنُوا@,'aAmanuwA@,bare_or_other,وَٱتَّبَعَتْهُمْ,wa{t~abaEatohumo,{t~abaEa,tbE,,وَٱلَّذِينَ ءَامَنُوا@ وَٱتَّبَعَتْهُمْ ذُرِّيَّتُهُم بِإِيمَٰنٍ أَلْحَقْنَا
52,33,6,52:33:6,يُؤْمِنُونَ,yu&ominuwna,verse_final_or_no_next,,,,,,"يَقُولُونَ تَقَوَّلَهُ, بَل لَّا يُؤْمِنُونَ"
53,27,4,53:27:4,يُؤْمِنُونَ,yu&ominuwna,bi,بِٱلْءَاخِرَةِ,bi{lo'aAxirapi,A^xir,Axr,bi|P|PREFIX|bi+,إِنَّ ٱلَّذِينَ لَا يُؤْمِنُونَ بِٱلْءَاخِرَةِ لَيُسَمُّونَ ٱلْمَلَٰ^ئِكَةَ تَسْمِيَةَ
57,7,1,57:7:1,ءَامِنُوا@,'aAminuwA@,bi,بِٱللَّهِ,bi{ll~ahi,{ll~ah,Alh,bi|P|PREFIX|bi+,ءَامِنُوا@ بِٱللَّهِ وَرَسُولِهِ. وَأَنفِقُوا@ مِمَّا
57,7,10,57:7:10,ءَامَنُوا@,'aAmanuwA@,other_prep:mn,مِنكُمْ,minkumo,min,,min|P|STEM|POS:P|LEM:min,جَعَلَكُم مُّسْتَخْلَفِينَ فِيهِ فَٱلَّذِينَ ءَامَنُوا@ مِنكُمْ وَأَنفَقُوا@ لَهُمْ أَجْرٌ
57,8,4,57:8:4,تُؤْمِنُونَ,tu&ominuwna,bi,بِٱللَّهِ,bi{ll~ahi,{ll~ah,Alh,bi|P|PREFIX|bi+,وَمَا لَكُمْ لَا تُؤْمِنُونَ بِٱللَّهِ وَٱلرَّسُولُ يَدْعُوكُمْ لِتُؤْمِنُوا@
57,8,8,57:8:8,لِتُؤْمِنُوا@,litu&ominuwA@,bi,بِرَبِّكُمْ,birab~ikumo,rab~,rbb,bi|P|PREFIX|bi+,تُؤْمِنُونَ بِٱللَّهِ وَٱلرَّسُولُ يَدْعُوكُمْ لِتُؤْمِنُوا@ بِرَبِّكُمْ وَقَدْ أَخَذَ مِيثَٰقَكُمْ
57,13,6,57:13:6,ءَامَنُوا@,'aAmanuwA@,bare_or_other,ٱنظُرُونَا,{nZuruwnaA,n~aZara,nZr,,يَقُولُ ٱلْمُنَٰفِقُونَ وَٱلْمُنَٰفِقَٰتُ لِلَّذِينَ ءَامَنُوا@ ٱنظُرُونَا نَقْتَبِسْ مِن نُّورِكُمْ
57,16,4,57:16:4,ءَامَنُو^ا@,'aAmanuw^A@,an_clause,أَن,>an,>an,,,أَلَمْ يَأْنِ لِلَّذِينَ ءَامَنُو^ا@ أَن تَخْشَعَ قُلُوبُهُمْ لِذِكْرِ
57,19,2,57:19:2,ءَامَنُوا@,'aAmanuwA@,bi,بِٱللَّهِ,bi{ll~ahi,{ll~ah,Alh,bi|P|PREFIX|bi+,وَٱلَّذِينَ ءَامَنُوا@ بِٱللَّهِ وَرُسُلِهِ.^ أُو@لَٰ^ئِكَ هُمُ
57,21,13,57:21:13,ءَامَنُوا@,'aAmanuwA@,bi,بِٱللَّهِ,bi{ll~ahi,{ll~ah,Alh,bi|P|PREFIX|bi+,ٱلسَّمَا^ءِ وَٱلْأَرْضِ أُعِدَّتْ لِلَّذِينَ ءَامَنُوا@ بِٱللَّهِ وَرُسُلِهِ. ذَٰلِكَ فَضْلُ
57,27,34,57:27:34,ءَامَنُوا@,'aAmanuwA@,other_prep:mn,مِنْهُمْ,minohumo,min,,mino|P|STEM|POS:P|LEM:min,حَقَّ رِعَايَتِهَا فَـ#َاتَيْنَا ٱلَّذِينَ ءَامَنُوا@ مِنْهُمْ أَجْرَهُمْ وَكَثِيرٌ مِّنْهُمْ
57,28,3,57:28:3,ءَامَنُوا@,'aAmanuwA@,bare_or_other,ٱتَّقُوا@,{t~aquwA@,{t~aqaY`,wqy,,يَٰ^أَيُّهَا ٱلَّذِينَ ءَامَنُوا@ ٱتَّقُوا@ ٱللَّهَ وَءَامِنُوا@ بِرَسُولِهِ.
57,28,6,57:28:6,وَءَامِنُوا@,wa'aAminuwA@,bi,بِرَسُولِهِ.,birasuwlihi.,rasuwl,rsl,bi|P|PREFIX|bi+,ٱلَّذِينَ ءَامَنُوا@ ٱتَّقُوا@ ٱللَّهَ وَءَامِنُوا@ بِرَسُولِهِ. يُؤْتِكُمْ كِفْلَيْنِ مِن
58,4,18,58:4:18,لِتُؤْمِنُوا@,litu&ominuwA@,bi,بِٱللَّهِ,bi{ll~ahi,{ll~ah,Alh,bi|P|PREFIX|bi+,فَإِطْعَامُ سِتِّينَ مِسْكِينًا ذَٰلِكَ لِتُؤْمِنُوا@ بِٱللَّهِ وَرَسُولِهِ. وَتِلْكَ حُدُودُ
58,9,3,58:9:3,ءَامَنُو^ا@,'aAmanuw^A@,bare_or_other,إِذَا,<i*aA,<i*aA,,,يَٰ^أَيُّهَا ٱلَّذِينَ ءَامَنُو^ا@ إِذَا تَنَٰجَيْتُمْ فَلَا تَتَنَٰجَوْا@
58,10,7,58:10:7,ءَامَنُوا@,'aAmanuwA@,bare_or_other,وَلَيْسَ,walayosa,l~ayosa,lys,,مِنَ ٱلشَّيْطَٰنِ لِيَحْزُنَ ٱلَّذِينَ ءَامَنُوا@ وَلَيْسَ بِضَا^رِّهِمْ شَيْـ#ًا إِلَّا
58,11,3,58:11:3,ءَامَنُو^ا@,'aAmanuw^A@,bare_or_other,إِذَا,<i*aA,<i*aA,,,يَٰ^أَيُّهَا ٱلَّذِينَ ءَامَنُو^ا@ إِذَا قِيلَ لَكُمْ تَفَسَّحُوا@
58,11,21,58:11:21,ءَامَنُوا@,'aAmanuwA@,other_prep:mn,مِنكُمْ,minkumo,min,,min|P|STEM|POS:P|LEM:min,فَٱنشُزُوا@ يَرْفَعِ ٱللَّهُ ٱلَّذِينَ ءَامَنُوا@ مِنكُمْ وَٱلَّذِينَ أُوتُوا@ ٱلْعِلْمَ
58,12,3,58:12:3,ءَامَنُو^ا@,'aAmanuw^A@,bare_or_other,إِذَا,<i*aA,<i*aA,,,يَٰ^أَيُّهَا ٱلَّذِينَ ءَامَنُو^ا@ إِذَا نَٰجَيْتُمُ ٱلرَّسُولَ فَقَدِّمُوا@
58,22,4,58:22:4,يُؤْمِنُونَ,yu&ominuwna,bi,بِٱللَّهِ,bi{ll~ahi,{ll~ah,Alh,bi|P|PREFIX|bi+,لَّا تَجِدُ قَوْمًا يُؤْمِنُونَ بِٱللَّهِ وَٱلْيَوْمِ ٱلْءَاخِرِ يُوَا^دُّونَ
59,10,19,59:10:19,ءَامَنُوا@,'aAmanuwA@,bare_or_other,رَبَّنَا^,rab~anaA^,rab~,rbb,,فِى قُلُوبِنَا غِلًّا لِّلَّذِينَ ءَامَنُوا@ رَبَّنَا^ إِنَّكَ رَءُوفٌ رَّحِيمٌ
59,18,3,59:18:3,ءَامَنُوا@,'aAmanuwA@,bare_or_other,ٱتَّقُوا@,{t~aquwA@,{t~aqaY`,wqy,,يَٰ^أَيُّهَا ٱلَّذِينَ ءَامَنُوا@ ٱتَّقُوا@ ٱللَّهَ وَلْتَنظُرْ نَفْسٌ
60,1,3,60:1:3,ءَامَنُوا@,'aAmanuwA@,other_prep:lA,لَا,laA,laA,,laA|PRO|STEM|POS:PRO|LEM:laA,يَٰ^أَيُّهَا ٱلَّذِينَ ءَامَنُوا@ لَا تَتَّخِذُوا@ عَدُوِّى وَعَدُوَّكُمْ
60,1,22,60:1:22,تُؤْمِنُوا@,tu&ominuwA@,bi,بِٱللَّهِ,bi{ll~ahi,{ll~ah,Alh,bi|P|PREFIX|bi+,يُخْرِجُونَ ٱلرَّسُولَ وَإِيَّاكُمْ أَن تُؤْمِنُوا@ بِٱللَّهِ رَبِّكُمْ إِن كُنتُمْ
60,4,30,60:4:30,تُؤْمِنُوا@,tu&ominuwA@,bi,بِٱللَّهِ,bi{ll~ahi,{ll~ah,Alh,bi|P|PREFIX|bi+,"ٱلْعَدَٰوَةُ وَٱلْبَغْضَا^ءُ أَبَدًا حَتَّىٰ تُؤْمِنُوا@ بِٱللَّهِ وَحْدَهُ,^ إِلَّا قَوْلَ"
60,10,3,60:10:3,ءَامَنُو^ا@,'aAmanuw^A@,bare_or_other,إِذَا,<i*aA,<i*aA,,,يَٰ^أَيُّهَا ٱلَّذِينَ ءَامَنُو^ا@ إِذَا جَا^ءَكُمُ ٱلْمُؤْمِنَٰتُ مُهَٰجِرَٰتٍ
60,13,3,60:13:3,ءَامَنُوا@,'aAmanuwA@,other_prep:lA,لَا,laA,laA,,laA|PRO|STEM|POS:PRO|LEM:laA,يَٰ^أَيُّهَا ٱلَّذِينَ ءَامَنُوا@ لَا تَتَوَلَّوْا@ قَوْمًا غَضِبَ
61,2,3,61:2:3,ءَامَنُوا@,'aAmanuwA@,li,لِمَ,lima,maA,,li|P|PREFIX|l:P+,يَٰ^أَيُّهَا ٱلَّذِينَ ءَامَنُوا@ لِمَ تَقُولُونَ مَا لَا
61,10,3,61:10:3,ءَامَنُوا@,'aAmanuwA@,bare_or_other,هَلْ,halo,hal,,,يَٰ^أَيُّهَا ٱلَّذِينَ ءَامَنُوا@ هَلْ أَدُلُّكُمْ عَلَىٰ تِجَٰرَةٍ
61,11,1,61:11:1,تُؤْمِنُونَ,tu&ominuwna,bi,بِٱللَّهِ,bi{ll~ahi,{ll~ah,Alh,bi|P|PREFIX|bi+,تُؤْمِنُونَ بِٱللَّهِ وَرَسُولِهِ. وَتُجَٰهِدُونَ فِى
61,14,3,61:14:3,ءَامَنُوا@,'aAmanuwA@,bare_or_other,كُونُو^ا@,kuwnuw^A@,kaAna,kwn,,يَٰ^أَيُّهَا ٱلَّذِينَ ءَامَنُوا@ كُونُو^ا@ أَنصَارَ ٱللَّهِ كَمَا
61,14,22,61:14:22,فَـ#َامَنَت,fa_#aAmanat,bare_or_other,طَّا^ئِفَةٌ,T~aA^}ifapN,TaA^}ifap,Twf,,ٱلْحَوَارِيُّونَ نَحْنُ أَنصَارُ ٱللَّهِ فَـ#َامَنَت طَّا^ئِفَةٌ مِّن[ بَنِى^ إِسْرَٰ^ءِيلَ
61,14,31,61:14:31,ءَامَنُوا@,'aAmanuwA@,other_prep:ElY,عَلَىٰ,EalaY`,EalaY`,,EalaY`|P|STEM|POS:P|LEM:EalaY`,وَكَفَرَت طَّا^ئِفَةٌ فَأَيَّدْنَا ٱلَّذِينَ ءَامَنُوا@ عَلَىٰ عَدُوِّهِمْ فَأَصْبَحُوا@ ظَٰهِرِينَ
62,9,3,62:9:3,ءَامَنُو^ا@,'aAmanuw^A@,bare_or_other,إِذَا,<i*aA,<i*aA,,,يَٰ^أَيُّهَا ٱلَّذِينَ ءَامَنُو^ا@ إِذَا نُودِىَ لِلصَّلَوٰةِ مِن
63,3,3,63:3:3,ءَامَنُوا@,'aAmanuwA@,bare_or_other,ثُمَّ,vum~a,vum~,,,ذَٰلِكَ بِأَنَّهُمْ ءَامَنُوا@ ثُمَّ كَفَرُوا@ فَطُبِعَ عَلَىٰ
63,9,3,63:9:3,ءَامَنُوا@,'aAmanuwA@,other_prep:lA,لَا,laA,laA,,laA|PRO|STEM|POS:PRO|LEM:laA,يَٰ^أَيُّهَا ٱلَّذِينَ ءَامَنُوا@ لَا تُلْهِكُمْ أَمْوَٰلُكُمْ وَلَا^
64,8,1,64:8:1,فَـ#َامِنُوا@,fa_#aAminuwA@,bi,بِٱللَّهِ,bi{ll~ahi,{ll~ah,Alh,bi|P|PREFIX|bi+,فَـ#َامِنُوا@ بِٱللَّهِ وَرَسُولِهِ. وَٱلنُّورِ ٱلَّذِى^
64,9,9,64:9:9,يُؤْمِن[,yu&omin[,bi,بِٱللَّهِ,bi{ll~ahi,{ll~ah,Alh,bi|P|PREFIX|bi+,ذَٰلِكَ يَوْمُ ٱلتَّغَابُنِ وَمَن يُؤْمِن[ بِٱللَّهِ وَيَعْمَلْ صَٰلِحًا يُكَفِّرْ
64,11,9,64:11:9,يُؤْمِن[,yu&omin[,bi,بِٱللَّهِ,bi{ll~ahi,{ll~ah,Alh,bi|P|PREFIX|bi+,"إِلَّا بِإِذْنِ ٱللَّهِ وَمَن يُؤْمِن[ بِٱللَّهِ يَهْدِ قَلْبَهُ, وَٱللَّهُ"
64,14,3,64:14:3,ءَامَنُو^ا@,'aAmanuw^A@,an_clause,إِنَّ,<in~a,<in~,,,يَٰ^أَيُّهَا ٱلَّذِينَ ءَامَنُو^ا@ إِنَّ مِنْ أَزْوَٰجِكُمْ وَأَوْلَٰدِكُمْ
65,2,21,65:2:21,يُؤْمِنُ,yu&ominu,bi,بِٱللَّهِ,bi{ll~ahi,{ll~ah,Alh,bi|P|PREFIX|bi+,يُوعَظُ بِهِ. مَن كَانَ يُؤْمِنُ بِٱللَّهِ وَٱلْيَوْمِ ٱلْءَاخِرِ وَمَن
65,10,11,65:10:11,ءَامَنُوا@,'aAmanuwA@,bare_or_other,قَدْ,qado,qad,,,ٱللَّهَ يَٰ^أُو@لِى ٱلْأَلْبَٰبِ ٱلَّذِينَ ءَامَنُوا@ قَدْ أَنزَلَ ٱللَّهُ إِلَيْكُمْ
65,11,9,65:11:9,ءَامَنُوا@,'aAmanuwA@,bare_or_other,وَعَمِلُوا@,waEamiluwA@,Eamila,Eml,,ٱللَّهِ مُبَيِّنَٰتٍ لِّيُخْرِجَ ٱلَّذِينَ ءَامَنُوا@ وَعَمِلُوا@ ٱلصَّٰلِحَٰتِ مِنَ ٱلظُّلُمَٰتِ
65,11,17,65:11:17,يُؤْمِن[,yu&omin[,bi,بِٱللَّهِ,bi{ll~ahi,{ll~ah,Alh,bi|P|PREFIX|bi+,ٱلظُّلُمَٰتِ إِلَى ٱلنُّورِ وَمَن يُؤْمِن[ بِٱللَّهِ وَيَعْمَلْ صَٰلِحًا يُدْخِلْهُ
66,6,3,66:6:3,ءَامَنُوا@,'aAmanuwA@,bare_or_other,قُو^ا@,quw^A@,waqaY`,wqy,,يَٰ^أَيُّهَا ٱلَّذِينَ ءَامَنُوا@ قُو^ا@ أَنفُسَكُمْ وَأَهْلِيكُمْ نَارًا
66,8,3,66:8:3,ءَامَنُوا@,'aAmanuwA@,bare_or_other,تُوبُو^ا@,tuwbuw^A@,taAba,twb,,يَٰ^أَيُّهَا ٱلَّذِينَ ءَامَنُوا@ تُوبُو^ا@ إِلَى ٱللَّهِ تَوْبَةً
66,8,27,66:8:27,ءَامَنُوا@,'aAmanuwA@,bare_or_other,"مَعَهُ,","maEahu,",maE,,,"يُخْزِى ٱللَّهُ ٱلنَّبِىَّ وَٱلَّذِينَ ءَامَنُوا@ مَعَهُ, نُورُهُمْ يَسْعَىٰ بَيْنَ"
66,11,5,66:11:5,ءَامَنُوا@,'aAmanuwA@,bare_or_other,ٱمْرَأَتَ,{mora>ata,{mora>at,mrA,,وَضَرَبَ ٱللَّهُ مَثَلًا لِّلَّذِينَ ءَامَنُوا@ ٱمْرَأَتَ فِرْعَوْنَ إِذْ قَالَتْ
67,29,4,67:29:4,ءَامَنَّا,'aAman~aA,bi,بِهِ.,bihi.,,,bi|P|PREFIX|bi+,قُلْ هُوَ ٱلرَّحْمَٰنُ ءَامَنَّا بِهِ. وَعَلَيْهِ تَوَكَّلْنَا فَسَتَعْلَمُونَ
69,33,4,69:33:4,يُؤْمِنُ,yu&ominu,bi,بِٱللَّهِ,bi{ll~ahi,{ll~ah,Alh,bi|P|PREFIX|bi+,"إِنَّهُ, كَانَ لَا يُؤْمِنُ بِٱللَّهِ ٱلْعَظِيمِ"
69,41,7,69:41:7,تُؤْمِنُونَ,tu&ominuwna,verse_final_or_no_next,,,,,,بِقَوْلِ شَاعِرٍ قَلِيلًا مَّا تُؤْمِنُونَ
72,2,4,72:2:4,فَـ#َامَنَّا,fa_#aAman~aA,bi,بِهِ.,bihi.,,,bi|P|PREFIX|bi+,يَهْدِى^ إِلَى ٱلرُّشْدِ فَـ#َامَنَّا بِهِ. وَلَن نُّشْرِكَ بِرَبِّنَا^
72,13,5,72:13:5,ءَامَنَّا,'aAman~aA,bi,بِهِ.,bihi.,,,bi|P|PREFIX|bi+,وَأَنَّا لَمَّا سَمِعْنَا ٱلْهُدَىٰ^ ءَامَنَّا بِهِ. فَمَن يُؤْمِن[ بِرَبِّهِ.
72,13,8,72:13:8,يُؤْمِن[,yu&omin[,bi,بِرَبِّهِ.,birab~ihi.,rab~,rbb,bi|P|PREFIX|bi+,ٱلْهُدَىٰ^ ءَامَنَّا بِهِ. فَمَن يُؤْمِن[ بِرَبِّهِ. فَلَا يَخَافُ بَخْسًا
74,31,20,74:31:20,ءَامَنُو^ا@,'aAmanuw^A@,bare_or_other,إِيمَٰنًا,<iyma`nFA,<iyma`n,Amn,,أُوتُوا@ ٱلْكِتَٰبَ وَيَزْدَادَ ٱلَّذِينَ ءَامَنُو^ا@ إِيمَٰنًا وَلَا يَرْتَابَ ٱلَّذِينَ
77,50,4,77:50:4,يُؤْمِنُونَ,yu&ominuwna,verse_final_or_no_next,,,,,,"فَبِأَىِّ حَدِيثٍ] بَعْدَهُ, يُؤْمِنُونَ"
83,29,7,83:29:7,ءَامَنُوا@,'aAmanuwA@,bare_or_other,يَضْحَكُونَ,yaDoHakuwna,DaHikato,DHk,,أَجْرَمُوا@ كَانُوا@ مِنَ ٱلَّذِينَ ءَامَنُوا@ يَضْحَكُونَ
83,34,3,83:34:3,ءَامَنُوا@,'aAmanuwA@,other_prep:mn,مِنَ,mina,min,,mina|P|STEM|POS:P|LEM:min,فَٱلْيَوْمَ ٱلَّذِينَ ءَامَنُوا@ مِنَ ٱلْكُفَّارِ يَضْحَكُونَ
84,20,4,84:20:4,يُؤْمِنُونَ,yu&ominuwna,verse_final_or_no_next,,,,,,فَمَا لَهُمْ لَا يُؤْمِنُونَ
84,25,3,84:25:3,ءَامَنُوا@,'aAmanuwA@,bare_or_other,وَعَمِلُوا@,waEamiluwA@,Eamila,Eml,,إِلَّا ٱلَّذِينَ ءَامَنُوا@ وَعَمِلُوا@ ٱلصَّٰلِحَٰتِ لَهُمْ أَجْرٌ
85,8,6,85:8:6,يُؤْمِنُوا@,yu&ominuwA@,bi,بِٱللَّهِ,bi{ll~ahi,{ll~ah,Alh,bi|P|PREFIX|bi+,نَقَمُوا@ مِنْهُمْ إِلَّا^ أَن يُؤْمِنُوا@ بِٱللَّهِ ٱلْعَزِيزِ ٱلْحَمِيدِ
85,11,3,85:11:3,ءَامَنُوا@,'aAmanuwA@,bare_or_other,وَعَمِلُوا@,waEamiluwA@,Eamila,Eml,,إِنَّ ٱلَّذِينَ ءَامَنُوا@ وَعَمِلُوا@ ٱلصَّٰلِحَٰتِ لَهُمْ جَنَّٰتٌ
90,17,5,90:17:5,ءَامَنُوا@,'aAmanuwA@,bare_or_other,وَتَوَاصَوْا@,watawaASawoA@,tawaASa,wSy,,ثُمَّ كَانَ مِنَ ٱلَّذِينَ ءَامَنُوا@ وَتَوَاصَوْا@ بِٱلصَّبْرِ وَتَوَاصَوْا@ بِٱلْمَرْحَمَةِ
95,6,3,95:6:3,ءَامَنُوا@,'aAmanuwA@,bare_or_other,وَعَمِلُوا@,waEamiluwA@,Eamila,Eml,,إِلَّا ٱلَّذِينَ ءَامَنُوا@ وَعَمِلُوا@ ٱلصَّٰلِحَٰتِ فَلَهُمْ أَجْرٌ
98,7,3,98:7:3,ءَامَنُوا@,'aAmanuwA@,bare_or_other,وَعَمِلُوا@,waEamiluwA@,Eamila,Eml,,إِنَّ ٱلَّذِينَ ءَامَنُوا@ وَعَمِلُوا@ ٱلصَّٰلِحَٰتِ أُو@لَٰ^ئِكَ هُمْ
103,3,3,103:3:3,ءَامَنُوا@,'aAmanuwA@,bare_or_other,وَعَمِلُوا@,waEamiluwA@,Eamila,Eml,,إِلَّا ٱلَّذِينَ ءَامَنُوا@ وَعَمِلُوا@ ٱلصَّٰلِحَٰتِ وَتَوَاصَوْا@ بِٱلْحَقِّ
106,4,5,106:4:5,وَءَامَنَهُم,wa'aAmanahum,other_prep:mn,مِّنْ,m~ino,min,,m~ino|P|STEM|POS:P|LEM:min,ٱلَّذِى^ أَطْعَمَهُم مِّن جُوعٍ وَءَامَنَهُم مِّنْ خَوْفٍ]
